0 verbose cli C:\Program Files\nodejs\node.exe C:\Program Files\nodejs\node_modules\npm\bin\npm-cli.js
1 info using npm@11.19.0
2 info using node@v24.20.0
3 silly config load:file:C:\Program Files\nodejs\node_modules\npm\npmrc
4 silly config load:file:C:\Users\tarrs\Documents\Codex\2026-09-08\build-x20\frontend\.npmrc
5 silly config load:file:C:\Users\tarrs\.npmrc
6 silly config load:file:C:\Users\tarrs\AppData\Roaming\npm\etc\npmrc
7 verbose title npm install
8 verbose argv "install" "--cache" ".npm-cache"
9 verbose logfile logs-max:10 dir:C:\Users\tarrs\Documents\Codex\2026-09-08\build-x20\frontend\.npm-cache\_logs\2026-09-08T16_27_31_802Z-
10 verbose logfile C:\Users\tarrs\Documents\Codex\2026-09-08\build-x20\frontend\.npm-cache\_logs\2026-09-08T16_27_31_802Z-debug-0.log
11 silly logfile done cleaning log files
12 silly packumentCache heap:4496293888 maxSize:1124073472 maxEntrySize:562036736
13 silly idealTree buildDeps
14 silly fetch manifest @tailwindcss/postcss@^4.0.0
15 silly packumentCache full:https://registry.npmjs.org/@tailwindcss%2fpostcss cache-miss
16 http fetch GET 200 https://registry.npmjs.org/@tailwindcss%2fpostcss 503ms (cache miss)
17 silly packumentCache full:https://registry.npmjs.org/@tailwindcss%2fpostcss set size:undefined disposed:false
18 silly fetch manifest next@^15.1.6
19 silly packumentCache full:https://registry.npmjs.org/next cache-miss
20 http fetch GET 200 https://registry.npmjs.org/npm 567ms
21 http fetch GET 200 https://registry.npmjs.org/next 871ms (cache miss)
22 silly packumentCache full:https://registry.npmjs.org/next set size:undefined disposed:false
23 silly fetch manifest @opentelemetry/api@^1.1.0
24 silly packumentCache full:https://registry.npmjs.org/@opentelemetry%2fapi cache-miss
25 http fetch GET 200 https://registry.npmjs.org/@opentelemetry%2fapi 397ms (cache miss)
26 silly packumentCache full:https://registry.npmjs.org/@opentelemetry%2fapi set size:undefined disposed:false
27 silly fetch manifest @playwright/test@^1.51.1
28 silly packumentCache full:https://registry.npmjs.org/@playwright%2ftest cache-miss
29 http fetch GET 200 https://registry.npmjs.org/@playwright%2ftest 584ms (cache miss)
30 silly packumentCache full:https://registry.npmjs.org/@playwright%2ftest set size:undefined disposed:false
31 silly fetch manifest babel-plugin-react-compiler@*
32 silly packumentCache full:https://registry.npmjs.org/babel-plugin-react-compiler cache-miss
33 http fetch GET 200 https://registry.npmjs.org/babel-plugin-react-compiler 216ms (cache miss)
34 silly packumentCache full:https://registry.npmjs.org/babel-plugin-react-compiler set size:undefined disposed:false
35 silly fetch manifest react@^19.0.0
36 silly packumentCache full:https://registry.npmjs.org/react cache-miss
37 http fetch GET 200 https://registry.npmjs.org/react 372ms (cache miss)
38 silly packumentCache full:https://registry.npmjs.org/react set size:undefined disposed:false
39 silly fetch manifest react-dom@^19.0.0
40 silly packumentCache full:https://registry.npmjs.org/react-dom cache-miss
41 http fetch GET 200 https://registry.npmjs.org/react-dom 400ms (cache miss)
42 silly packumentCache full:https://registry.npmjs.org/react-dom set size:undefined disposed:false
43 silly fetch manifest sass@^1.3.0
44 silly packumentCache full:https://registry.npmjs.org/sass cache-miss
45 http fetch GET 200 https://registry.npmjs.org/sass 533ms (cache miss)
46 silly packumentCache full:https://registry.npmjs.org/sass set size:undefined disposed:false
47 silly fetch manifest tailwindcss@^4.0.0
48 silly packumentCache full:https://registry.npmjs.org/tailwindcss cache-miss
49 http fetch GET 200 https://registry.npmjs.org/tailwindcss 538ms (cache miss)
50 silly packumentCache full:https://registry.npmjs.org/tailwindcss set size:undefined disposed:false
51 silly fetch manifest @types/node@^22
52 silly packumentCache full:https://registry.npmjs.org/@types%2fnode cache-miss
53 http fetch GET 200 https://registry.npmjs.org/@types%2fnode 471ms (cache miss)
54 silly packumentCache full:https://registry.npmjs.org/@types%2fnode set size:undefined disposed:false
55 silly fetch manifest @types/react@^19
56 silly packumentCache full:https://registry.npmjs.org/@types%2freact cache-miss
57 http fetch GET 200 https://registry.npmjs.org/@types%2freact 592ms (cache miss)
58 silly packumentCache full:https://registry.npmjs.org/@types%2freact set size:undefined disposed:false
59 silly fetch manifest @types/react-dom@^19
60 silly packumentCache full:https://registry.npmjs.org/@types%2freact-dom cache-miss
61 http fetch GET 200 https://registry.npmjs.org/@types%2freact-dom 75ms (cache miss)
62 silly packumentCache full:https://registry.npmjs.org/@types%2freact-dom set size:undefined disposed:false
63 silly fetch manifest typescript@^5.7.3
64 silly packumentCache full:https://registry.npmjs.org/typescript cache-miss
65 http fetch GET 200 https://registry.npmjs.org/typescript 1577ms (cache miss)
66 silly packumentCache full:https://registry.npmjs.org/typescript set size:undefined disposed:false
67 silly fetch manifest eslint@^9.18.0
68 silly packumentCache full:https://registry.npmjs.org/eslint cache-miss
69 http fetch GET 200 https://registry.npmjs.org/eslint 144ms (cache miss)
70 silly packumentCache full:https://registry.npmjs.org/eslint set size:undefined disposed:false
71 silly fetch manifest jiti@*
72 silly packumentCache full:https://registry.npmjs.org/jiti cache-miss
73 http fetch GET 200 https://registry.npmjs.org/jiti 629ms (cache miss)
74 silly packumentCache full:https://registry.npmjs.org/jiti set size:undefined disposed:false
75 silly fetch manifest eslint-config-next@^15.1.6
76 silly packumentCache full:https://registry.npmjs.org/eslint-config-next cache-miss
77 http fetch GET 200 https://registry.npmjs.org/eslint-config-next 348ms (cache miss)
78 silly packumentCache full:https://registry.npmjs.org/eslint-config-next set size:undefined disposed:false
79 silly placeDep ROOT @tailwindcss/postcss@4.3.3 OK for:  want: ^4.0.0
80 silly placeDep ROOT @types/node@22.20.1 OK for:  want: ^22
81 silly placeDep ROOT @types/react@19.2.18 OK for:  want: ^19
82 silly placeDep ROOT @types/react-dom@19.2.7 OK for:  want: ^19
83 silly placeDep ROOT eslint@9.39.5 OK for:  want: ^9.18.0
84 silly placeDep ROOT eslint-config-next@15.5.25 OK for:  want: ^15.1.6
85 silly placeDep ROOT next@15.5.25 OK for:  want: ^15.1.6
86 silly placeDep ROOT react@19.2.8 OK for: next@15.5.25 want: ^18.2.0 || 19.0.0-rc-de68d2f4-20241204 || ^19.0.0
87 silly placeDep ROOT react-dom@19.2.8 OK for: next@15.5.25 want: ^18.2.0 || 19.0.0-rc-de68d2f4-20241204 || ^19.0.0
88 silly placeDep ROOT tailwindcss@4.3.3 OK for:  want: ^4.0.0
89 silly placeDep ROOT typescript@5.9.3 OK for:  want: ^5.7.3
90 silly fetch manifest postcss@^8.5.16
91 silly packumentCache full:https://registry.npmjs.org/postcss cache-miss
92 silly fetch manifest tailwindcss@4.3.3
93 silly packumentCache full:https://registry.npmjs.org/tailwindcss cache-miss
94 silly fetch manifest @alloc/quick-lru@^5.2.0
95 silly packumentCache full:https://registry.npmjs.org/@alloc%2fquick-lru cache-miss
96 silly fetch manifest @tailwindcss/node@4.3.3
97 silly packumentCache full:https://registry.npmjs.org/@tailwindcss%2fnode cache-miss
98 silly fetch manifest @tailwindcss/oxide@4.3.3
99 silly packumentCache full:https://registry.npmjs.org/@tailwindcss%2foxide cache-miss
100 silly fetch manifest undici-types@~6.21.0
101 silly packumentCache full:https://registry.npmjs.org/undici-types cache-miss
102 silly fetch manifest csstype@^3.2.2
103 silly packumentCache full:https://registry.npmjs.org/csstype cache-miss
104 silly fetch manifest ajv@^6.14.0
105 silly packumentCache full:https://registry.npmjs.org/ajv cache-miss
106 silly fetch manifest chalk@^4.0.0
107 silly packumentCache full:https://registry.npmjs.org/chalk cache-miss
108 silly fetch manifest debug@^4.3.2
109 silly packumentCache full:https://registry.npmjs.org/debug cache-miss
110 silly fetch manifest espree@^10.4.0
111 silly packumentCache full:https://registry.npmjs.org/espree cache-miss
112 silly fetch manifest ignore@^5.2.0
113 silly packumentCache full:https://registry.npmjs.org/ignore cache-miss
114 silly fetch manifest esquery@^1.5.0
115 silly packumentCache full:https://registry.npmjs.org/esquery cache-miss
116 http cache https://registry.npmjs.org/tailwindcss 137ms (cache hit)
117 silly packumentCache full:https://registry.npmjs.org/tailwindcss set size:10879261 disposed:false
118 silly fetch manifest esutils@^2.0.2
119 silly packumentCache full:https://registry.npmjs.org/esutils cache-miss
120 http fetch GET 200 https://registry.npmjs.org/@alloc%2fquick-lru 315ms (cache miss)
121 silly packumentCache full:https://registry.npmjs.org/@alloc%2fquick-lru set size:undefined disposed:false
122 silly fetch manifest find-up@^5.0.0
123 silly packumentCache full:https://registry.npmjs.org/find-up cache-miss
124 http fetch GET 200 https://registry.npmjs.org/esutils 98ms (cache miss)
125 silly packumentCache full:https://registry.npmjs.org/esutils set size:undefined disposed:false
126 silly fetch manifest is-glob@^4.0.0
127 silly packumentCache full:https://registry.npmjs.org/is-glob cache-miss
128 http fetch GET 200 https://registry.npmjs.org/postcss 378ms (cache miss)
129 silly packumentCache full:https://registry.npmjs.org/postcss set size:undefined disposed:false
130 silly fetch manifest minimatch@^3.1.5
131 silly packumentCache full:https://registry.npmjs.org/minimatch cache-miss
132 http fetch GET 200 https://registry.npmjs.org/esquery 411ms (cache miss)
133 silly packumentCache full:https://registry.npmjs.org/esquery set size:undefined disposed:false
134 silly fetch manifest @eslint/js@9.39.5
135 silly packumentCache full:https://registry.npmjs.org/@eslint%2fjs cache-miss
136 http fetch GET 200 https://registry.npmjs.org/find-up 117ms (cache miss)
137 silly packumentCache full:https://registry.npmjs.org/find-up set size:undefined disposed:false
138 silly fetch manifest optionator@^0.9.3
139 silly packumentCache full:https://registry.npmjs.org/optionator cache-miss
140 http fetch GET 200 https://registry.npmjs.org/chalk 437ms (cache miss)
141 silly packumentCache full:https://registry.npmjs.org/chalk set size:undefined disposed:false
142 silly fetch manifest cross-spawn@^7.0.6
143 silly packumentCache full:https://registry.npmjs.org/cross-spawn cache-miss
144 http fetch GET 200 https://registry.npmjs.org/is-glob 110ms (cache miss)
145 silly packumentCache full:https://registry.npmjs.org/is-glob set size:undefined disposed:false
146 silly fetch manifest glob-parent@^6.0.2
147 silly packumentCache full:https://registry.npmjs.org/glob-parent cache-miss
148 http fetch GET 200 https://registry.npmjs.org/undici-types 460ms (cache miss)
149 silly packumentCache full:https://registry.npmjs.org/undici-types set size:undefined disposed:false
150 silly fetch manifest imurmurhash@^0.1.4
151 silly packumentCache full:https://registry.npmjs.org/imurmurhash cache-miss
152 http fetch GET 200 https://registry.npmjs.org/debug 476ms (cache miss)
153 silly packumentCache full:https://registry.npmjs.org/debug set size:undefined disposed:false
154 silly fetch manifest @eslint/core@^0.17.0
155 silly packumentCache full:https://registry.npmjs.org/@eslint%2fcore cache-miss
156 http fetch GET 200 https://registry.npmjs.org/espree 494ms (cache miss)
157 silly packumentCache full:https://registry.npmjs.org/espree set size:undefined disposed:false
158 silly fetch manifest eslint-scope@^8.4.0
159 silly packumentCache full:https://registry.npmjs.org/eslint-scope cache-miss
160 http fetch GET 200 https://registry.npmjs.org/ignore 523ms (cache miss)
161 silly packumentCache full:https://registry.npmjs.org/ignore set size:undefined disposed:false
162 silly fetch manifest lodash.merge@^4.6.2
163 silly packumentCache full:https://registry.npmjs.org/lodash.merge cache-miss
164 http fetch GET 200 https://registry.npmjs.org/csstype 558ms (cache miss)
165 silly packumentCache full:https://registry.npmjs.org/csstype set size:undefined disposed:false
166 silly fetch manifest @humanfs/node@^0.16.6
167 silly packumentCache full:https://registry.npmjs.org/@humanfs%2fnode cache-miss
168 http fetch GET 200 https://registry.npmjs.org/imurmurhash 112ms (cache miss)
169 silly packumentCache full:https://registry.npmjs.org/imurmurhash set size:undefined disposed:false
170 silly fetch manifest @types/estree@^1.0.6
171 silly packumentCache full:https://registry.npmjs.org/@types%2festree cache-miss
172 http fetch GET 200 https://registry.npmjs.org/glob-parent 129ms (cache miss)
173 silly packumentCache full:https://registry.npmjs.org/glob-parent set size:undefined disposed:false
174 silly fetch manifest fast-deep-equal@^3.1.3
175 silly packumentCache full:https://registry.npmjs.org/fast-deep-equal cache-miss
176 http fetch GET 200 https://registry.npmjs.org/cross-spawn 152ms (cache miss)
177 silly packumentCache full:https://registry.npmjs.org/cross-spawn set size:undefined disposed:false
178 silly fetch manifest natural-compare@^1.4.0
179 silly packumentCache full:https://registry.npmjs.org/natural-compare cache-miss
180 http fetch GET 200 https://registry.npmjs.org/optionator 172ms (cache miss)
181 silly packumentCache full:https://registry.npmjs.org/optionator set size:undefined disposed:false
182 silly fetch manifest @eslint/eslintrc@^3.3.6
183 silly packumentCache full:https://registry.npmjs.org/@eslint%2feslintrc cache-miss
184 http fetch GET 200 https://registry.npmjs.org/@eslint%2fcore 133ms (cache miss)
185 silly packumentCache full:https://registry.npmjs.org/@eslint%2fcore set size:undefined disposed:false
186 silly fetch manifest file-entry-cache@^8.0.0
187 silly packumentCache full:https://registry.npmjs.org/file-entry-cache cache-miss
188 http fetch GET 200 https://registry.npmjs.org/minimatch 240ms (cache miss)
189 silly packumentCache full:https://registry.npmjs.org/minimatch set size:undefined disposed:false
190 silly fetch manifest @eslint/plugin-kit@^0.4.1
191 silly packumentCache full:https://registry.npmjs.org/@eslint%2fplugin-kit cache-miss
192 http fetch GET 200 https://registry.npmjs.org/lodash.merge 113ms (cache miss)
193 silly packumentCache full:https://registry.npmjs.org/lodash.merge set size:undefined disposed:false
194 silly fetch manifest eslint-visitor-keys@^4.2.1
195 silly packumentCache full:https://registry.npmjs.org/eslint-visitor-keys cache-miss
196 http fetch GET 200 https://registry.npmjs.org/ajv 671ms (cache miss)
197 silly packumentCache full:https://registry.npmjs.org/ajv set size:undefined disposed:false
198 silly fetch manifest @eslint/config-array@^0.21.2
199 silly packumentCache full:https://registry.npmjs.org/@eslint%2fconfig-array cache-miss
200 http fetch GET 200 https://registry.npmjs.org/eslint-scope 207ms (cache miss)
201 silly packumentCache full:https://registry.npmjs.org/eslint-scope set size:undefined disposed:false
202 silly fetch manifest @humanwhocodes/retry@^0.4.2
203 silly packumentCache full:https://registry.npmjs.org/@humanwhocodes%2fretry cache-miss
204 http fetch GET 200 https://registry.npmjs.org/fast-deep-equal 138ms (cache miss)
205 silly packumentCache full:https://registry.npmjs.org/fast-deep-equal set size:undefined disposed:false
206 silly fetch manifest escape-string-regexp@^4.0.0
207 silly packumentCache full:https://registry.npmjs.org/escape-string-regexp cache-miss
208 http fetch GET 200 https://registry.npmjs.org/natural-compare 134ms (cache miss)
209 silly packumentCache full:https://registry.npmjs.org/natural-compare set size:undefined disposed:false
210 silly fetch manifest @eslint/config-helpers@^0.4.2
211 silly packumentCache full:https://registry.npmjs.org/@eslint%2fconfig-helpers cache-miss
212 http fetch GET 200 https://registry.npmjs.org/@humanfs%2fnode 176ms (cache miss)
213 silly packumentCache full:https://registry.npmjs.org/@humanfs%2fnode set size:undefined disposed:false
214 silly fetch manifest @eslint-community/regexpp@^4.12.1
215 silly packumentCache full:https://registry.npmjs.org/@eslint-community%2fregexpp cache-miss
216 http fetch GET 200 https://registry.npmjs.org/@types%2festree 167ms (cache miss)
217 silly packumentCache full:https://registry.npmjs.org/@types%2festree set size:undefined disposed:false
218 silly fetch manifest @eslint-community/eslint-utils@^4.8.0
219 silly packumentCache full:https://registry.npmjs.org/@eslint-community%2feslint-utils cache-miss
220 http fetch GET 200 https://registry.npmjs.org/file-entry-cache 135ms (cache miss)
221 silly packumentCache full:https://registry.npmjs.org/file-entry-cache set size:undefined disposed:false
222 silly fetch manifest @humanwhocodes/module-importer@^1.0.1
223 silly packumentCache full:https://registry.npmjs.org/@humanwhocodes%2fmodule-importer cache-miss
224 http fetch GET 200 https://registry.npmjs.org/@eslint%2feslintrc 163ms (cache miss)
225 silly packumentCache full:https://registry.npmjs.org/@eslint%2feslintrc set size:undefined disposed:false
226 silly fetch manifest json-stable-stringify-without-jsonify@^1.0.1
227 silly packumentCache full:https://registry.npmjs.org/json-stable-stringify-without-jsonify cache-miss
228 http fetch GET 200 https://registry.npmjs.org/@eslint%2fplugin-kit 144ms (cache miss)
229 silly packumentCache full:https://registry.npmjs.org/@eslint%2fplugin-kit set size:undefined disposed:false
230 silly fetch manifest eslint-plugin-react@^7.37.0
231 silly packumentCache full:https://registry.npmjs.org/eslint-plugin-react cache-miss
232 http fetch GET 200 https://registry.npmjs.org/eslint-visitor-keys 138ms (cache miss)
233 silly packumentCache full:https://registry.npmjs.org/eslint-visitor-keys set size:undefined disposed:false
234 silly fetch manifest eslint-plugin-import@^2.31.0
235 silly packumentCache full:https://registry.npmjs.org/eslint-plugin-import cache-miss
236 http fetch GET 200 https://registry.npmjs.org/@eslint%2fconfig-array 128ms (cache miss)
237 silly packumentCache full:https://registry.npmjs.org/@eslint%2fconfig-array set size:undefined disposed:false
238 silly fetch manifest eslint-plugin-jsx-a11y@^6.10.0
239 silly packumentCache full:https://registry.npmjs.org/eslint-plugin-jsx-a11y cache-miss
240 http fetch GET 200 https://registry.npmjs.org/escape-string-regexp 104ms (cache miss)
241 silly packumentCache full:https://registry.npmjs.org/escape-string-regexp set size:undefined disposed:false
242 silly fetch manifest @rushstack/eslint-patch@^1.10.3
243 silly packumentCache full:https://registry.npmjs.org/@rushstack%2feslint-patch cache-miss
244 http fetch GET 200 https://registry.npmjs.org/@humanwhocodes%2fretry 121ms (cache miss)
245 silly packumentCache full:https://registry.npmjs.org/@humanwhocodes%2fretry set size:undefined disposed:false
246 silly fetch manifest @next/eslint-plugin-next@15.5.25
247 silly packumentCache full:https://registry.npmjs.org/@next%2feslint-plugin-next cache-miss
248 http fetch GET 200 https://registry.npmjs.org/@eslint%2fconfig-helpers 113ms (cache miss)
249 silly packumentCache full:https://registry.npmjs.org/@eslint%2fconfig-helpers set size:undefined disposed:false
250 silly fetch manifest @typescript-eslint/parser@^5.4.2 || ^6.0.0 || ^7.0.0 || ^8.0.0
251 silly packumentCache full:https://registry.npmjs.org/@typescript-eslint%2fparser cache-miss
252 http fetch GET 200 https://registry.npmjs.org/@eslint-community%2fregexpp 114ms (cache miss)
253 silly packumentCache full:https://registry.npmjs.org/@eslint-community%2fregexpp set size:undefined disposed:false
254 silly fetch manifest eslint-plugin-react-hooks@^5.0.0
255 silly packumentCache full:https://registry.npmjs.org/eslint-plugin-react-hooks cache-miss
256 http fetch GET 200 https://registry.npmjs.org/json-stable-stringify-without-jsonify 97ms (cache miss)
257 silly packumentCache full:https://registry.npmjs.org/json-stable-stringify-without-jsonify set size:undefined disposed:false
258 silly fetch manifest eslint-import-resolver-node@^0.3.6
259 silly packumentCache full:https://registry.npmjs.org/eslint-import-resolver-node cache-miss
260 http fetch GET 200 https://registry.npmjs.org/@eslint-community%2feslint-utils 130ms (cache miss)
261 silly packumentCache full:https://registry.npmjs.org/@eslint-community%2feslint-utils set size:undefined disposed:false
262 silly fetch manifest @typescript-eslint/eslint-plugin@^5.4.2 || ^6.0.0 || ^7.0.0 || ^8.0.0
263 silly packumentCache full:https://registry.npmjs.org/@typescript-eslint%2feslint-plugin cache-miss
264 http fetch GET 200 https://registry.npmjs.org/@eslint%2fjs 479ms (cache miss)
265 silly packumentCache full:https://registry.npmjs.org/@eslint%2fjs set size:undefined disposed:false
266 silly fetch manifest eslint-import-resolver-typescript@^3.5.2
267 silly packumentCache full:https://registry.npmjs.org/eslint-import-resolver-typescript cache-miss
268 http fetch GET 200 https://registry.npmjs.org/@tailwindcss%2fnode 910ms (cache miss)
269 silly packumentCache full:https://registry.npmjs.org/@tailwindcss%2fnode set size:undefined disposed:false
270 silly fetch manifest postcss@8.4.31
271 silly packumentCache full:https://registry.npmjs.org/postcss cache-miss
272 http fetch GET 200 https://registry.npmjs.org/@humanwhocodes%2fmodule-importer 179ms (cache miss)
273 silly packumentCache full:https://registry.npmjs.org/@humanwhocodes%2fmodule-importer set size:undefined disposed:false
274 silly fetch manifest @next/env@15.5.25
275 silly packumentCache full:https://registry.npmjs.org/@next%2fenv cache-miss
276 http cache https://registry.npmjs.org/postcss 33ms (cache hit)
277 silly packumentCache full:https://registry.npmjs.org/postcss set size:766699 disposed:false
278 silly fetch manifest styled-jsx@5.1.6
279 silly packumentCache full:https://registry.npmjs.org/styled-jsx cache-miss
280 http fetch GET 200 https://registry.npmjs.org/eslint-plugin-jsx-a11y 176ms (cache miss)
281 silly packumentCache full:https://registry.npmjs.org/eslint-plugin-jsx-a11y set size:undefined disposed:false
282 silly fetch manifest @swc/helpers@0.5.15
283 silly packumentCache full:https://registry.npmjs.org/@swc%2fhelpers cache-miss
284 http fetch GET 200 https://registry.npmjs.org/eslint-plugin-import 220ms (cache miss)
285 silly packumentCache full:https://registry.npmjs.org/eslint-plugin-import set size:undefined disposed:false
286 silly fetch manifest caniuse-lite@^1.0.30001579
287 silly packumentCache full:https://registry.npmjs.org/caniuse-lite cache-miss
288 http fetch GET 200 https://registry.npmjs.org/eslint-plugin-react 253ms (cache miss)
289 silly packumentCache full:https://registry.npmjs.org/eslint-plugin-react set size:undefined disposed:false
290 silly fetch manifest sharp@^0.34.3 || ^0.35.4
291 silly packumentCache full:https://registry.npmjs.org/sharp cache-miss
292 http fetch GET 200 https://registry.npmjs.org/@tailwindcss%2foxide 1091ms (cache miss)
293 silly packumentCache full:https://registry.npmjs.org/@tailwindcss%2foxide set size:undefined disposed:false
294 silly fetch manifest @next/swc-darwin-x64@15.5.25
295 silly packumentCache full:https://registry.npmjs.org/@next%2fswc-darwin-x64 cache-miss
296 http fetch GET 200 https://registry.npmjs.org/@swc%2fhelpers 356ms (cache miss)
297 silly packumentCache full:https://registry.npmjs.org/@swc%2fhelpers set size:undefined disposed:false
298 silly fetch manifest @next/swc-darwin-arm64@15.5.25
299 silly packumentCache full:https://registry.npmjs.org/@next%2fswc-darwin-arm64 cache-miss
300 http fetch GET 200 https://registry.npmjs.org/eslint-import-resolver-typescript 504ms (cache miss)
301 silly packumentCache full:https://registry.npmjs.org/eslint-import-resolver-typescript set size:undefined disposed:false
302 silly fetch manifest @next/swc-linux-x64-gnu@15.5.25
303 silly packumentCache full:https://registry.npmjs.org/@next%2fswc-linux-x64-gnu cache-miss
304 http fetch GET 200 https://registry.npmjs.org/sharp 1030ms (cache miss)
305 silly packumentCache full:https://registry.npmjs.org/sharp set size:undefined disposed:false
306 silly fetch manifest @next/swc-linux-x64-musl@15.5.25
307 silly packumentCache full:https://registry.npmjs.org/@next%2fswc-linux-x64-musl cache-miss
308 http fetch GET 200 https://registry.npmjs.org/styled-jsx 1180ms (cache miss)
309 silly packumentCache full:https://registry.npmjs.org/styled-jsx set size:undefined disposed:false
310 silly fetch manifest @next/swc-win32-x64-msvc@15.5.25
311 silly packumentCache full:https://registry.npmjs.org/@next%2fswc-win32-x64-msvc cache-miss
312 http fetch GET 200 https://registry.npmjs.org/eslint-plugin-react-hooks 1312ms (cache miss)
313 silly packumentCache full:https://registry.npmjs.org/eslint-plugin-react-hooks set size:undefined disposed:false
314 silly fetch manifest @next/swc-linux-arm64-gnu@15.5.25
315 silly packumentCache full:https://registry.npmjs.org/@next%2fswc-linux-arm64-gnu cache-miss
316 http fetch GET 200 https://registry.npmjs.org/@rushstack%2feslint-patch 1466ms (cache miss)
317 silly packumentCache full:https://registry.npmjs.org/@rushstack%2feslint-patch set size:undefined disposed:false
318 silly fetch manifest @next/swc-linux-arm64-musl@15.5.25
319 silly packumentCache full:https://registry.npmjs.org/@next%2fswc-linux-arm64-musl cache-miss
320 http fetch GET 200 https://registry.npmjs.org/caniuse-lite 1285ms (cache miss)
321 silly packumentCache full:https://registry.npmjs.org/caniuse-lite set size:undefined disposed:false
322 silly fetch manifest @next/swc-win32-arm64-msvc@15.5.25
323 silly packumentCache full:https://registry.npmjs.org/@next%2fswc-win32-arm64-msvc cache-miss
324 http fetch GET 200 https://registry.npmjs.org/eslint-import-resolver-node 2260ms (cache miss)
325 silly packumentCache full:https://registry.npmjs.org/eslint-import-resolver-node set size:undefined disposed:false
326 silly fetch manifest scheduler@^0.27.0
327 silly packumentCache full:https://registry.npmjs.org/scheduler cache-miss
328 http fetch GET 200 https://registry.npmjs.org/@typescript-eslint%2fparser 2998ms (cache miss)
329 silly packumentCache full:https://registry.npmjs.org/@typescript-eslint%2fparser set size:undefined disposed:false
330 http fetch GET 200 https://registry.npmjs.org/@next%2fswc-linux-arm64-gnu 1758ms (cache miss)
331 silly packumentCache full:https://registry.npmjs.org/@next%2fswc-linux-arm64-gnu set size:undefined disposed:false
332 http fetch GET 200 https://registry.npmjs.org/@next%2fswc-linux-x64-gnu 2679ms (cache miss)
333 silly packumentCache full:https://registry.npmjs.org/@next%2fswc-linux-x64-gnu set size:undefined disposed:false
334 http fetch GET 200 https://registry.npmjs.org/@next%2fswc-win32-arm64-msvc 2078ms (cache miss)
335 silly packumentCache full:https://registry.npmjs.org/@next%2fswc-win32-arm64-msvc set size:undefined disposed:false
336 http fetch GET 200 https://registry.npmjs.org/@next%2feslint-plugin-next 3622ms (cache miss)
337 silly packumentCache full:https://registry.npmjs.org/@next%2feslint-plugin-next set size:undefined disposed:false
338 http fetch GET 200 https://registry.npmjs.org/scheduler 1612ms (cache miss)
339 silly packumentCache full:https://registry.npmjs.org/scheduler set size:undefined disposed:false
340 http fetch GET 200 https://registry.npmjs.org/@typescript-eslint%2feslint-plugin 4307ms (cache miss)
341 silly packumentCache full:https://registry.npmjs.org/@typescript-eslint%2feslint-plugin set size:undefined disposed:false
342 http fetch GET 200 https://registry.npmjs.org/@next%2fswc-darwin-x64 4356ms (cache miss)
343 silly packumentCache full:https://registry.npmjs.org/@next%2fswc-darwin-x64 set size:undefined disposed:false
344 http fetch GET 200 https://registry.npmjs.org/@next%2fenv 4998ms (cache miss)
345 silly packumentCache full:https://registry.npmjs.org/@next%2fenv set size:undefined disposed:false
346 http fetch GET 200 https://registry.npmjs.org/@next%2fswc-linux-arm64-musl 4202ms (cache miss)
347 silly packumentCache full:https://registry.npmjs.org/@next%2fswc-linux-arm64-musl set size:undefined disposed:false
348 http fetch GET 200 https://registry.npmjs.org/@next%2fswc-darwin-arm64 5679ms (cache miss)
349 silly packumentCache full:https://registry.npmjs.org/@next%2fswc-darwin-arm64 set size:undefined disposed:false
350 http fetch GET 200 https://registry.npmjs.org/@next%2fswc-win32-x64-msvc 5350ms (cache miss)
351 silly packumentCache full:https://registry.npmjs.org/@next%2fswc-win32-x64-msvc set size:undefined disposed:false
352 http fetch GET 200 https://registry.npmjs.org/@next%2fswc-linux-x64-musl 9117ms (cache miss)
353 silly packumentCache full:https://registry.npmjs.org/@next%2fswc-linux-x64-musl set size:undefined disposed:false
354 silly placeDep ROOT @alloc/quick-lru@5.3.0 OK for: @tailwindcss/postcss@4.3.3 want: ^5.2.0
355 silly placeDep ROOT @tailwindcss/node@4.3.3 OK for: @tailwindcss/postcss@4.3.3 want: 4.3.3
356 silly placeDep ROOT @tailwindcss/oxide@4.3.3 OK for: @tailwindcss/postcss@4.3.3 want: 4.3.3
357 silly placeDep ROOT postcss@8.5.28 OK for: @tailwindcss/postcss@4.3.3 want: ^8.5.16
358 silly fetch manifest jiti@^2.7.0
359 silly packumentCache full:https://registry.npmjs.org/jiti cache-miss
360 silly fetch manifest lightningcss@1.32.0
361 silly packumentCache full:https://registry.npmjs.org/lightningcss cache-miss
362 silly fetch manifest magic-string@^0.30.21
363 silly packumentCache full:https://registry.npmjs.org/magic-string cache-miss
364 silly fetch manifest source-map-js@^1.2.1
365 silly packumentCache full:https://registry.npmjs.org/source-map-js cache-miss
366 silly fetch manifest enhanced-resolve@^5.24.1
367 silly packumentCache full:https://registry.npmjs.org/enhanced-resolve cache-miss
368 silly fetch manifest @jridgewell/remapping@^2.3.5
369 silly packumentCache full:https://registry.npmjs.org/@jridgewell%2fremapping cache-miss
370 silly fetch manifest @tailwindcss/oxide-darwin-x64@4.3.3
371 silly packumentCache full:https://registry.npmjs.org/@tailwindcss%2foxide-darwin-x64 cache-miss
372 silly fetch manifest @tailwindcss/oxide-freebsd-x64@4.3.3
373 silly packumentCache full:https://registry.npmjs.org/@tailwindcss%2foxide-freebsd-x64 cache-miss
374 silly fetch manifest @tailwindcss/oxide-wasm32-wasi@4.3.3
375 silly packumentCache full:https://registry.npmjs.org/@tailwindcss%2foxide-wasm32-wasi cache-miss
376 silly fetch manifest @tailwindcss/oxide-darwin-arm64@4.3.3
377 silly packumentCache full:https://registry.npmjs.org/@tailwindcss%2foxide-darwin-arm64 cache-miss
378 silly fetch manifest @tailwindcss/oxide-android-arm64@4.3.3
379 silly packumentCache full:https://registry.npmjs.org/@tailwindcss%2foxide-android-arm64 cache-miss
380 silly fetch manifest @tailwindcss/oxide-linux-x64-gnu@4.3.3
381 silly packumentCache full:https://registry.npmjs.org/@tailwindcss%2foxide-linux-x64-gnu cache-miss
382 silly fetch manifest @tailwindcss/oxide-linux-x64-musl@4.3.3
383 silly packumentCache full:https://registry.npmjs.org/@tailwindcss%2foxide-linux-x64-musl cache-miss
384 http cache https://registry.npmjs.org/jiti 47ms (cache hit)
385 silly packumentCache full:https://registry.npmjs.org/jiti set size:387989 disposed:false
386 silly fetch manifest @tailwindcss/oxide-win32-x64-msvc@4.3.3
387 silly packumentCache full:https://registry.npmjs.org/@tailwindcss%2foxide-win32-x64-msvc cache-miss
388 http fetch GET 200 https://registry.npmjs.org/@jridgewell%2fremapping 87ms (cache miss)
389 silly packumentCache full:https://registry.npmjs.org/@jridgewell%2fremapping set size:undefined disposed:false
390 silly fetch manifest @tailwindcss/oxide-linux-arm64-gnu@4.3.3
391 silly packumentCache full:https://registry.npmjs.org/@tailwindcss%2foxide-linux-arm64-gnu cache-miss
392 http fetch GET 200 https://registry.npmjs.org/source-map-js 96ms (cache miss)
393 silly packumentCache full:https://registry.npmjs.org/source-map-js set size:undefined disposed:false
394 silly fetch manifest @tailwindcss/oxide-linux-arm64-musl@4.3.3
395 silly packumentCache full:https://registry.npmjs.org/@tailwindcss%2foxide-linux-arm64-musl cache-miss
396 http fetch GET 200 https://registry.npmjs.org/lightningcss 103ms (cache miss)
397 silly packumentCache full:https://registry.npmjs.org/lightningcss set size:undefined disposed:false
398 silly fetch manifest @tailwindcss/oxide-win32-arm64-msvc@4.3.3
399 silly packumentCache full:https://registry.npmjs.org/@tailwindcss%2foxide-win32-arm64-msvc cache-miss
400 http fetch GET 200 https://registry.npmjs.org/magic-string 164ms (cache miss)
401 silly packumentCache full:https://registry.npmjs.org/magic-string set size:undefined disposed:false
402 silly fetch manifest @tailwindcss/oxide-linux-arm-gnueabihf@4.3.3
403 silly packumentCache full:https://registry.npmjs.org/@tailwindcss%2foxide-linux-arm-gnueabihf cache-miss
404 http fetch GET 200 https://registry.npmjs.org/@tailwindcss%2foxide-wasm32-wasi 174ms (cache miss)
405 silly packumentCache full:https://registry.npmjs.org/@tailwindcss%2foxide-wasm32-wasi set size:undefined disposed:false
406 silly fetch manifest nanoid@^3.3.18
407 silly packumentCache full:https://registry.npmjs.org/nanoid cache-miss
408 http fetch GET 200 https://registry.npmjs.org/nanoid 327ms (cache miss)
409 silly packumentCache full:https://registry.npmjs.org/nanoid set size:undefined disposed:false
410 silly fetch manifest picocolors@^1.1.1
411 silly packumentCache full:https://registry.npmjs.org/picocolors cache-miss
412 http fetch GET 200 https://registry.npmjs.org/picocolors 111ms (cache miss)
413 silly packumentCache full:https://registry.npmjs.org/picocolors set size:undefined disposed:false
414 http fetch GET 200 https://registry.npmjs.org/@tailwindcss%2foxide-linux-arm-gnueabihf 610ms (cache miss)
415 silly packumentCache full:https://registry.npmjs.org/@tailwindcss%2foxide-linux-arm-gnueabihf set size:undefined disposed:false
416 http fetch GET 200 https://registry.npmjs.org/@tailwindcss%2foxide-win32-arm64-msvc 742ms (cache miss)
417 silly packumentCache full:https://registry.npmjs.org/@tailwindcss%2foxide-win32-arm64-msvc set size:undefined disposed:false
418 http fetch GET 200 https://registry.npmjs.org/@tailwindcss%2foxide-freebsd-x64 875ms (cache miss)
419 silly packumentCache full:https://registry.npmjs.org/@tailwindcss%2foxide-freebsd-x64 set size:undefined disposed:false
420 http fetch GET 200 https://registry.npmjs.org/@tailwindcss%2foxide-darwin-x64 957ms (cache miss)
421 silly packumentCache full:https://registry.npmjs.org/@tailwindcss%2foxide-darwin-x64 set size:undefined disposed:false
422 http fetch GET 200 https://registry.npmjs.org/enhanced-resolve 994ms (cache miss)
423 silly packumentCache full:https://registry.npmjs.org/enhanced-resolve set size:undefined disposed:false
424 http fetch GET 200 https://registry.npmjs.org/@tailwindcss%2foxide-android-arm64 1165ms (cache miss)
425 silly packumentCache full:https://registry.npmjs.org/@tailwindcss%2foxide-android-arm64 set size:undefined disposed:false
426 http fetch GET 200 https://registry.npmjs.org/@tailwindcss%2foxide-linux-x64-musl 1206ms (cache miss)
427 silly packumentCache full:https://registry.npmjs.org/@tailwindcss%2foxide-linux-x64-musl set size:undefined disposed:false
428 http fetch GET 200 https://registry.npmjs.org/@tailwindcss%2foxide-linux-x64-gnu 1308ms (cache miss)
429 silly packumentCache full:https://registry.npmjs.org/@tailwindcss%2foxide-linux-x64-gnu set size:undefined disposed:false
430 http fetch GET 200 https://registry.npmjs.org/@tailwindcss%2foxide-linux-arm64-gnu 1250ms (cache miss)
431 silly packumentCache full:https://registry.npmjs.org/@tailwindcss%2foxide-linux-arm64-gnu set size:undefined disposed:false
432 http fetch GET 200 https://registry.npmjs.org/@tailwindcss%2foxide-darwin-arm64 1358ms (cache miss)
433 silly packumentCache full:https://registry.npmjs.org/@tailwindcss%2foxide-darwin-arm64 set size:undefined disposed:false
434 http fetch GET 200 https://registry.npmjs.org/@tailwindcss%2foxide-linux-arm64-musl 1371ms (cache miss)
435 silly packumentCache full:https://registry.npmjs.org/@tailwindcss%2foxide-linux-arm64-musl set size:undefined disposed:false
436 http fetch GET 200 https://registry.npmjs.org/@tailwindcss%2foxide-win32-x64-msvc 1601ms (cache miss)
437 silly packumentCache full:https://registry.npmjs.org/@tailwindcss%2foxide-win32-x64-msvc set size:undefined disposed:false
438 silly placeDep ROOT @jridgewell/remapping@2.3.5 OK for: @tailwindcss/node@4.3.3 want: ^2.3.5
439 silly placeDep ROOT enhanced-resolve@5.24.5 OK for: @tailwindcss/node@4.3.3 want: ^5.24.1
440 silly placeDep ROOT jiti@2.7.0 OK for: @tailwindcss/node@4.3.3 want: ^2.7.0
441 silly placeDep ROOT lightningcss@1.32.0 OK for: @tailwindcss/node@4.3.3 want: 1.32.0
442 silly placeDep ROOT magic-string@0.30.21 OK for: @tailwindcss/node@4.3.3 want: ^0.30.21
443 silly placeDep ROOT source-map-js@1.2.1 OK for: @tailwindcss/node@4.3.3 want: ^1.2.1
444 silly fetch manifest @jridgewell/gen-mapping@^0.3.5
445 silly packumentCache full:https://registry.npmjs.org/@jridgewell%2fgen-mapping cache-miss
446 silly fetch manifest @jridgewell/trace-mapping@^0.3.24
447 silly packumentCache full:https://registry.npmjs.org/@jridgewell%2ftrace-mapping cache-miss
448 silly fetch manifest tapable@^2.3.3
449 silly packumentCache full:https://registry.npmjs.org/tapable cache-miss
450 silly fetch manifest graceful-fs@^4.2.4
451 silly packumentCache full:https://registry.npmjs.org/graceful-fs cache-miss
452 silly fetch manifest detect-libc@^2.0.3
453 silly packumentCache full:https://registry.npmjs.org/detect-libc cache-miss
454 silly fetch manifest lightningcss-darwin-x64@1.32.0
455 silly packumentCache full:https://registry.npmjs.org/lightningcss-darwin-x64 cache-miss
456 silly fetch manifest lightningcss-freebsd-x64@1.32.0
457 silly packumentCache full:https://registry.npmjs.org/lightningcss-freebsd-x64 cache-miss
458 silly fetch manifest lightningcss-darwin-arm64@1.32.0
459 silly packumentCache full:https://registry.npmjs.org/lightningcss-darwin-arm64 cache-miss
460 silly fetch manifest lightningcss-android-arm64@1.32.0
461 silly packumentCache full:https://registry.npmjs.org/lightningcss-android-arm64 cache-miss
462 silly fetch manifest lightningcss-linux-x64-gnu@1.32.0
463 silly packumentCache full:https://registry.npmjs.org/lightningcss-linux-x64-gnu cache-miss
464 silly fetch manifest lightningcss-linux-x64-musl@1.32.0
465 silly packumentCache full:https://registry.npmjs.org/lightningcss-linux-x64-musl cache-miss
466 silly fetch manifest lightningcss-win32-x64-msvc@1.32.0
467 silly packumentCache full:https://registry.npmjs.org/lightningcss-win32-x64-msvc cache-miss
468 silly fetch manifest lightningcss-linux-arm64-gnu@1.32.0
469 silly packumentCache full:https://registry.npmjs.org/lightningcss-linux-arm64-gnu cache-miss
470 http fetch GET 200 https://registry.npmjs.org/lightningcss-freebsd-x64 92ms (cache miss)
471 silly packumentCache full:https://registry.npmjs.org/lightningcss-freebsd-x64 set size:undefined disposed:false
472 silly fetch manifest lightningcss-linux-arm64-musl@1.32.0
473 silly packumentCache full:https://registry.npmjs.org/lightningcss-linux-arm64-musl cache-miss
474 http fetch GET 200 https://registry.npmjs.org/lightningcss-android-arm64 95ms (cache miss)
475 silly packumentCache full:https://registry.npmjs.org/lightningcss-android-arm64 set size:undefined disposed:false
476 silly fetch manifest lightningcss-win32-arm64-msvc@1.32.0
477 silly packumentCache full:https://registry.npmjs.org/lightningcss-win32-arm64-msvc cache-miss
478 http fetch GET 200 https://registry.npmjs.org/lightningcss-linux-arm64-musl 52ms (cache miss)
479 silly packumentCache full:https://registry.npmjs.org/lightningcss-linux-arm64-musl set size:undefined disposed:false
480 silly fetch manifest lightningcss-linux-arm-gnueabihf@1.32.0
481 silly packumentCache full:https://registry.npmjs.org/lightningcss-linux-arm-gnueabihf cache-miss
482 http fetch GET 200 https://registry.npmjs.org/tapable 150ms (cache miss)
483 silly packumentCache full:https://registry.npmjs.org/tapable set size:undefined disposed:false
484 silly fetch manifest @jridgewell/sourcemap-codec@^1.5.5
485 silly packumentCache full:https://registry.npmjs.org/@jridgewell%2fsourcemap-codec cache-miss
486 http fetch GET 200 https://registry.npmjs.org/lightningcss-win32-arm64-msvc 55ms (cache miss)
487 silly packumentCache full:https://registry.npmjs.org/lightningcss-win32-arm64-msvc set size:undefined disposed:false
488 http fetch GET 200 https://registry.npmjs.org/lightningcss-darwin-arm64 173ms (cache miss)
489 silly packumentCache full:https://registry.npmjs.org/lightningcss-darwin-arm64 set size:undefined disposed:false
490 http fetch GET 200 https://registry.npmjs.org/lightningcss-linux-x64-musl 174ms (cache miss)
491 silly packumentCache full:https://registry.npmjs.org/lightningcss-linux-x64-musl set size:undefined disposed:false
492 http fetch GET 200 https://registry.npmjs.org/@jridgewell%2fsourcemap-codec 60ms (cache miss)
493 silly packumentCache full:https://registry.npmjs.org/@jridgewell%2fsourcemap-codec set size:undefined disposed:false
494 http fetch GET 200 https://registry.npmjs.org/lightningcss-linux-arm64-gnu 221ms (cache miss)
495 silly packumentCache full:https://registry.npmjs.org/lightningcss-linux-arm64-gnu set size:undefined disposed:false
496 http fetch GET 200 https://registry.npmjs.org/lightningcss-linux-arm-gnueabihf 76ms (cache miss)
497 silly packumentCache full:https://registry.npmjs.org/lightningcss-linux-arm-gnueabihf set size:undefined disposed:false
498 http fetch GET 200 https://registry.npmjs.org/detect-libc 237ms (cache miss)
499 silly packumentCache full:https://registry.npmjs.org/detect-libc set size:undefined disposed:false
500 http fetch GET 200 https://registry.npmjs.org/@jridgewell%2ftrace-mapping 260ms (cache miss)
501 silly packumentCache full:https://registry.npmjs.org/@jridgewell%2ftrace-mapping set size:undefined disposed:false
502 http fetch GET 200 https://registry.npmjs.org/@jridgewell%2fgen-mapping 262ms (cache miss)
503 silly packumentCache full:https://registry.npmjs.org/@jridgewell%2fgen-mapping set size:undefined disposed:false
504 http fetch GET 200 https://registry.npmjs.org/graceful-fs 269ms (cache miss)
505 silly packumentCache full:https://registry.npmjs.org/graceful-fs set size:undefined disposed:false
506 http fetch GET 200 https://registry.npmjs.org/lightningcss-darwin-x64 281ms (cache miss)
507 silly packumentCache full:https://registry.npmjs.org/lightningcss-darwin-x64 set size:undefined disposed:false
508 http fetch GET 200 https://registry.npmjs.org/lightningcss-linux-x64-gnu 295ms (cache miss)
509 silly packumentCache full:https://registry.npmjs.org/lightningcss-linux-x64-gnu set size:undefined disposed:false
510 http fetch GET 200 https://registry.npmjs.org/lightningcss-win32-x64-msvc 309ms (cache miss)
511 silly packumentCache full:https://registry.npmjs.org/lightningcss-win32-x64-msvc set size:undefined disposed:false
512 silly placeDep ROOT @jridgewell/gen-mapping@0.3.13 OK for: @jridgewell/remapping@2.3.5 want: ^0.3.5
513 silly placeDep ROOT @jridgewell/trace-mapping@0.3.31 OK for: @jridgewell/remapping@2.3.5 want: ^0.3.24
514 silly fetch manifest @jridgewell/sourcemap-codec@^1.5.0
515 silly packumentCache full:https://registry.npmjs.org/@jridgewell%2fsourcemap-codec cache-miss
516 silly fetch manifest @jridgewell/resolve-uri@^3.1.0
517 silly packumentCache full:https://registry.npmjs.org/@jridgewell%2fresolve-uri cache-miss
518 silly fetch manifest @jridgewell/sourcemap-codec@^1.4.14
519 silly packumentCache full:https://registry.npmjs.org/@jridgewell%2fsourcemap-codec cache-miss
520 http cache https://registry.npmjs.org/@jridgewell%2fsourcemap-codec 14ms (cache hit)
521 silly packumentCache full:https://registry.npmjs.org/@jridgewell%2fsourcemap-codec set size:65255 disposed:false
522 http cache https://registry.npmjs.org/@jridgewell%2fsourcemap-codec 15ms (cache hit)
523 silly packumentCache full:https://registry.npmjs.org/@jridgewell%2fsourcemap-codec set size:65255 disposed:false
524 silly packumentCache full:https://registry.npmjs.org/@jridgewell%2fsourcemap-codec dispose
525 http fetch GET 200 https://registry.npmjs.org/@jridgewell%2fresolve-uri 100ms (cache miss)
526 silly packumentCache full:https://registry.npmjs.org/@jridgewell%2fresolve-uri set size:undefined disposed:false
527 silly placeDep ROOT @jridgewell/sourcemap-codec@1.6.0 OK for: @jridgewell/gen-mapping@0.3.13 want: ^1.5.0
528 silly placeDep ROOT @jridgewell/resolve-uri@3.1.2 OK for: @jridgewell/trace-mapping@0.3.31 want: ^3.1.0
529 silly placeDep ROOT @tailwindcss/oxide-android-arm64@4.3.3 OK for: @tailwindcss/oxide@4.3.3 want: 4.3.3
530 silly placeDep ROOT @tailwindcss/oxide-darwin-arm64@4.3.3 OK for: @tailwindcss/oxide@4.3.3 want: 4.3.3
531 silly placeDep ROOT @tailwindcss/oxide-darwin-x64@4.3.3 OK for: @tailwindcss/oxide@4.3.3 want: 4.3.3
532 silly placeDep ROOT @tailwindcss/oxide-freebsd-x64@4.3.3 OK for: @tailwindcss/oxide@4.3.3 want: 4.3.3
533 silly placeDep ROOT @tailwindcss/oxide-linux-arm-gnueabihf@4.3.3 OK for: @tailwindcss/oxide@4.3.3 want: 4.3.3
534 silly placeDep ROOT @tailwindcss/oxide-linux-arm64-gnu@4.3.3 OK for: @tailwindcss/oxide@4.3.3 want: 4.3.3
535 silly placeDep ROOT @tailwindcss/oxide-linux-arm64-musl@4.3.3 OK for: @tailwindcss/oxide@4.3.3 want: 4.3.3
536 silly placeDep ROOT @tailwindcss/oxide-linux-x64-gnu@4.3.3 OK for: @tailwindcss/oxide@4.3.3 want: 4.3.3
537 silly placeDep ROOT @tailwindcss/oxide-linux-x64-musl@4.3.3 OK for: @tailwindcss/oxide@4.3.3 want: 4.3.3
538 silly placeDep ROOT @tailwindcss/oxide-wasm32-wasi@4.3.3 OK for: @tailwindcss/oxide@4.3.3 want: 4.3.3
539 silly placeDep ROOT @tailwindcss/oxide-win32-arm64-msvc@4.3.3 OK for: @tailwindcss/oxide@4.3.3 want: 4.3.3
540 silly placeDep ROOT @tailwindcss/oxide-win32-x64-msvc@4.3.3 OK for: @tailwindcss/oxide@4.3.3 want: 4.3.3
541 silly placeDep ROOT undici-types@6.21.0 OK for: @types/node@22.20.1 want: ~6.21.0
542 silly placeDep ROOT csstype@3.2.3 OK for: @types/react@19.2.18 want: ^3.2.2
543 silly placeDep ROOT graceful-fs@4.2.11 OK for: enhanced-resolve@5.24.5 want: ^4.2.4
544 silly placeDep ROOT tapable@2.3.3 OK for: enhanced-resolve@5.24.5 want: ^2.3.3
545 silly fetch manifest eslint@^6.0.0 || ^7.0.0 || >=8.0.0
546 silly packumentCache full:https://registry.npmjs.org/eslint cache-miss
547 http cache https://registry.npmjs.org/eslint 12ms (cache hit)
548 silly packumentCache full:https://registry.npmjs.org/eslint set size:2077457 disposed:false
549 silly placeDep ROOT @eslint-community/eslint-utils@4.10.1 OK for: eslint@9.39.5 want: ^4.8.0
550 silly placeDep ROOT @eslint-community/regexpp@4.12.2 OK for: eslint@9.39.5 want: ^4.12.1
551 silly placeDep ROOT @eslint/config-array@0.21.2 OK for: eslint@9.39.5 want: ^0.21.2
552 silly placeDep ROOT @eslint/config-helpers@0.4.2 OK for: eslint@9.39.5 want: ^0.4.2
553 silly placeDep ROOT @eslint/core@0.17.0 OK for: eslint@9.39.5 want: ^0.17.0
554 silly placeDep ROOT @eslint/eslintrc@3.3.7 OK for: eslint@9.39.5 want: ^3.3.6
555 silly placeDep ROOT @eslint/js@9.39.5 OK for: eslint@9.39.5 want: 9.39.5
556 silly placeDep ROOT @eslint/plugin-kit@0.4.1 OK for: eslint@9.39.5 want: ^0.4.1
557 silly placeDep ROOT @humanfs/node@0.16.8 OK for: eslint@9.39.5 want: ^0.16.6
558 silly placeDep ROOT @humanwhocodes/module-importer@1.0.1 OK for: eslint@9.39.5 want: ^1.0.1
559 silly placeDep ROOT @humanwhocodes/retry@0.4.3 OK for: eslint@9.39.5 want: ^0.4.2
560 silly placeDep ROOT @types/estree@1.0.9 OK for: eslint@9.39.5 want: ^1.0.6
561 silly placeDep ROOT ajv@6.15.0 OK for: eslint@9.39.5 want: ^6.14.0
562 silly placeDep ROOT chalk@4.1.2 OK for: eslint@9.39.5 want: ^4.0.0
563 silly placeDep ROOT cross-spawn@7.0.6 OK for: eslint@9.39.5 want: ^7.0.6
564 silly placeDep ROOT debug@4.4.3 OK for: eslint@9.39.5 want: ^4.3.2
565 silly placeDep ROOT escape-string-regexp@4.0.0 OK for: eslint@9.39.5 want: ^4.0.0
566 silly placeDep ROOT eslint-scope@8.4.0 OK for: eslint@9.39.5 want: ^8.4.0
567 silly placeDep ROOT eslint-visitor-keys@4.2.1 OK for: eslint@9.39.5 want: ^4.2.1
568 silly placeDep ROOT espree@10.4.0 OK for: eslint@9.39.5 want: ^10.4.0
569 silly placeDep ROOT esquery@1.7.0 OK for: eslint@9.39.5 want: ^1.5.0
570 silly placeDep ROOT esutils@2.0.3 OK for: eslint@9.39.5 want: ^2.0.2
571 silly placeDep ROOT fast-deep-equal@3.1.3 OK for: eslint@9.39.5 want: ^3.1.3
572 silly placeDep ROOT file-entry-cache@8.0.0 OK for: eslint@9.39.5 want: ^8.0.0
573 silly placeDep ROOT find-up@5.0.0 OK for: eslint@9.39.5 want: ^5.0.0
574 silly placeDep ROOT glob-parent@6.0.2 OK for: eslint@9.39.5 want: ^6.0.2
575 silly placeDep ROOT ignore@5.3.2 OK for: eslint@9.39.5 want: ^5.2.0
576 silly placeDep ROOT imurmurhash@0.1.4 OK for: eslint@9.39.5 want: ^0.1.4
577 silly placeDep ROOT is-glob@4.0.3 OK for: eslint@9.39.5 want: ^4.0.0
578 silly placeDep ROOT json-stable-stringify-without-jsonify@1.0.1 OK for: eslint@9.39.5 want: ^1.0.1
579 silly placeDep ROOT lodash.merge@4.6.2 OK for: eslint@9.39.5 want: ^4.6.2
580 silly placeDep ROOT minimatch@3.1.5 OK for: eslint@9.39.5 want: ^3.1.5
581 silly placeDep ROOT natural-compare@1.4.0 OK for: eslint@9.39.5 want: ^1.4.0
582 silly placeDep ROOT optionator@0.9.4 OK for: eslint@9.39.5 want: ^0.9.3
583 silly fetch manifest eslint-visitor-keys@^3.4.3
584 silly packumentCache full:https://registry.npmjs.org/eslint-visitor-keys cache-miss
585 silly fetch manifest debug@^4.3.1
586 silly packumentCache full:https://registry.npmjs.org/debug cache-miss
587 silly fetch manifest @eslint/object-schema@^2.1.7
588 silly packumentCache full:https://registry.npmjs.org/@eslint%2fobject-schema cache-miss
589 silly fetch manifest @types/json-schema@^7.0.15
590 silly packumentCache full:https://registry.npmjs.org/@types%2fjson-schema cache-miss
591 silly fetch manifest espree@^10.0.1
592 silly packumentCache full:https://registry.npmjs.org/espree cache-miss
593 silly fetch manifest globals@^14.0.0
594 silly packumentCache full:https://registry.npmjs.org/globals cache-miss
595 silly fetch manifest js-yaml@^4.3.2
596 silly packumentCache full:https://registry.npmjs.org/js-yaml cache-miss
597 silly fetch manifest import-fresh@^3.2.1
598 silly packumentCache full:https://registry.npmjs.org/import-fresh cache-miss
599 silly fetch manifest strip-json-comments@^3.1.1
600 silly packumentCache full:https://registry.npmjs.org/strip-json-comments cache-miss
601 silly fetch manifest levn@^0.4.1
602 silly packumentCache full:https://registry.npmjs.org/levn cache-miss
603 silly fetch manifest @humanwhocodes/retry@^0.4.0
604 silly packumentCache full:https://registry.npmjs.org/@humanwhocodes%2fretry cache-miss
605 silly fetch manifest @humanfs/core@^0.19.2
606 silly packumentCache full:https://registry.npmjs.org/@humanfs%2fcore cache-miss
607 silly fetch manifest @humanfs/types@^0.15.0
608 silly packumentCache full:https://registry.npmjs.org/@humanfs%2ftypes cache-miss
609 http cache https://registry.npmjs.org/eslint-visitor-keys 33ms (cache hit)
610 silly packumentCache full:https://registry.npmjs.org/eslint-visitor-keys set size:69949 disposed:false
611 silly fetch manifest uri-js@^4.2.2
612 silly packumentCache full:https://registry.npmjs.org/uri-js cache-miss
613 http cache https://registry.npmjs.org/debug 36ms (cache hit)
614 silly packumentCache full:https://registry.npmjs.org/debug set size:195840 disposed:false
615 silly fetch manifest fast-deep-equal@^3.1.1
616 silly packumentCache full:https://registry.npmjs.org/fast-deep-equal cache-miss
617 http cache https://registry.npmjs.org/espree 38ms (cache hit)
618 silly packumentCache full:https://registry.npmjs.org/espree set size:326080 disposed:false
619 silly fetch manifest json-schema-traverse@^0.4.1
620 silly packumentCache full:https://registry.npmjs.org/json-schema-traverse cache-miss
621 http cache https://registry.npmjs.org/@humanwhocodes%2fretry 41ms (cache hit)
622 silly packumentCache full:https://registry.npmjs.org/@humanwhocodes%2fretry set size:42348 disposed:false
623 silly fetch manifest fast-json-stable-stringify@^2.0.0
624 silly packumentCache full:https://registry.npmjs.org/fast-json-stable-stringify cache-miss
625 http cache https://registry.npmjs.org/fast-deep-equal 15ms (cache hit)
626 silly packumentCache full:https://registry.npmjs.org/fast-deep-equal set size:48634 disposed:false
627 silly fetch manifest ansi-styles@^4.1.0
628 silly packumentCache full:https://registry.npmjs.org/ansi-styles cache-miss
629 http fetch GET 200 https://registry.npmjs.org/import-fresh 73ms (cache miss)
630 silly packumentCache full:https://registry.npmjs.org/import-fresh set size:undefined disposed:false
631 silly fetch manifest supports-color@^7.1.0
632 silly packumentCache full:https://registry.npmjs.org/supports-color cache-miss
633 http fetch GET 200 https://registry.npmjs.org/strip-json-comments 76ms (cache miss)
634 silly packumentCache full:https://registry.npmjs.org/strip-json-comments set size:undefined disposed:false
635 silly fetch manifest which@^2.0.1
636 silly packumentCache full:https://registry.npmjs.org/which cache-miss
637 http fetch GET 200 https://registry.npmjs.org/@humanfs%2fcore 85ms (cache miss)
638 silly packumentCache full:https://registry.npmjs.org/@humanfs%2fcore set size:undefined disposed:false
639 silly fetch manifest path-key@^3.1.0
640 silly packumentCache full:https://registry.npmjs.org/path-key cache-miss
641 http fetch GET 200 https://registry.npmjs.org/@humanfs%2ftypes 89ms (cache miss)
642 silly packumentCache full:https://registry.npmjs.org/@humanfs%2ftypes set size:undefined disposed:false
643 silly fetch manifest shebang-command@^2.0.0
644 silly packumentCache full:https://registry.npmjs.org/shebang-command cache-miss
645 http fetch GET 200 https://registry.npmjs.org/@types%2fjson-schema 100ms (cache miss)
646 silly packumentCache full:https://registry.npmjs.org/@types%2fjson-schema set size:undefined disposed:false
647 silly fetch manifest ms@^2.1.3
648 silly packumentCache full:https://registry.npmjs.org/ms cache-miss
649 http fetch GET 200 https://registry.npmjs.org/json-schema-traverse 73ms (cache miss)
650 silly packumentCache full:https://registry.npmjs.org/json-schema-traverse set size:undefined disposed:false
651 silly fetch manifest esrecurse@^4.3.0
652 silly packumentCache full:https://registry.npmjs.org/esrecurse cache-miss
653 http fetch GET 200 https://registry.npmjs.org/globals 118ms (cache miss)
654 silly packumentCache full:https://registry.npmjs.org/globals set size:undefined disposed:false
655 silly fetch manifest estraverse@^5.2.0
656 silly packumentCache full:https://registry.npmjs.org/estraverse cache-miss
657 http fetch GET 200 https://registry.npmjs.org/uri-js 92ms (cache miss)
658 silly packumentCache full:https://registry.npmjs.org/uri-js set size:undefined disposed:false
659 silly fetch manifest acorn@^8.15.0
660 silly packumentCache full:https://registry.npmjs.org/acorn cache-miss
661 http fetch GET 200 https://registry.npmjs.org/js-yaml 126ms (cache miss)
662 silly packumentCache full:https://registry.npmjs.org/js-yaml set size:undefined disposed:false
663 silly fetch manifest acorn-jsx@^5.3.2
664 silly packumentCache full:https://registry.npmjs.org/acorn-jsx cache-miss
665 http fetch GET 200 https://registry.npmjs.org/ansi-styles 86ms (cache miss)
666 silly packumentCache full:https://registry.npmjs.org/ansi-styles set size:undefined disposed:false
667 silly fetch manifest estraverse@^5.1.0
668 silly packumentCache full:https://registry.npmjs.org/estraverse cache-miss
669 http fetch GET 200 https://registry.npmjs.org/supports-color 74ms (cache miss)
670 silly packumentCache full:https://registry.npmjs.org/supports-color set size:undefined disposed:false
671 silly fetch manifest flat-cache@^4.0.0
672 silly packumentCache full:https://registry.npmjs.org/flat-cache cache-miss
673 http fetch GET 200 https://registry.npmjs.org/shebang-command 61ms (cache miss)
674 silly packumentCache full:https://registry.npmjs.org/shebang-command set size:undefined disposed:false
675 silly fetch manifest locate-path@^6.0.0
676 silly packumentCache full:https://registry.npmjs.org/locate-path cache-miss
677 http fetch GET 200 https://registry.npmjs.org/path-key 68ms (cache miss)
678 silly packumentCache full:https://registry.npmjs.org/path-key set size:undefined disposed:false
679 silly fetch manifest path-exists@^4.0.0
680 silly packumentCache full:https://registry.npmjs.org/path-exists cache-miss
681 http fetch GET 200 https://registry.npmjs.org/which 87ms (cache miss)
682 silly packumentCache full:https://registry.npmjs.org/which set size:undefined disposed:false
683 silly fetch manifest is-glob@^4.0.3
684 silly packumentCache full:https://registry.npmjs.org/is-glob cache-miss
685 http fetch GET 200 https://registry.npmjs.org/esrecurse 56ms (cache miss)
686 silly packumentCache full:https://registry.npmjs.org/esrecurse set size:undefined disposed:false
687 silly fetch manifest is-extglob@^2.1.1
688 silly packumentCache full:https://registry.npmjs.org/is-extglob cache-miss
689 http cache https://registry.npmjs.org/is-glob 8ms (cache hit)
690 silly packumentCache full:https://registry.npmjs.org/is-glob set size:40530 disposed:false
691 silly fetch manifest brace-expansion@^1.1.7
692 silly packumentCache full:https://registry.npmjs.org/brace-expansion cache-miss
693 http fetch GET 200 https://registry.npmjs.org/estraverse 70ms (cache miss)
694 silly packumentCache full:https://registry.npmjs.org/estraverse set size:undefined disposed:false
695 silly fetch manifest prelude-ls@^1.2.1
696 silly packumentCache full:https://registry.npmjs.org/prelude-ls cache-miss
697 http fetch GET 200 https://registry.npmjs.org/ms 107ms (cache miss)
698 silly packumentCache full:https://registry.npmjs.org/ms set size:undefined disposed:false
699 silly fetch manifest deep-is@^0.1.3
700 silly packumentCache full:https://registry.npmjs.org/deep-is cache-miss
701 http fetch GET 200 https://registry.npmjs.org/estraverse 69ms (cache miss)
702 silly packumentCache full:https://registry.npmjs.org/estraverse set size:undefined disposed:false
703 silly fetch manifest word-wrap@^1.2.5
704 silly packumentCache full:https://registry.npmjs.org/word-wrap cache-miss
705 http fetch GET 200 https://registry.npmjs.org/acorn-jsx 84ms (cache miss)
706 silly packumentCache full:https://registry.npmjs.org/acorn-jsx set size:undefined disposed:false
707 silly fetch manifest type-check@^0.4.0
708 silly packumentCache full:https://registry.npmjs.org/type-check cache-miss
709 http fetch GET 200 https://registry.npmjs.org/path-exists 59ms (cache miss)
710 silly packumentCache full:https://registry.npmjs.org/path-exists set size:undefined disposed:false
711 silly fetch manifest levn@^0.4.1
712 silly packumentCache full:https://registry.npmjs.org/levn cache-miss
713 http fetch GET 200 https://registry.npmjs.org/locate-path 69ms (cache miss)
714 silly packumentCache full:https://registry.npmjs.org/locate-path set size:undefined disposed:false
715 silly fetch manifest fast-levenshtein@^2.0.6
716 silly packumentCache full:https://registry.npmjs.org/fast-levenshtein cache-miss
717 http fetch GET 200 https://registry.npmjs.org/is-extglob 62ms (cache miss)
718 silly packumentCache full:https://registry.npmjs.org/is-extglob set size:undefined disposed:false
719 http fetch GET 200 https://registry.npmjs.org/brace-expansion 61ms (cache miss)
720 silly packumentCache full:https://registry.npmjs.org/brace-expansion set size:undefined disposed:false
721 http fetch GET 200 https://registry.npmjs.org/flat-cache 91ms (cache miss)
722 silly packumentCache full:https://registry.npmjs.org/flat-cache set size:undefined disposed:false
723 http fetch GET 200 https://registry.npmjs.org/prelude-ls 67ms (cache miss)
724 silly packumentCache full:https://registry.npmjs.org/prelude-ls set size:undefined disposed:false
725 http fetch GET 200 https://registry.npmjs.org/deep-is 54ms (cache miss)
726 silly packumentCache full:https://registry.npmjs.org/deep-is set size:undefined disposed:false
727 http fetch GET 200 https://registry.npmjs.org/levn 271ms (cache miss)
728 silly packumentCache full:https://registry.npmjs.org/levn set size:undefined disposed:false
729 http fetch GET 200 https://registry.npmjs.org/levn 58ms (cache miss)
730 silly packumentCache full:https://registry.npmjs.org/levn set size:undefined disposed:false
731 http fetch GET 200 https://registry.npmjs.org/acorn 155ms (cache miss)
732 silly packumentCache full:https://registry.npmjs.org/acorn set size:undefined disposed:false
733 http fetch GET 200 https://registry.npmjs.org/type-check 74ms (cache miss)
734 silly packumentCache full:https://registry.npmjs.org/type-check set size:undefined disposed:false
735 http fetch GET 200 https://registry.npmjs.org/fast-levenshtein 66ms (cache miss)
736 silly packumentCache full:https://registry.npmjs.org/fast-levenshtein set size:undefined disposed:false
737 http fetch GET 200 https://registry.npmjs.org/@eslint%2fobject-schema 307ms (cache miss)
738 silly packumentCache full:https://registry.npmjs.org/@eslint%2fobject-schema set size:undefined disposed:false
739 http fetch GET 200 https://registry.npmjs.org/fast-json-stable-stringify 263ms (cache miss)
740 silly packumentCache full:https://registry.npmjs.org/fast-json-stable-stringify set size:undefined disposed:false
741 http fetch GET 200 https://registry.npmjs.org/word-wrap 290ms (cache miss)
742 silly packumentCache full:https://registry.npmjs.org/word-wrap set size:undefined disposed:false
743 silly placeDep node_modules/@eslint-community/eslint-utils eslint-visitor-keys@3.4.3 OK for: @eslint-community/eslint-utils@4.10.1 want: ^3.4.3
744 silly placeDep ROOT @eslint/object-schema@2.1.7 OK for: @eslint/config-array@0.21.2 want: ^2.1.7
745 silly placeDep ROOT @types/json-schema@7.0.15 OK for: @eslint/core@0.17.0 want: ^7.0.15
746 silly placeDep ROOT globals@14.0.0 OK for: @eslint/eslintrc@3.3.7 want: ^14.0.0
747 silly placeDep ROOT import-fresh@3.3.1 OK for: @eslint/eslintrc@3.3.7 want: ^3.2.1
748 silly placeDep ROOT js-yaml@4.3.2 OK for: @eslint/eslintrc@3.3.7 want: ^4.3.2
749 silly placeDep ROOT strip-json-comments@3.1.1 OK for: @eslint/eslintrc@3.3.7 want: ^3.1.1
750 silly fetch manifest resolve-from@^4.0.0
751 silly packumentCache full:https://registry.npmjs.org/resolve-from cache-miss
752 silly fetch manifest parent-module@^1.0.0
753 silly packumentCache full:https://registry.npmjs.org/parent-module cache-miss
754 silly fetch manifest argparse@^2.0.1
755 silly packumentCache full:https://registry.npmjs.org/argparse cache-miss
756 http fetch GET 200 https://registry.npmjs.org/argparse 90ms (cache miss)
757 silly packumentCache full:https://registry.npmjs.org/argparse set size:undefined disposed:false
758 http fetch GET 200 https://registry.npmjs.org/parent-module 92ms (cache miss)
759 silly packumentCache full:https://registry.npmjs.org/parent-module set size:undefined disposed:false
760 http fetch GET 200 https://registry.npmjs.org/resolve-from 93ms (cache miss)
761 silly packumentCache full:https://registry.npmjs.org/resolve-from set size:undefined disposed:false
762 silly placeDep ROOT levn@0.4.1 OK for: @eslint/plugin-kit@0.4.1 want: ^0.4.1
763 silly fetch manifest type-check@~0.4.0
764 silly packumentCache full:https://registry.npmjs.org/type-check cache-miss
765 http cache https://registry.npmjs.org/type-check 6ms (cache hit)
766 silly packumentCache full:https://registry.npmjs.org/type-check set size:21221 disposed:false
767 silly placeDep ROOT @humanfs/core@0.19.2 OK for: @humanfs/node@0.16.8 want: ^0.19.2
768 silly placeDep ROOT @humanfs/types@0.15.0 OK for: @humanfs/node@0.16.8 want: ^0.15.0
769 silly placeDep ROOT fast-json-stable-stringify@2.1.0 OK for: ajv@6.15.0 want: ^2.0.0
770 silly placeDep ROOT json-schema-traverse@0.4.1 OK for: ajv@6.15.0 want: ^0.4.1
771 silly placeDep ROOT uri-js@4.4.1 OK for: ajv@6.15.0 want: ^4.2.2
772 silly fetch manifest punycode@^2.1.0
773 silly packumentCache full:https://registry.npmjs.org/punycode cache-miss
774 http fetch GET 200 https://registry.npmjs.org/punycode 86ms (cache miss)
775 silly packumentCache full:https://registry.npmjs.org/punycode set size:undefined disposed:false
776 silly placeDep ROOT ansi-styles@4.3.0 OK for: chalk@4.1.2 want: ^4.1.0
777 silly placeDep ROOT supports-color@7.2.0 OK for: chalk@4.1.2 want: ^7.1.0
778 silly fetch manifest color-convert@^2.0.1
779 silly packumentCache full:https://registry.npmjs.org/color-convert cache-miss
780 silly fetch manifest has-flag@^4.0.0
781 silly packumentCache full:https://registry.npmjs.org/has-flag cache-miss
782 http fetch GET 200 https://registry.npmjs.org/has-flag 69ms (cache miss)
783 silly packumentCache full:https://registry.npmjs.org/has-flag set size:undefined disposed:false
784 http fetch GET 200 https://registry.npmjs.org/color-convert 71ms (cache miss)
785 silly packumentCache full:https://registry.npmjs.org/color-convert set size:undefined disposed:false
786 silly placeDep ROOT color-convert@2.0.1 OK for: ansi-styles@4.3.0 want: ^2.0.1
787 silly fetch manifest color-name@~1.1.4
788 silly packumentCache full:https://registry.npmjs.org/color-name cache-miss
789 http fetch GET 200 https://registry.npmjs.org/color-name 121ms (cache miss)
790 silly packumentCache full:https://registry.npmjs.org/color-name set size:undefined disposed:false
791 silly placeDep ROOT color-name@1.1.4 OK for: color-convert@2.0.1 want: ~1.1.4
792 silly placeDep ROOT path-key@3.1.1 OK for: cross-spawn@7.0.6 want: ^3.1.0
793 silly placeDep ROOT shebang-command@2.0.0 OK for: cross-spawn@7.0.6 want: ^2.0.0
794 silly placeDep ROOT which@2.0.2 OK for: cross-spawn@7.0.6 want: ^2.0.1
795 silly fetch manifest shebang-regex@^3.0.0
796 silly packumentCache full:https://registry.npmjs.org/shebang-regex cache-miss
797 silly fetch manifest isexe@^2.0.0
798 silly packumentCache full:https://registry.npmjs.org/isexe cache-miss
799 http fetch GET 200 https://registry.npmjs.org/shebang-regex 94ms (cache miss)
800 silly packumentCache full:https://registry.npmjs.org/shebang-regex set size:undefined disposed:false
801 http fetch GET 200 https://registry.npmjs.org/isexe 95ms (cache miss)
802 silly packumentCache full:https://registry.npmjs.org/isexe set size:undefined disposed:false
803 silly placeDep ROOT ms@2.1.3 OK for: debug@4.4.3 want: ^2.1.3
804 silly fetch manifest eslint@^7.23.0 || ^8.0.0 || ^9.0.0
805 silly packumentCache full:https://registry.npmjs.org/eslint cache-miss
806 http cache https://registry.npmjs.org/eslint 11ms (cache hit)
807 silly packumentCache full:https://registry.npmjs.org/eslint set size:2077457 disposed:false
808 silly fetch manifest typescript@>=3.3.1
809 silly packumentCache full:https://registry.npmjs.org/typescript cache-miss
810 http cache https://registry.npmjs.org/typescript 55ms (cache hit)
811 silly packumentCache full:https://registry.npmjs.org/typescript set size:15652097 disposed:false
812 silly fetch manifest typescript@>=4.8.4 <6.1.0
813 silly packumentCache full:https://registry.npmjs.org/typescript cache-miss
814 http cache https://registry.npmjs.org/typescript 56ms (cache hit)
815 silly packumentCache full:https://registry.npmjs.org/typescript set size:15652097 disposed:false
816 silly fetch manifest eslint-plugin-import-x@*
817 silly packumentCache full:https://registry.npmjs.org/eslint-plugin-import-x cache-miss
818 http fetch GET 200 https://registry.npmjs.org/eslint-plugin-import-x 94ms (cache miss)
819 silly packumentCache full:https://registry.npmjs.org/eslint-plugin-import-x set size:undefined disposed:false
820 silly fetch manifest @typescript-eslint/utils@^8.56.0
821 silly packumentCache full:https://registry.npmjs.org/@typescript-eslint%2futils cache-miss
822 http fetch GET 200 https://registry.npmjs.org/@typescript-eslint%2futils 1355ms (cache miss)
823 silly packumentCache full:https://registry.npmjs.org/@typescript-eslint%2futils set size:undefined disposed:false
824 silly placeDep ROOT @next/eslint-plugin-next@15.5.25 OK for: eslint-config-next@15.5.25 want: 15.5.25
825 silly placeDep ROOT @rushstack/eslint-patch@1.16.1 OK for: eslint-config-next@15.5.25 want: ^1.10.3
826 silly placeDep ROOT @typescript-eslint/eslint-plugin@8.70.0 OK for: eslint-config-next@15.5.25 want: ^5.4.2 || ^6.0.0 || ^7.0.0 || ^8.0.0
827 silly placeDep ROOT @typescript-eslint/parser@8.70.0 OK for: @typescript-eslint/eslint-plugin@8.70.0 want: ^8.70.0
828 silly placeDep ROOT eslint-import-resolver-node@0.3.10 OK for: eslint-config-next@15.5.25 want: ^0.3.6
829 silly placeDep ROOT eslint-import-resolver-typescript@3.10.1 OK for: eslint-config-next@15.5.25 want: ^3.5.2
830 silly placeDep ROOT eslint-plugin-import@2.32.0 OK for: eslint-config-next@15.5.25 want: ^2.31.0
831 silly placeDep ROOT eslint-plugin-jsx-a11y@6.10.2 OK for: eslint-config-next@15.5.25 want: ^6.10.0
832 silly placeDep ROOT eslint-plugin-react@7.37.5 OK for: eslint-config-next@15.5.25 want: ^7.37.0
833 silly placeDep ROOT eslint-plugin-react-hooks@5.2.0 OK for: eslint-config-next@15.5.25 want: ^5.0.0
834 silly fetch manifest fast-glob@3.3.1
835 silly packumentCache full:https://registry.npmjs.org/fast-glob cache-miss
836 silly fetch manifest ignore@^7.0.5
837 silly packumentCache full:https://registry.npmjs.org/ignore cache-miss
838 silly fetch manifest ts-api-utils@^2.5.0
839 silly packumentCache full:https://registry.npmjs.org/ts-api-utils cache-miss
840 silly fetch manifest @typescript-eslint/utils@8.70.0
841 silly packumentCache full:https://registry.npmjs.org/@typescript-eslint%2futils cache-miss
842 silly fetch manifest @typescript-eslint/type-utils@8.70.0
843 silly packumentCache full:https://registry.npmjs.org/@typescript-eslint%2ftype-utils cache-miss
844 silly fetch manifest @typescript-eslint/visitor-keys@8.70.0
845 silly packumentCache full:https://registry.npmjs.org/@typescript-eslint%2fvisitor-keys cache-miss
846 silly fetch manifest @typescript-eslint/scope-manager@8.70.0
847 silly packumentCache full:https://registry.npmjs.org/@typescript-eslint%2fscope-manager cache-miss
848 silly fetch manifest @typescript-eslint/types@8.70.0
849 silly packumentCache full:https://registry.npmjs.org/@typescript-eslint%2ftypes cache-miss
850 silly fetch manifest @typescript-eslint/visitor-keys@8.70.0
851 silly packumentCache full:https://registry.npmjs.org/@typescript-eslint%2fvisitor-keys cache-miss
852 silly fetch manifest @typescript-eslint/scope-manager@8.70.0
853 silly packumentCache full:https://registry.npmjs.org/@typescript-eslint%2fscope-manager cache-miss
854 silly fetch manifest @typescript-eslint/typescript-estree@8.70.0
855 silly packumentCache full:https://registry.npmjs.org/@typescript-eslint%2ftypescript-estree cache-miss
856 silly fetch manifest debug@^3.2.7
857 silly packumentCache full:https://registry.npmjs.org/debug cache-hit
858 silly fetch manifest resolve@^2.0.0-next.6
859 silly packumentCache full:https://registry.npmjs.org/resolve cache-miss
860 silly fetch manifest is-core-module@^2.16.1
861 silly packumentCache full:https://registry.npmjs.org/is-core-module cache-miss
862 http cache https://registry.npmjs.org/ignore 62ms (cache hit)
863 silly packumentCache full:https://registry.npmjs.org/ignore set size:255101 disposed:false
864 silly fetch manifest tinyglobby@^0.2.13
865 silly packumentCache full:https://registry.npmjs.org/tinyglobby cache-miss
866 http cache https://registry.npmjs.org/@typescript-eslint%2futils 105ms (cache hit)
867 silly packumentCache full:https://registry.npmjs.org/@typescript-eslint%2futils set size:10829968 disposed:false
868 silly fetch manifest stable-hash@^0.0.5
869 silly packumentCache full:https://registry.npmjs.org/stable-hash cache-miss
870 http fetch GET 200 https://registry.npmjs.org/fast-glob 298ms (cache miss)
871 silly packumentCache full:https://registry.npmjs.org/fast-glob set size:undefined disposed:false
872 silly fetch manifest get-tsconfig@^4.10.0
873 silly packumentCache full:https://registry.npmjs.org/get-tsconfig cache-miss
874 http fetch GET 200 https://registry.npmjs.org/is-core-module 292ms (cache miss)
875 silly packumentCache full:https://registry.npmjs.org/is-core-module set size:undefined disposed:false
876 silly fetch manifest is-bun-module@^2.0.0
877 silly packumentCache full:https://registry.npmjs.org/is-bun-module cache-miss
878 http fetch GET 200 https://registry.npmjs.org/ts-api-utils 310ms (cache miss)
879 silly packumentCache full:https://registry.npmjs.org/ts-api-utils set size:undefined disposed:false
880 silly fetch manifest unrs-resolver@^1.6.2
881 silly packumentCache full:https://registry.npmjs.org/unrs-resolver cache-miss
882 http fetch GET 200 https://registry.npmjs.org/resolve 315ms (cache miss)
883 silly packumentCache full:https://registry.npmjs.org/resolve set size:undefined disposed:false
884 silly fetch manifest @nolyfill/is-core-module@1.0.39
885 silly packumentCache full:https://registry.npmjs.org/@nolyfill%2fis-core-module cache-miss
886 http fetch GET 200 https://registry.npmjs.org/stable-hash 161ms (cache miss)
887 silly packumentCache full:https://registry.npmjs.org/stable-hash set size:undefined disposed:false
888 silly fetch manifest @rtsao/scc@^1.1.0
889 silly packumentCache full:https://registry.npmjs.org/@rtsao%2fscc cache-miss
890 http fetch GET 200 https://registry.npmjs.org/is-bun-module 71ms (cache miss)
891 silly packumentCache full:https://registry.npmjs.org/is-bun-module set size:undefined disposed:false
892 silly fetch manifest array-includes@^3.1.9
893 silly packumentCache full:https://registry.npmjs.org/array-includes cache-miss
894 http fetch GET 200 https://registry.npmjs.org/tinyglobby 386ms (cache miss)
895 silly packumentCache full:https://registry.npmjs.org/tinyglobby set size:undefined disposed:false
896 silly fetch manifest array.prototype.findlastindex@^1.2.6
897 silly packumentCache full:https://registry.npmjs.org/array.prototype.findlastindex cache-miss
898 http fetch GET 200 https://registry.npmjs.org/array.prototype.findlastindex 77ms (cache miss)
899 silly packumentCache full:https://registry.npmjs.org/array.prototype.findlastindex set size:undefined disposed:false
900 silly fetch manifest array.prototype.flat@^1.3.3
901 silly packumentCache full:https://registry.npmjs.org/array.prototype.flat cache-miss
902 http fetch GET 200 https://registry.npmjs.org/@rtsao%2fscc 193ms (cache miss)
903 silly packumentCache full:https://registry.npmjs.org/@rtsao%2fscc set size:undefined disposed:false
904 silly fetch manifest array.prototype.flatmap@^1.3.3
905 silly packumentCache full:https://registry.npmjs.org/array.prototype.flatmap cache-miss
906 http fetch GET 200 https://registry.npmjs.org/@nolyfill%2fis-core-module 406ms (cache miss)
907 silly packumentCache full:https://registry.npmjs.org/@nolyfill%2fis-core-module set size:undefined disposed:false
908 silly fetch manifest doctrine@^2.1.0
909 silly packumentCache full:https://registry.npmjs.org/doctrine cache-miss
910 http fetch GET 200 https://registry.npmjs.org/get-tsconfig 660ms (cache miss)
911 silly packumentCache full:https://registry.npmjs.org/get-tsconfig set size:undefined disposed:false
912 silly fetch manifest eslint-module-utils@^2.12.1
913 silly packumentCache full:https://registry.npmjs.org/eslint-module-utils cache-miss
914 http fetch GET 200 https://registry.npmjs.org/doctrine 397ms (cache miss)
915 silly packumentCache full:https://registry.npmjs.org/doctrine set size:undefined disposed:false
916 silly fetch manifest hasown@^2.0.2
917 silly packumentCache full:https://registry.npmjs.org/hasown cache-miss
918 http fetch GET 200 https://registry.npmjs.org/array-includes 1047ms (cache miss)
919 silly packumentCache full:https://registry.npmjs.org/array-includes set size:undefined disposed:false
920 silly fetch manifest object.fromentries@^2.0.8
921 silly packumentCache full:https://registry.npmjs.org/object.fromentries cache-miss
922 http fetch GET 200 https://registry.npmjs.org/hasown 331ms (cache miss)
923 silly packumentCache full:https://registry.npmjs.org/hasown set size:undefined disposed:false
924 silly fetch manifest object.groupby@^1.0.3
925 silly packumentCache full:https://registry.npmjs.org/object.groupby cache-miss
926 http fetch GET 200 https://registry.npmjs.org/unrs-resolver 1165ms (cache miss)
927 silly packumentCache full:https://registry.npmjs.org/unrs-resolver set size:undefined disposed:false
928 silly fetch manifest object.values@^1.2.1
929 silly packumentCache full:https://registry.npmjs.org/object.values cache-miss
930 http fetch GET 200 https://registry.npmjs.org/array.prototype.flatmap 933ms (cache miss)
931 silly packumentCache full:https://registry.npmjs.org/array.prototype.flatmap set size:undefined disposed:false
932 silly fetch manifest semver@^6.3.1
933 silly packumentCache full:https://registry.npmjs.org/semver cache-miss
934 http fetch GET 200 https://registry.npmjs.org/@typescript-eslint%2fvisitor-keys 1519ms (cache miss)
935 silly packumentCache full:https://registry.npmjs.org/@typescript-eslint%2fvisitor-keys set size:undefined disposed:false
936 silly fetch manifest string.prototype.trimend@^1.0.9
937 silly packumentCache full:https://registry.npmjs.org/string.prototype.trimend cache-miss
938 http fetch GET 200 https://registry.npmjs.org/object.fromentries 225ms (cache miss)
939 silly packumentCache full:https://registry.npmjs.org/object.fromentries set size:undefined disposed:false
940 silly fetch manifest tsconfig-paths@^3.15.0
941 silly packumentCache full:https://registry.npmjs.org/tsconfig-paths cache-miss
942 http fetch GET 200 https://registry.npmjs.org/object.groupby 205ms (cache miss)
943 silly packumentCache full:https://registry.npmjs.org/object.groupby set size:undefined disposed:false
944 silly fetch manifest aria-query@^5.3.2
945 silly packumentCache full:https://registry.npmjs.org/aria-query cache-miss
946 http fetch GET 200 https://registry.npmjs.org/object.values 204ms (cache miss)
947 silly packumentCache full:https://registry.npmjs.org/object.values set size:undefined disposed:false
948 silly fetch manifest array-includes@^3.1.8
949 silly packumentCache full:https://registry.npmjs.org/array-includes cache-miss
950 http fetch GET 200 https://registry.npmjs.org/array.prototype.flat 1154ms (cache miss)
951 silly packumentCache full:https://registry.npmjs.org/array.prototype.flat set size:undefined disposed:false
952 silly fetch manifest array.prototype.flatmap@^1.3.2
953 silly packumentCache full:https://registry.npmjs.org/array.prototype.flatmap cache-miss
954 http fetch GET 200 https://registry.npmjs.org/semver 206ms (cache miss)
955 silly packumentCache full:https://registry.npmjs.org/semver set size:undefined disposed:false
956 silly fetch manifest ast-types-flow@^0.0.8
957 silly packumentCache full:https://registry.npmjs.org/ast-types-flow cache-miss
958 http fetch GET 200 https://registry.npmjs.org/string.prototype.trimend 116ms (cache miss)
959 silly packumentCache full:https://registry.npmjs.org/string.prototype.trimend set size:undefined disposed:false
960 silly fetch manifest axe-core@^4.10.0
961 silly packumentCache full:https://registry.npmjs.org/axe-core cache-miss
962 http fetch GET 200 https://registry.npmjs.org/eslint-module-utils 766ms (cache miss)
963 silly packumentCache full:https://registry.npmjs.org/eslint-module-utils set size:undefined disposed:false
964 silly fetch manifest axobject-query@^4.1.0
965 silly packumentCache full:https://registry.npmjs.org/axobject-query cache-miss
966 http cache https://registry.npmjs.org/array-includes 58ms (cache hit)
967 silly packumentCache full:https://registry.npmjs.org/array-includes set size:77143 disposed:false
968 silly fetch manifest damerau-levenshtein@^1.0.8
969 silly packumentCache full:https://registry.npmjs.org/damerau-levenshtein cache-miss
970 http cache https://registry.npmjs.org/array.prototype.flatmap 65ms (cache hit)
971 silly packumentCache full:https://registry.npmjs.org/array.prototype.flatmap set size:51458 disposed:false
972 silly fetch manifest emoji-regex@^9.2.2
973 silly packumentCache full:https://registry.npmjs.org/emoji-regex cache-miss
974 http fetch GET 200 https://registry.npmjs.org/aria-query 101ms (cache miss)
975 silly packumentCache full:https://registry.npmjs.org/aria-query set size:undefined disposed:false
976 silly fetch manifest jsx-ast-utils@^3.3.5
977 silly packumentCache full:https://registry.npmjs.org/jsx-ast-utils cache-miss
978 http fetch GET 200 https://registry.npmjs.org/tsconfig-paths 138ms (cache miss)
979 silly packumentCache full:https://registry.npmjs.org/tsconfig-paths set size:undefined disposed:false
980 silly fetch manifest language-tags@^1.0.9
981 silly packumentCache full:https://registry.npmjs.org/language-tags cache-miss
982 http fetch GET 200 https://registry.npmjs.org/ast-types-flow 100ms (cache miss)
983 silly packumentCache full:https://registry.npmjs.org/ast-types-flow set size:undefined disposed:false
984 silly fetch manifest safe-regex-test@^1.0.3
985 silly packumentCache full:https://registry.npmjs.org/safe-regex-test cache-miss
986 http fetch GET 200 https://registry.npmjs.org/axobject-query 93ms (cache miss)
987 silly packumentCache full:https://registry.npmjs.org/axobject-query set size:undefined disposed:false
988 silly fetch manifest string.prototype.includes@^2.0.1
989 silly packumentCache full:https://registry.npmjs.org/string.prototype.includes cache-miss
990 http fetch GET 200 https://registry.npmjs.org/damerau-levenshtein 83ms (cache miss)
991 silly packumentCache full:https://registry.npmjs.org/damerau-levenshtein set size:undefined disposed:false
992 silly fetch manifest array.prototype.findlast@^1.2.5
993 silly packumentCache full:https://registry.npmjs.org/array.prototype.findlast cache-miss
994 http fetch GET 200 https://registry.npmjs.org/jsx-ast-utils 86ms (cache miss)
995 silly packumentCache full:https://registry.npmjs.org/jsx-ast-utils set size:undefined disposed:false
996 silly fetch manifest array.prototype.tosorted@^1.1.4
997 silly packumentCache full:https://registry.npmjs.org/array.prototype.tosorted cache-miss
998 http fetch GET 200 https://registry.npmjs.org/array.prototype.findlast 69ms (cache miss)
999 silly packumentCache full:https://registry.npmjs.org/array.prototype.findlast set size:undefined disposed:false
1000 silly fetch manifest es-iterator-helpers@^1.2.1
1001 silly packumentCache full:https://registry.npmjs.org/es-iterator-helpers cache-miss
1002 http fetch GET 200 https://registry.npmjs.org/language-tags 156ms (cache miss)
1003 silly packumentCache full:https://registry.npmjs.org/language-tags set size:undefined disposed:false
1004 silly fetch manifest estraverse@^5.3.0
1005 silly packumentCache full:https://registry.npmjs.org/estraverse cache-miss
1006 http fetch GET 200 https://registry.npmjs.org/array.prototype.tosorted 106ms (cache miss)
1007 silly packumentCache full:https://registry.npmjs.org/array.prototype.tosorted set size:undefined disposed:false
1008 silly fetch manifest jsx-ast-utils@^2.4.1 || ^3.0.0
1009 silly packumentCache full:https://registry.npmjs.org/jsx-ast-utils cache-miss
1010 http cache https://registry.npmjs.org/estraverse 44ms (cache hit)
1011 silly packumentCache full:https://registry.npmjs.org/estraverse set size:62412 disposed:false
1012 silly fetch manifest object.entries@^1.1.9
1013 silly packumentCache full:https://registry.npmjs.org/object.entries cache-miss
1014 http fetch GET 200 https://registry.npmjs.org/safe-regex-test 199ms (cache miss)
1015 silly packumentCache full:https://registry.npmjs.org/safe-regex-test set size:undefined disposed:false
1016 silly fetch manifest prop-types@^15.8.1
1017 silly packumentCache full:https://registry.npmjs.org/prop-types cache-miss
1018 http cache https://registry.npmjs.org/jsx-ast-utils 43ms (cache hit)
1019 silly packumentCache full:https://registry.npmjs.org/jsx-ast-utils set size:115998 disposed:false
1020 silly fetch manifest resolve@^2.0.0-next.5
1021 silly packumentCache full:https://registry.npmjs.org/resolve cache-miss
1022 http cache https://registry.npmjs.org/resolve 22ms (cache hit)
1023 silly packumentCache full:https://registry.npmjs.org/resolve set size:244568 disposed:false
1024 silly fetch manifest string.prototype.matchall@^4.0.12
1025 silly packumentCache full:https://registry.npmjs.org/string.prototype.matchall cache-miss
1026 http fetch GET 200 https://registry.npmjs.org/es-iterator-helpers 160ms (cache miss)
1027 silly packumentCache full:https://registry.npmjs.org/es-iterator-helpers set size:undefined disposed:false
1028 silly fetch manifest string.prototype.repeat@^1.0.0
1029 silly packumentCache full:https://registry.npmjs.org/string.prototype.repeat cache-miss
1030 http fetch GET 200 https://registry.npmjs.org/object.entries 166ms (cache miss)
1031 silly packumentCache full:https://registry.npmjs.org/object.entries set size:undefined disposed:false
1032 http fetch GET 200 https://registry.npmjs.org/string.prototype.repeat 119ms (cache miss)
1033 silly packumentCache full:https://registry.npmjs.org/string.prototype.repeat set size:undefined disposed:false
1034 http fetch GET 200 https://registry.npmjs.org/prop-types 180ms (cache miss)
1035 silly packumentCache full:https://registry.npmjs.org/prop-types set size:undefined disposed:false
1036 http fetch GET 200 https://registry.npmjs.org/string.prototype.matchall 143ms (cache miss)
1037 silly packumentCache full:https://registry.npmjs.org/string.prototype.matchall set size:undefined disposed:false
1038 http fetch GET 200 https://registry.npmjs.org/string.prototype.includes 552ms (cache miss)
1039 silly packumentCache full:https://registry.npmjs.org/string.prototype.includes set size:undefined disposed:false
1040 http fetch GET 200 https://registry.npmjs.org/@typescript-eslint%2ftype-utils 2479ms (cache miss)
1041 silly packumentCache full:https://registry.npmjs.org/@typescript-eslint%2ftype-utils set size:undefined disposed:false
1042 http fetch GET 200 https://registry.npmjs.org/emoji-regex 867ms (cache miss)
1043 silly packumentCache full:https://registry.npmjs.org/emoji-regex set size:undefined disposed:false
1044 http fetch GET 200 https://registry.npmjs.org/axe-core 1282ms (cache miss)
1045 silly packumentCache full:https://registry.npmjs.org/axe-core set size:undefined disposed:false
1046 http fetch GET 200 https://registry.npmjs.org/@typescript-eslint%2ftypes 3170ms (cache miss)
1047 silly packumentCache full:https://registry.npmjs.org/@typescript-eslint%2ftypes set size:undefined disposed:false
1048 http fetch GET 200 https://registry.npmjs.org/@typescript-eslint%2fvisitor-keys 3629ms (cache miss)
1049 silly packumentCache full:https://registry.npmjs.org/@typescript-eslint%2fvisitor-keys set size:undefined disposed:false
1050 http fetch GET 200 https://registry.npmjs.org/@typescript-eslint%2fscope-manager 4287ms (cache miss)
1051 silly packumentCache full:https://registry.npmjs.org/@typescript-eslint%2fscope-manager set size:undefined disposed:false
1052 http fetch GET 200 https://registry.npmjs.org/@typescript-eslint%2ftypescript-estree 4736ms (cache miss)
1053 silly packumentCache full:https://registry.npmjs.org/@typescript-eslint%2ftypescript-estree set size:undefined disposed:false
1054 http fetch GET 200 https://registry.npmjs.org/@typescript-eslint%2fscope-manager 5107ms (cache miss)
1055 silly packumentCache full:https://registry.npmjs.org/@typescript-eslint%2fscope-manager set size:undefined disposed:false
1056 silly placeDep ROOT fast-glob@3.3.1 OK for: @next/eslint-plugin-next@15.5.25 want: 3.3.1
1057 silly fetch manifest merge2@^1.3.0
1058 silly packumentCache full:https://registry.npmjs.org/merge2 cache-miss
1059 silly fetch manifest micromatch@^4.0.4
1060 silly packumentCache full:https://registry.npmjs.org/micromatch cache-miss
1061 silly fetch manifest glob-parent@^5.1.2
1062 silly packumentCache full:https://registry.npmjs.org/glob-parent cache-miss
1063 silly fetch manifest @nodelib/fs.stat@^2.0.2
1064 silly packumentCache full:https://registry.npmjs.org/@nodelib%2ffs.stat cache-miss
1065 silly fetch manifest @nodelib/fs.walk@^1.2.3
1066 silly packumentCache full:https://registry.npmjs.org/@nodelib%2ffs.walk cache-miss
1067 http cache https://registry.npmjs.org/glob-parent 20ms (cache hit)
1068 silly packumentCache full:https://registry.npmjs.org/glob-parent set size:42445 disposed:false
1069 http fetch GET 200 https://registry.npmjs.org/@nodelib%2ffs.walk 75ms (cache miss)
1070 silly packumentCache full:https://registry.npmjs.org/@nodelib%2ffs.walk set size:undefined disposed:false
1071 http fetch GET 200 https://registry.npmjs.org/merge2 155ms (cache miss)
1072 silly packumentCache full:https://registry.npmjs.org/merge2 set size:undefined disposed:false
1073 http fetch GET 200 https://registry.npmjs.org/micromatch 225ms (cache miss)
1074 silly packumentCache full:https://registry.npmjs.org/micromatch set size:undefined disposed:false
1075 http fetch GET 200 https://registry.npmjs.org/@nodelib%2ffs.stat 251ms (cache miss)
1076 silly packumentCache full:https://registry.npmjs.org/@nodelib%2ffs.stat set size:undefined disposed:false
1077 silly fetch manifest eslint@^8.57.0 || ^9.0.0 || ^10.0.0
1078 silly packumentCache full:https://registry.npmjs.org/eslint cache-miss
1079 http cache https://registry.npmjs.org/eslint 19ms (cache hit)
1080 silly packumentCache full:https://registry.npmjs.org/eslint set size:2077457 disposed:false
1081 silly placeDep ROOT @typescript-eslint/scope-manager@8.70.0 OK for: @typescript-eslint/eslint-plugin@8.70.0 want: 8.70.0
1082 silly placeDep ROOT @typescript-eslint/type-utils@8.70.0 OK for: @typescript-eslint/eslint-plugin@8.70.0 want: 8.70.0
1083 silly placeDep ROOT @typescript-eslint/utils@8.70.0 OK for: @typescript-eslint/eslint-plugin@8.70.0 want: 8.70.0
1084 silly placeDep ROOT @typescript-eslint/visitor-keys@8.70.0 OK for: @typescript-eslint/eslint-plugin@8.70.0 want: 8.70.0
1085 silly placeDep node_modules/@typescript-eslint/eslint-plugin ignore@7.0.9 OK for: @typescript-eslint/eslint-plugin@8.70.0 want: ^7.0.5
1086 silly placeDep ROOT ts-api-utils@2.5.0 OK for: @typescript-eslint/eslint-plugin@8.70.0 want: ^2.5.0
1087 silly fetch manifest eslint-visitor-keys@^5.0.0
1088 silly packumentCache full:https://registry.npmjs.org/eslint-visitor-keys cache-hit
1089 silly placeDep ROOT @typescript-eslint/types@8.70.0 OK for: @typescript-eslint/parser@8.70.0 want: 8.70.0
1090 silly placeDep ROOT @typescript-eslint/typescript-estree@8.70.0 OK for: @typescript-eslint/parser@8.70.0 want: 8.70.0
1091 silly fetch manifest semver@^7.7.3
1092 silly packumentCache full:https://registry.npmjs.org/semver cache-miss
1093 silly fetch manifest minimatch@^10.2.2
1094 silly packumentCache full:https://registry.npmjs.org/minimatch cache-miss
1095 silly fetch manifest tinyglobby@^0.2.15
1096 silly packumentCache full:https://registry.npmjs.org/tinyglobby cache-miss
1097 silly fetch manifest @typescript-eslint/tsconfig-utils@8.70.0
1098 silly packumentCache full:https://registry.npmjs.org/@typescript-eslint%2ftsconfig-utils cache-miss
1099 silly fetch manifest @typescript-eslint/project-service@8.70.0
1100 silly packumentCache full:https://registry.npmjs.org/@typescript-eslint%2fproject-service cache-miss
1101 http cache https://registry.npmjs.org/semver 30ms (cache hit)
1102 silly packumentCache full:https://registry.npmjs.org/semver set size:246069 disposed:false
1103 http cache https://registry.npmjs.org/minimatch 42ms (cache hit)
1104 silly packumentCache full:https://registry.npmjs.org/minimatch set size:377924 disposed:false
1105 http cache https://registry.npmjs.org/tinyglobby 49ms (cache hit)
1106 silly packumentCache full:https://registry.npmjs.org/tinyglobby set size:54291 disposed:false
1107 http fetch GET 200 https://registry.npmjs.org/@typescript-eslint%2ftsconfig-utils 342ms (cache miss)
1108 silly packumentCache full:https://registry.npmjs.org/@typescript-eslint%2ftsconfig-utils set size:undefined disposed:false
1109 http fetch GET 200 https://registry.npmjs.org/@typescript-eslint%2fproject-service 369ms (cache miss)
1110 silly packumentCache full:https://registry.npmjs.org/@typescript-eslint%2fproject-service set size:undefined disposed:false
1111 silly placeDep ROOT @typescript-eslint/project-service@8.70.0 OK for: @typescript-eslint/typescript-estree@8.70.0 want: 8.70.0
1112 silly placeDep ROOT @typescript-eslint/tsconfig-utils@8.70.0 OK for: @typescript-eslint/typescript-estree@8.70.0 want: 8.70.0
1113 silly placeDep node_modules/@typescript-eslint/typescript-estree minimatch@10.2.6 OK for: @typescript-eslint/typescript-estree@8.70.0 want: ^10.2.2
1114 silly placeDep ROOT semver@7.8.5 OK for: @typescript-eslint/typescript-estree@8.70.0 want: ^7.7.3
1115 silly placeDep ROOT tinyglobby@0.2.17 OK for: @typescript-eslint/typescript-estree@8.70.0 want: ^0.2.15
1116 silly fetch manifest @typescript-eslint/tsconfig-utils@^8.70.0
1117 silly packumentCache full:https://registry.npmjs.org/@typescript-eslint%2ftsconfig-utils cache-miss
1118 silly fetch manifest brace-expansion@^5.0.8
1119 silly packumentCache full:https://registry.npmjs.org/brace-expansion cache-miss
1120 silly fetch manifest fdir@^6.5.0
1121 silly packumentCache full:https://registry.npmjs.org/fdir cache-miss
1122 silly fetch manifest picomatch@^4.0.4
1123 silly packumentCache full:https://registry.npmjs.org/picomatch cache-miss
1124 http cache https://registry.npmjs.org/brace-expansion 16ms (cache hit)
1125 silly packumentCache full:https://registry.npmjs.org/brace-expansion set size:101024 disposed:false
1126 http cache https://registry.npmjs.org/@typescript-eslint%2ftsconfig-utils 28ms (cache hit)
1127 silly packumentCache full:https://registry.npmjs.org/@typescript-eslint%2ftsconfig-utils set size:1815278 disposed:false
1128 http fetch GET 200 https://registry.npmjs.org/picomatch 87ms (cache miss)
1129 silly packumentCache full:https://registry.npmjs.org/picomatch set size:undefined disposed:false
1130 http fetch GET 200 https://registry.npmjs.org/fdir 898ms (cache miss)
1131 silly packumentCache full:https://registry.npmjs.org/fdir set size:undefined disposed:false
1132 silly placeDep node_modules/@typescript-eslint/visitor-keys eslint-visitor-keys@5.0.1 OK for: @typescript-eslint/visitor-keys@8.70.0 want: ^5.0.0
1133 silly placeDep node_modules/eslint-import-resolver-node debug@3.2.7 OK for: eslint-import-resolver-node@0.3.10 want: ^3.2.7
1134 silly placeDep ROOT is-core-module@2.16.2 OK for: eslint-import-resolver-node@0.3.10 want: ^2.16.1
1135 silly placeDep ROOT resolve@2.0.0-next.7 OK for: eslint-import-resolver-node@0.3.10 want: ^2.0.0-next.6
1136 silly fetch manifest hasown@^2.0.3
1137 silly packumentCache full:https://registry.npmjs.org/hasown cache-miss
1138 silly fetch manifest es-errors@^1.3.0
1139 silly packumentCache full:https://registry.npmjs.org/es-errors cache-miss
1140 silly fetch manifest node-exports-info@^1.6.0
1141 silly packumentCache full:https://registry.npmjs.org/node-exports-info cache-miss
1142 silly fetch manifest object-keys@^1.1.1
1143 silly packumentCache full:https://registry.npmjs.org/object-keys cache-miss
1144 silly fetch manifest path-parse@^1.0.7
1145 silly packumentCache full:https://registry.npmjs.org/path-parse cache-miss
1146 silly fetch manifest supports-preserve-symlinks-flag@^1.0.0
1147 silly packumentCache full:https://registry.npmjs.org/supports-preserve-symlinks-flag cache-miss
1148 http cache https://registry.npmjs.org/hasown 21ms (cache hit)
1149 silly packumentCache full:https://registry.npmjs.org/hasown set size:18361 disposed:false
1150 http fetch GET 200 https://registry.npmjs.org/supports-preserve-symlinks-flag 62ms (cache miss)
1151 silly packumentCache full:https://registry.npmjs.org/supports-preserve-symlinks-flag set size:undefined disposed:false
1152 http fetch GET 200 https://registry.npmjs.org/path-parse 65ms (cache miss)
1153 silly packumentCache full:https://registry.npmjs.org/path-parse set size:undefined disposed:false
1154 http fetch GET 200 https://registry.npmjs.org/node-exports-info 70ms (cache miss)
1155 silly packumentCache full:https://registry.npmjs.org/node-exports-info set size:undefined disposed:false
1156 http fetch GET 200 https://registry.npmjs.org/es-errors 73ms (cache miss)
1157 silly packumentCache full:https://registry.npmjs.org/es-errors set size:undefined disposed:false
1158 http fetch GET 200 https://registry.npmjs.org/object-keys 79ms (cache miss)
1159 silly packumentCache full:https://registry.npmjs.org/object-keys set size:undefined disposed:false
1160 silly placeDep ROOT @nolyfill/is-core-module@1.0.39 OK for: eslint-import-resolver-typescript@3.10.1 want: 1.0.39
1161 silly placeDep ROOT get-tsconfig@4.14.3 OK for: eslint-import-resolver-typescript@3.10.1 want: ^4.10.0
1162 silly placeDep ROOT is-bun-module@2.0.0 OK for: eslint-import-resolver-typescript@3.10.1 want: ^2.0.0
1163 silly placeDep ROOT stable-hash@0.0.5 OK for: eslint-import-resolver-typescript@3.10.1 want: ^0.0.5
1164 silly placeDep ROOT unrs-resolver@1.12.2 OK for: eslint-import-resolver-typescript@3.10.1 want: ^1.6.2
1165 silly fetch manifest resolve-pkg-maps@^1.0.0
1166 silly packumentCache full:https://registry.npmjs.org/resolve-pkg-maps cache-miss
1167 silly fetch manifest napi-postinstall@^0.3.4
1168 silly packumentCache full:https://registry.npmjs.org/napi-postinstall cache-miss
1169 silly fetch manifest @unrs/resolver-binding-darwin-arm64@1.12.2
1170 silly packumentCache full:https://registry.npmjs.org/@unrs%2fresolver-binding-darwin-arm64 cache-miss
1171 silly fetch manifest @unrs/resolver-binding-android-arm64@1.12.2
1172 silly packumentCache full:https://registry.npmjs.org/@unrs%2fresolver-binding-android-arm64 cache-miss
1173 silly fetch manifest @unrs/resolver-binding-win32-arm64-msvc@1.12.2
1174 silly packumentCache full:https://registry.npmjs.org/@unrs%2fresolver-binding-win32-arm64-msvc cache-miss
1175 silly fetch manifest @unrs/resolver-binding-linux-arm64-gnu@1.12.2
1176 silly packumentCache full:https://registry.npmjs.org/@unrs%2fresolver-binding-linux-arm64-gnu cache-miss
1177 silly fetch manifest @unrs/resolver-binding-linux-arm64-musl@1.12.2
1178 silly packumentCache full:https://registry.npmjs.org/@unrs%2fresolver-binding-linux-arm64-musl cache-miss
1179 silly fetch manifest @unrs/resolver-binding-openharmony-arm64@1.12.2
1180 silly packumentCache full:https://registry.npmjs.org/@unrs%2fresolver-binding-openharmony-arm64 cache-miss
1181 silly fetch manifest @unrs/resolver-binding-android-arm-eabi@1.12.2
1182 silly packumentCache full:https://registry.npmjs.org/@unrs%2fresolver-binding-android-arm-eabi cache-miss
1183 silly fetch manifest @unrs/resolver-binding-linux-arm-gnueabihf@1.12.2
1184 silly packumentCache full:https://registry.npmjs.org/@unrs%2fresolver-binding-linux-arm-gnueabihf cache-miss
1185 silly fetch manifest @unrs/resolver-binding-linux-arm-musleabihf@1.12.2
1186 silly packumentCache full:https://registry.npmjs.org/@unrs%2fresolver-binding-linux-arm-musleabihf cache-miss
1187 silly fetch manifest @unrs/resolver-binding-win32-ia32-msvc@1.12.2
1188 silly packumentCache full:https://registry.npmjs.org/@unrs%2fresolver-binding-win32-ia32-msvc cache-miss
1189 silly fetch manifest @unrs/resolver-binding-linux-loong64-gnu@1.12.2
1190 silly packumentCache full:https://registry.npmjs.org/@unrs%2fresolver-binding-linux-loong64-gnu cache-miss
1191 http fetch GET 200 https://registry.npmjs.org/resolve-pkg-maps 82ms (cache miss)
1192 silly packumentCache full:https://registry.npmjs.org/resolve-pkg-maps set size:undefined disposed:false
1193 silly fetch manifest @unrs/resolver-binding-linux-loong64-musl@1.12.2
1194 silly packumentCache full:https://registry.npmjs.org/@unrs%2fresolver-binding-linux-loong64-musl cache-miss
1195 http fetch GET 200 https://registry.npmjs.org/@unrs%2fresolver-binding-android-arm-eabi 106ms (cache miss)
1196 silly packumentCache full:https://registry.npmjs.org/@unrs%2fresolver-binding-android-arm-eabi set size:undefined disposed:false
1197 silly fetch manifest @unrs/resolver-binding-linux-ppc64-gnu@1.12.2
1198 silly packumentCache full:https://registry.npmjs.org/@unrs%2fresolver-binding-linux-ppc64-gnu cache-miss
1199 http fetch GET 200 https://registry.npmjs.org/@unrs%2fresolver-binding-win32-arm64-msvc 122ms (cache miss)
1200 silly packumentCache full:https://registry.npmjs.org/@unrs%2fresolver-binding-win32-arm64-msvc set size:undefined disposed:false
1201 silly fetch manifest @unrs/resolver-binding-linux-riscv64-gnu@1.12.2
1202 silly packumentCache full:https://registry.npmjs.org/@unrs%2fresolver-binding-linux-riscv64-gnu cache-miss
1203 http fetch GET 200 https://registry.npmjs.org/@unrs%2fresolver-binding-linux-loong64-gnu 125ms (cache miss)
1204 silly packumentCache full:https://registry.npmjs.org/@unrs%2fresolver-binding-linux-loong64-gnu set size:undefined disposed:false
1205 silly fetch manifest @unrs/resolver-binding-linux-riscv64-musl@1.12.2
1206 silly packumentCache full:https://registry.npmjs.org/@unrs%2fresolver-binding-linux-riscv64-musl cache-miss
1207 http fetch GET 200 https://registry.npmjs.org/@unrs%2fresolver-binding-linux-arm-musleabihf 130ms (cache miss)
1208 silly packumentCache full:https://registry.npmjs.org/@unrs%2fresolver-binding-linux-arm-musleabihf set size:undefined disposed:false
1209 silly fetch manifest @unrs/resolver-binding-linux-s390x-gnu@1.12.2
1210 silly packumentCache full:https://registry.npmjs.org/@unrs%2fresolver-binding-linux-s390x-gnu cache-miss
1211 http fetch GET 200 https://registry.npmjs.org/napi-postinstall 140ms (cache miss)
1212 silly packumentCache full:https://registry.npmjs.org/napi-postinstall set size:undefined disposed:false
1213 silly fetch manifest @unrs/resolver-binding-wasm32-wasi@1.12.2
1214 silly packumentCache full:https://registry.npmjs.org/@unrs%2fresolver-binding-wasm32-wasi cache-miss
1215 http fetch GET 200 https://registry.npmjs.org/@unrs%2fresolver-binding-linux-arm-gnueabihf 138ms (cache miss)
1216 silly packumentCache full:https://registry.npmjs.org/@unrs%2fresolver-binding-linux-arm-gnueabihf set size:undefined disposed:false
1217 silly fetch manifest @unrs/resolver-binding-darwin-x64@1.12.2
1218 silly packumentCache full:https://registry.npmjs.org/@unrs%2fresolver-binding-darwin-x64 cache-miss
1219 http fetch GET 200 https://registry.npmjs.org/@unrs%2fresolver-binding-android-arm64 148ms (cache miss)
1220 silly packumentCache full:https://registry.npmjs.org/@unrs%2fresolver-binding-android-arm64 set size:undefined disposed:false
1221 silly fetch manifest @unrs/resolver-binding-win32-x64-msvc@1.12.2
1222 silly packumentCache full:https://registry.npmjs.org/@unrs%2fresolver-binding-win32-x64-msvc cache-miss
1223 http fetch GET 200 https://registry.npmjs.org/@unrs%2fresolver-binding-linux-arm64-musl 158ms (cache miss)
1224 silly packumentCache full:https://registry.npmjs.org/@unrs%2fresolver-binding-linux-arm64-musl set size:undefined disposed:false
1225 silly fetch manifest @unrs/resolver-binding-freebsd-x64@1.12.2
1226 silly packumentCache full:https://registry.npmjs.org/@unrs%2fresolver-binding-freebsd-x64 cache-miss
1227 http fetch GET 200 https://registry.npmjs.org/@unrs%2fresolver-binding-linux-arm64-gnu 162ms (cache miss)
1228 silly packumentCache full:https://registry.npmjs.org/@unrs%2fresolver-binding-linux-arm64-gnu set size:undefined disposed:false
1229 silly fetch manifest @unrs/resolver-binding-linux-x64-gnu@1.12.2
1230 silly packumentCache full:https://registry.npmjs.org/@unrs%2fresolver-binding-linux-x64-gnu cache-miss
1231 http fetch GET 200 https://registry.npmjs.org/@unrs%2fresolver-binding-darwin-arm64 176ms (cache miss)
1232 silly packumentCache full:https://registry.npmjs.org/@unrs%2fresolver-binding-darwin-arm64 set size:undefined disposed:false
1233 silly fetch manifest @unrs/resolver-binding-linux-x64-musl@1.12.2
1234 silly packumentCache full:https://registry.npmjs.org/@unrs%2fresolver-binding-linux-x64-musl cache-miss
1235 http fetch GET 200 https://registry.npmjs.org/@unrs%2fresolver-binding-win32-ia32-msvc 172ms (cache miss)
1236 silly packumentCache full:https://registry.npmjs.org/@unrs%2fresolver-binding-win32-ia32-msvc set size:undefined disposed:false
1237 http fetch GET 200 https://registry.npmjs.org/@unrs%2fresolver-binding-openharmony-arm64 181ms (cache miss)
1238 silly packumentCache full:https://registry.npmjs.org/@unrs%2fresolver-binding-openharmony-arm64 set size:undefined disposed:false
1239 http fetch GET 200 https://registry.npmjs.org/@unrs%2fresolver-binding-linux-ppc64-gnu 77ms (cache miss)
1240 silly packumentCache full:https://registry.npmjs.org/@unrs%2fresolver-binding-linux-ppc64-gnu set size:undefined disposed:false
1241 http fetch GET 200 https://registry.npmjs.org/@unrs%2fresolver-binding-linux-loong64-musl 106ms (cache miss)
1242 silly packumentCache full:https://registry.npmjs.org/@unrs%2fresolver-binding-linux-loong64-musl set size:undefined disposed:false
1243 http fetch GET 200 https://registry.npmjs.org/@unrs%2fresolver-binding-linux-riscv64-gnu 70ms (cache miss)
1244 silly packumentCache full:https://registry.npmjs.org/@unrs%2fresolver-binding-linux-riscv64-gnu set size:undefined disposed:false
1245 http fetch GET 200 https://registry.npmjs.org/@unrs%2fresolver-binding-linux-s390x-gnu 76ms (cache miss)
1246 silly packumentCache full:https://registry.npmjs.org/@unrs%2fresolver-binding-linux-s390x-gnu set size:undefined disposed:false
1247 http fetch GET 200 https://registry.npmjs.org/@unrs%2fresolver-binding-linux-riscv64-musl 83ms (cache miss)
1248 silly packumentCache full:https://registry.npmjs.org/@unrs%2fresolver-binding-linux-riscv64-musl set size:undefined disposed:false
1249 http fetch GET 200 https://registry.npmjs.org/@unrs%2fresolver-binding-darwin-x64 83ms (cache miss)
1250 silly packumentCache full:https://registry.npmjs.org/@unrs%2fresolver-binding-darwin-x64 set size:undefined disposed:false
1251 http fetch GET 200 https://registry.npmjs.org/@unrs%2fresolver-binding-wasm32-wasi 96ms (cache miss)
1252 silly packumentCache full:https://registry.npmjs.org/@unrs%2fresolver-binding-wasm32-wasi set size:undefined disposed:false
1253 http fetch GET 200 https://registry.npmjs.org/@unrs%2fresolver-binding-freebsd-x64 86ms (cache miss)
1254 silly packumentCache full:https://registry.npmjs.org/@unrs%2fresolver-binding-freebsd-x64 set size:undefined disposed:false
1255 http fetch GET 200 https://registry.npmjs.org/@unrs%2fresolver-binding-win32-x64-msvc 132ms (cache miss)
1256 silly packumentCache full:https://registry.npmjs.org/@unrs%2fresolver-binding-win32-x64-msvc set size:undefined disposed:false
1257 http fetch GET 200 https://registry.npmjs.org/@unrs%2fresolver-binding-linux-x64-musl 113ms (cache miss)
1258 silly packumentCache full:https://registry.npmjs.org/@unrs%2fresolver-binding-linux-x64-musl set size:undefined disposed:false
1259 http fetch GET 200 https://registry.npmjs.org/@unrs%2fresolver-binding-linux-x64-gnu 149ms (cache miss)
1260 silly packumentCache full:https://registry.npmjs.org/@unrs%2fresolver-binding-linux-x64-gnu set size:undefined disposed:false
1261 silly placeDep ROOT @rtsao/scc@1.1.0 OK for: eslint-plugin-import@2.32.0 want: ^1.1.0
1262 silly placeDep ROOT array-includes@3.1.9 OK for: eslint-plugin-import@2.32.0 want: ^3.1.9
1263 silly placeDep ROOT array.prototype.findlastindex@1.2.6 OK for: eslint-plugin-import@2.32.0 want: ^1.2.6
1264 silly placeDep ROOT array.prototype.flat@1.3.3 OK for: eslint-plugin-import@2.32.0 want: ^1.3.3
1265 silly placeDep ROOT array.prototype.flatmap@1.3.3 OK for: eslint-plugin-import@2.32.0 want: ^1.3.3
1266 silly placeDep node_modules/eslint-plugin-import debug@3.2.7 OK for: eslint-plugin-import@2.32.0 want: ^3.2.7
1267 silly placeDep ROOT doctrine@2.1.0 OK for: eslint-plugin-import@2.32.0 want: ^2.1.0
1268 silly placeDep ROOT eslint-module-utils@2.14.0 OK for: eslint-plugin-import@2.32.0 want: ^2.12.1
1269 silly placeDep ROOT hasown@2.0.4 OK for: eslint-plugin-import@2.32.0 want: ^2.0.2
1270 silly placeDep ROOT object.fromentries@2.0.8 OK for: eslint-plugin-import@2.32.0 want: ^2.0.8
1271 silly placeDep ROOT object.groupby@1.0.3 OK for: eslint-plugin-import@2.32.0 want: ^1.0.3
1272 silly placeDep ROOT object.values@1.2.1 OK for: eslint-plugin-import@2.32.0 want: ^1.2.1
1273 silly placeDep node_modules/eslint-plugin-import semver@6.3.1 OK for: eslint-plugin-import@2.32.0 want: ^6.3.1
1274 silly placeDep ROOT string.prototype.trimend@1.0.10 OK for: eslint-plugin-import@2.32.0 want: ^1.0.9
1275 silly placeDep ROOT tsconfig-paths@3.15.0 OK for: eslint-plugin-import@2.32.0 want: ^3.15.0
1276 silly fetch manifest call-bind@^1.0.8
1277 silly packumentCache full:https://registry.npmjs.org/call-bind cache-miss
1278 silly fetch manifest call-bound@^1.0.4
1279 silly packumentCache full:https://registry.npmjs.org/call-bound cache-miss
1280 silly fetch manifest define-properties@^1.2.1
1281 silly packumentCache full:https://registry.npmjs.org/define-properties cache-miss
1282 silly fetch manifest es-abstract@^1.24.0
1283 silly packumentCache full:https://registry.npmjs.org/es-abstract cache-miss
1284 silly fetch manifest es-object-atoms@^1.1.1
1285 silly packumentCache full:https://registry.npmjs.org/es-object-atoms cache-miss
1286 silly fetch manifest get-intrinsic@^1.3.0
1287 silly packumentCache full:https://registry.npmjs.org/get-intrinsic cache-miss
1288 silly fetch manifest is-string@^1.1.1
1289 silly packumentCache full:https://registry.npmjs.org/is-string cache-miss
1290 silly fetch manifest math-intrinsics@^1.1.0
1291 silly packumentCache full:https://registry.npmjs.org/math-intrinsics cache-miss
1292 silly fetch manifest call-bind@^1.0.8
1293 silly packumentCache full:https://registry.npmjs.org/call-bind cache-miss
1294 silly fetch manifest call-bound@^1.0.4
1295 silly packumentCache full:https://registry.npmjs.org/call-bound cache-miss
1296 silly fetch manifest define-properties@^1.2.1
1297 silly packumentCache full:https://registry.npmjs.org/define-properties cache-miss
1298 silly fetch manifest es-abstract@^1.23.9
1299 silly packumentCache full:https://registry.npmjs.org/es-abstract cache-miss
1300 silly fetch manifest es-object-atoms@^1.1.1
1301 silly packumentCache full:https://registry.npmjs.org/es-object-atoms cache-miss
1302 http fetch GET 200 https://registry.npmjs.org/es-object-atoms 91ms (cache miss)
1303 silly packumentCache full:https://registry.npmjs.org/es-object-atoms set size:undefined disposed:false
1304 silly fetch manifest es-shim-unscopables@^1.1.0
1305 silly packumentCache full:https://registry.npmjs.org/es-shim-unscopables cache-miss
1306 http fetch GET 200 https://registry.npmjs.org/define-properties 101ms (cache miss)
1307 silly packumentCache full:https://registry.npmjs.org/define-properties set size:undefined disposed:false
1308 silly fetch manifest call-bind@^1.0.8
1309 silly packumentCache full:https://registry.npmjs.org/call-bind cache-miss
1310 http fetch GET 200 https://registry.npmjs.org/call-bind 107ms (cache miss)
1311 silly packumentCache full:https://registry.npmjs.org/call-bind set size:undefined disposed:false
1312 silly fetch manifest es-abstract@^1.23.5
1313 silly packumentCache full:https://registry.npmjs.org/es-abstract cache-miss
1314 http fetch GET 200 https://registry.npmjs.org/is-string 107ms (cache miss)
1315 silly packumentCache full:https://registry.npmjs.org/is-string set size:undefined disposed:false
1316 silly fetch manifest es-shim-unscopables@^1.0.2
1317 silly packumentCache full:https://registry.npmjs.org/es-shim-unscopables cache-miss
1318 http fetch GET 200 https://registry.npmjs.org/es-object-atoms 112ms (cache miss)
1319 silly packumentCache full:https://registry.npmjs.org/es-object-atoms set size:undefined disposed:false
1320 silly fetch manifest es-abstract@^1.23.5
1321 silly packumentCache full:https://registry.npmjs.org/es-abstract cache-miss
1322 http fetch GET 200 https://registry.npmjs.org/call-bind 123ms (cache miss)
1323 silly packumentCache full:https://registry.npmjs.org/call-bind set size:undefined disposed:false
1324 silly fetch manifest es-shim-unscopables@^1.0.2
1325 silly packumentCache full:https://registry.npmjs.org/es-shim-unscopables cache-miss
1326 http fetch GET 200 https://registry.npmjs.org/math-intrinsics 129ms (cache miss)
1327 silly packumentCache full:https://registry.npmjs.org/math-intrinsics set size:undefined disposed:false
1328 silly fetch manifest function-bind@^1.1.2
1329 silly packumentCache full:https://registry.npmjs.org/function-bind cache-miss
1330 http fetch GET 200 https://registry.npmjs.org/get-intrinsic 136ms (cache miss)
1331 silly packumentCache full:https://registry.npmjs.org/get-intrinsic set size:undefined disposed:false
1332 silly fetch manifest call-bind@^1.0.7
1333 silly packumentCache full:https://registry.npmjs.org/call-bind cache-miss
1334 http fetch GET 200 https://registry.npmjs.org/define-properties 138ms (cache miss)
1335 silly packumentCache full:https://registry.npmjs.org/define-properties set size:undefined disposed:false
1336 silly fetch manifest es-abstract@^1.23.2
1337 silly packumentCache full:https://registry.npmjs.org/es-abstract cache-miss
1338 http fetch GET 200 https://registry.npmjs.org/call-bound 141ms (cache miss)
1339 silly packumentCache full:https://registry.npmjs.org/call-bound set size:undefined disposed:false
1340 silly fetch manifest es-object-atoms@^1.0.0
1341 silly packumentCache full:https://registry.npmjs.org/es-object-atoms cache-miss
1342 http fetch GET 200 https://registry.npmjs.org/call-bound 157ms (cache miss)
1343 silly packumentCache full:https://registry.npmjs.org/call-bound set size:undefined disposed:false
1344 silly fetch manifest call-bind@^1.0.7
1345 silly packumentCache full:https://registry.npmjs.org/call-bind cache-miss
1346 http cache https://registry.npmjs.org/call-bind 55ms (cache hit)
1347 silly packumentCache full:https://registry.npmjs.org/call-bind set size:32985 disposed:false
1348 silly fetch manifest es-abstract@^1.23.2
1349 silly packumentCache full:https://registry.npmjs.org/es-abstract cache-miss
1350 http fetch GET 200 https://registry.npmjs.org/es-abstract 168ms (cache miss)
1351 silly packumentCache full:https://registry.npmjs.org/es-abstract set size:undefined disposed:false
1352 silly fetch manifest call-bound@^1.0.3
1353 silly packumentCache full:https://registry.npmjs.org/call-bound cache-miss
1354 http cache https://registry.npmjs.org/es-object-atoms 31ms (cache hit)
1355 silly packumentCache full:https://registry.npmjs.org/es-object-atoms set size:18278 disposed:false
1356 silly fetch manifest call-bind@^1.0.9
1357 silly packumentCache full:https://registry.npmjs.org/call-bind cache-hit
1358 silly fetch manifest es-object-atoms@^1.1.2
1359 silly packumentCache full:https://registry.npmjs.org/es-object-atoms cache-hit
1360 silly fetch manifest json5@^1.0.2
1361 silly packumentCache full:https://registry.npmjs.org/json5 cache-miss
1362 http cache https://registry.npmjs.org/call-bind 43ms (cache hit)
1363 silly packumentCache full:https://registry.npmjs.org/call-bind set size:32985 disposed:false
1364 silly packumentCache full:https://registry.npmjs.org/call-bind dispose
1365 silly fetch manifest minimist@^1.2.6
1366 silly packumentCache full:https://registry.npmjs.org/minimist cache-miss
1367 http cache https://registry.npmjs.org/call-bind 44ms (cache hit)
1368 silly packumentCache full:https://registry.npmjs.org/call-bind set size:32985 disposed:true
1369 silly packumentCache full:https://registry.npmjs.org/call-bind dispose
1370 silly fetch manifest strip-bom@^3.0.0
1371 silly packumentCache full:https://registry.npmjs.org/strip-bom cache-miss
1372 http fetch GET 200 https://registry.npmjs.org/function-bind 77ms (cache miss)
1373 silly packumentCache full:https://registry.npmjs.org/function-bind set size:undefined disposed:false
1374 silly fetch manifest @types/json5@^0.0.29
1375 silly packumentCache full:https://registry.npmjs.org/@types%2fjson5 cache-miss
1376 http cache https://registry.npmjs.org/call-bound 46ms (cache hit)
1377 silly packumentCache full:https://registry.npmjs.org/call-bound set size:15317 disposed:false
1378 http fetch GET 200 https://registry.npmjs.org/es-abstract 106ms (cache miss)
1379 silly packumentCache full:https://registry.npmjs.org/es-abstract set size:undefined disposed:false
1380 http fetch GET 200 https://registry.npmjs.org/es-abstract 124ms (cache miss)
1381 silly packumentCache full:https://registry.npmjs.org/es-abstract set size:undefined disposed:false
1382 http fetch GET 200 https://registry.npmjs.org/json5 63ms (cache miss)
1383 silly packumentCache full:https://registry.npmjs.org/json5 set size:undefined disposed:false
1384 http fetch GET 200 https://registry.npmjs.org/es-abstract 97ms (cache miss)
1385 silly packumentCache full:https://registry.npmjs.org/es-abstract set size:undefined disposed:false
1386 http fetch GET 200 https://registry.npmjs.org/es-abstract 126ms (cache miss)
1387 silly packumentCache full:https://registry.npmjs.org/es-abstract set size:undefined disposed:false
1388 http fetch GET 200 https://registry.npmjs.org/strip-bom 75ms (cache miss)
1389 silly packumentCache full:https://registry.npmjs.org/strip-bom set size:undefined disposed:false
1390 http fetch GET 200 https://registry.npmjs.org/es-abstract 320ms (cache miss)
1391 silly packumentCache full:https://registry.npmjs.org/es-abstract set size:undefined disposed:false
1392 http fetch GET 200 https://registry.npmjs.org/minimist 163ms (cache miss)
1393 silly packumentCache full:https://registry.npmjs.org/minimist set size:undefined disposed:false
1394 http fetch GET 200 https://registry.npmjs.org/es-shim-unscopables 273ms (cache miss)
1395 silly packumentCache full:https://registry.npmjs.org/es-shim-unscopables set size:undefined disposed:false
1396 http fetch GET 200 https://registry.npmjs.org/es-shim-unscopables 243ms (cache miss)
1397 silly packumentCache full:https://registry.npmjs.org/es-shim-unscopables set size:undefined disposed:false
1398 http fetch GET 200 https://registry.npmjs.org/es-shim-unscopables 262ms (cache miss)
1399 silly packumentCache full:https://registry.npmjs.org/es-shim-unscopables set size:undefined disposed:false
1400 http fetch GET 200 https://registry.npmjs.org/@types%2fjson5 162ms (cache miss)
1401 silly packumentCache full:https://registry.npmjs.org/@types%2fjson5 set size:undefined disposed:false
1402 silly placeDep ROOT call-bind@1.0.9 OK for: array-includes@3.1.9 want: ^1.0.8
1403 silly placeDep ROOT call-bound@1.0.4 OK for: array-includes@3.1.9 want: ^1.0.4
1404 silly placeDep ROOT define-properties@1.2.1 OK for: array-includes@3.1.9 want: ^1.2.1
1405 silly placeDep ROOT es-abstract@1.24.2 OK for: array-includes@3.1.9 want: ^1.24.0
1406 silly placeDep ROOT es-object-atoms@1.1.2 OK for: array-includes@3.1.9 want: ^1.1.1
1407 silly placeDep ROOT get-intrinsic@1.3.0 OK for: array-includes@3.1.9 want: ^1.3.0
1408 silly placeDep ROOT is-string@1.1.1 OK for: array-includes@3.1.9 want: ^1.1.1
1409 silly placeDep ROOT math-intrinsics@1.1.0 OK for: array-includes@3.1.9 want: ^1.1.0
1410 silly fetch manifest call-bind-apply-helpers@^1.0.2
1411 silly packumentCache full:https://registry.npmjs.org/call-bind-apply-helpers cache-miss
1412 silly fetch manifest es-define-property@^1.0.1
1413 silly packumentCache full:https://registry.npmjs.org/es-define-property cache-miss
1414 silly fetch manifest set-function-length@^1.2.2
1415 silly packumentCache full:https://registry.npmjs.org/set-function-length cache-miss
1416 silly fetch manifest call-bind-apply-helpers@^1.0.2
1417 silly packumentCache full:https://registry.npmjs.org/call-bind-apply-helpers cache-miss
1418 silly fetch manifest define-data-property@^1.0.1
1419 silly packumentCache full:https://registry.npmjs.org/define-data-property cache-miss
1420 silly fetch manifest has-property-descriptors@^1.0.0
1421 silly packumentCache full:https://registry.npmjs.org/has-property-descriptors cache-miss
1422 silly fetch manifest array-buffer-byte-length@^1.0.2
1423 silly packumentCache full:https://registry.npmjs.org/array-buffer-byte-length cache-miss
1424 silly fetch manifest arraybuffer.prototype.slice@^1.0.4
1425 silly packumentCache full:https://registry.npmjs.org/arraybuffer.prototype.slice cache-miss
1426 silly fetch manifest available-typed-arrays@^1.0.7
1427 silly packumentCache full:https://registry.npmjs.org/available-typed-arrays cache-miss
1428 silly fetch manifest data-view-buffer@^1.0.2
1429 silly packumentCache full:https://registry.npmjs.org/data-view-buffer cache-miss
1430 silly fetch manifest data-view-byte-length@^1.0.2
1431 silly packumentCache full:https://registry.npmjs.org/data-view-byte-length cache-miss
1432 silly fetch manifest data-view-byte-offset@^1.0.1
1433 silly packumentCache full:https://registry.npmjs.org/data-view-byte-offset cache-miss
1434 silly fetch manifest es-define-property@^1.0.1
1435 silly packumentCache full:https://registry.npmjs.org/es-define-property cache-miss
1436 http fetch GET 200 https://registry.npmjs.org/es-define-property 120ms (cache miss)
1437 silly packumentCache full:https://registry.npmjs.org/es-define-property set size:undefined disposed:false
1438 silly fetch manifest es-set-tostringtag@^2.1.0
1439 silly packumentCache full:https://registry.npmjs.org/es-set-tostringtag cache-miss
1440 http fetch GET 200 https://registry.npmjs.org/call-bind-apply-helpers 122ms (cache miss)
1441 silly packumentCache full:https://registry.npmjs.org/call-bind-apply-helpers set size:undefined disposed:false
1442 silly fetch manifest es-to-primitive@^1.3.0
1443 silly packumentCache full:https://registry.npmjs.org/es-to-primitive cache-miss
1444 http fetch GET 200 https://registry.npmjs.org/set-function-length 130ms (cache miss)
1445 silly packumentCache full:https://registry.npmjs.org/set-function-length set size:undefined disposed:false
1446 silly fetch manifest function.prototype.name@^1.1.8
1447 silly packumentCache full:https://registry.npmjs.org/function.prototype.name cache-miss
1448 http fetch GET 200 https://registry.npmjs.org/data-view-buffer 133ms (cache miss)
1449 silly packumentCache full:https://registry.npmjs.org/data-view-buffer set size:undefined disposed:false
1450 silly fetch manifest get-proto@^1.0.1
1451 silly packumentCache full:https://registry.npmjs.org/get-proto cache-miss
1452 http fetch GET 200 https://registry.npmjs.org/has-property-descriptors 142ms (cache miss)
1453 silly packumentCache full:https://registry.npmjs.org/has-property-descriptors set size:undefined disposed:false
1454 silly fetch manifest get-symbol-description@^1.1.0
1455 silly packumentCache full:https://registry.npmjs.org/get-symbol-description cache-miss
1456 http fetch GET 200 https://registry.npmjs.org/arraybuffer.prototype.slice 150ms (cache miss)
1457 silly packumentCache full:https://registry.npmjs.org/arraybuffer.prototype.slice set size:undefined disposed:false
1458 silly fetch manifest globalthis@^1.0.4
1459 silly packumentCache full:https://registry.npmjs.org/globalthis cache-miss
1460 http fetch GET 200 https://registry.npmjs.org/es-define-property 149ms (cache miss)
1461 silly packumentCache full:https://registry.npmjs.org/es-define-property set size:undefined disposed:false
1462 silly fetch manifest gopd@^1.2.0
1463 silly packumentCache full:https://registry.npmjs.org/gopd cache-miss
1464 http fetch GET 200 https://registry.npmjs.org/data-view-byte-length 170ms (cache miss)
1465 silly packumentCache full:https://registry.npmjs.org/data-view-byte-length set size:undefined disposed:false
1466 silly fetch manifest has-property-descriptors@^1.0.2
1467 silly packumentCache full:https://registry.npmjs.org/has-property-descriptors cache-miss
1468 http fetch GET 200 https://registry.npmjs.org/available-typed-arrays 192ms (cache miss)
1469 silly packumentCache full:https://registry.npmjs.org/available-typed-arrays set size:undefined disposed:false
1470 silly fetch manifest has-proto@^1.2.0
1471 silly packumentCache full:https://registry.npmjs.org/has-proto cache-miss
1472 http fetch GET 200 https://registry.npmjs.org/es-set-tostringtag 77ms (cache miss)
1473 silly packumentCache full:https://registry.npmjs.org/es-set-tostringtag set size:undefined disposed:false
1474 silly fetch manifest has-symbols@^1.1.0
1475 silly packumentCache full:https://registry.npmjs.org/has-symbols cache-miss
1476 http fetch GET 200 https://registry.npmjs.org/define-data-property 201ms (cache miss)
1477 silly packumentCache full:https://registry.npmjs.org/define-data-property set size:undefined disposed:false
1478 silly fetch manifest internal-slot@^1.1.0
1479 silly packumentCache full:https://registry.npmjs.org/internal-slot cache-miss
1480 http fetch GET 200 https://registry.npmjs.org/es-to-primitive 81ms (cache miss)
1481 silly packumentCache full:https://registry.npmjs.org/es-to-primitive set size:undefined disposed:false
1482 silly fetch manifest is-array-buffer@^3.0.5
1483 silly packumentCache full:https://registry.npmjs.org/is-array-buffer cache-miss
1484 http fetch GET 200 https://registry.npmjs.org/get-proto 75ms (cache miss)
1485 silly packumentCache full:https://registry.npmjs.org/get-proto set size:undefined disposed:false
1486 silly fetch manifest is-callable@^1.2.7
1487 silly packumentCache full:https://registry.npmjs.org/is-callable cache-miss
1488 http cache https://registry.npmjs.org/has-property-descriptors 41ms (cache hit)
1489 silly packumentCache full:https://registry.npmjs.org/has-property-descriptors set size:12452 disposed:false
1490 silly fetch manifest is-data-view@^1.0.2
1491 silly packumentCache full:https://registry.npmjs.org/is-data-view cache-miss
1492 http fetch GET 200 https://registry.npmjs.org/get-symbol-description 79ms (cache miss)
1493 silly packumentCache full:https://registry.npmjs.org/get-symbol-description set size:undefined disposed:false
1494 silly fetch manifest is-negative-zero@^2.0.3
1495 silly packumentCache full:https://registry.npmjs.org/is-negative-zero cache-miss
1496 http fetch GET 200 https://registry.npmjs.org/function.prototype.name 95ms (cache miss)
1497 silly packumentCache full:https://registry.npmjs.org/function.prototype.name set size:undefined disposed:false
1498 silly fetch manifest is-regex@^1.2.1
1499 silly packumentCache full:https://registry.npmjs.org/is-regex cache-miss
1500 http fetch GET 200 https://registry.npmjs.org/array-buffer-byte-length 268ms (cache miss)
1501 silly packumentCache full:https://registry.npmjs.org/array-buffer-byte-length set size:undefined disposed:false
1502 silly fetch manifest is-set@^2.0.3
1503 silly packumentCache full:https://registry.npmjs.org/is-set cache-miss
1504 http fetch GET 200 https://registry.npmjs.org/has-symbols 72ms (cache miss)
1505 silly packumentCache full:https://registry.npmjs.org/has-symbols set size:undefined disposed:false
1506 silly fetch manifest is-shared-array-buffer@^1.0.4
1507 silly packumentCache full:https://registry.npmjs.org/is-shared-array-buffer cache-miss
1508 http fetch GET 200 https://registry.npmjs.org/globalthis 130ms (cache miss)
1509 silly packumentCache full:https://registry.npmjs.org/globalthis set size:undefined disposed:false
1510 silly fetch manifest is-typed-array@^1.1.15
1511 silly packumentCache full:https://registry.npmjs.org/is-typed-array cache-miss
1512 http fetch GET 200 https://registry.npmjs.org/has-proto 99ms (cache miss)
1513 silly packumentCache full:https://registry.npmjs.org/has-proto set size:undefined disposed:false
1514 silly fetch manifest is-weakref@^1.1.1
1515 silly packumentCache full:https://registry.npmjs.org/is-weakref cache-miss
1516 http fetch GET 200 https://registry.npmjs.org/is-data-view 84ms (cache miss)
1517 silly packumentCache full:https://registry.npmjs.org/is-data-view set size:undefined disposed:false
1518 silly fetch manifest object-inspect@^1.13.4
1519 silly packumentCache full:https://registry.npmjs.org/object-inspect cache-miss
1520 http fetch GET 200 https://registry.npmjs.org/internal-slot 108ms (cache miss)
1521 silly packumentCache full:https://registry.npmjs.org/internal-slot set size:undefined disposed:false
1522 silly fetch manifest object.assign@^4.1.7
1523 silly packumentCache full:https://registry.npmjs.org/object.assign cache-miss
1524 http fetch GET 200 https://registry.npmjs.org/gopd 160ms (cache miss)
1525 silly packumentCache full:https://registry.npmjs.org/gopd set size:undefined disposed:false
1526 silly fetch manifest own-keys@^1.0.1
1527 silly packumentCache full:https://registry.npmjs.org/own-keys cache-miss
1528 http fetch GET 200 https://registry.npmjs.org/is-negative-zero 95ms (cache miss)
1529 silly packumentCache full:https://registry.npmjs.org/is-negative-zero set size:undefined disposed:false
1530 silly fetch manifest regexp.prototype.flags@^1.5.4
1531 silly packumentCache full:https://registry.npmjs.org/regexp.prototype.flags cache-miss
1532 http fetch GET 200 https://registry.npmjs.org/is-regex 91ms (cache miss)
1533 silly packumentCache full:https://registry.npmjs.org/is-regex set size:undefined disposed:false
1534 silly fetch manifest safe-array-concat@^1.1.3
1535 silly packumentCache full:https://registry.npmjs.org/safe-array-concat cache-miss
1536 http fetch GET 200 https://registry.npmjs.org/is-callable 113ms (cache miss)
1537 silly packumentCache full:https://registry.npmjs.org/is-callable set size:undefined disposed:false
1538 silly fetch manifest safe-push-apply@^1.0.0
1539 silly packumentCache full:https://registry.npmjs.org/safe-push-apply cache-miss
1540 http fetch GET 200 https://registry.npmjs.org/is-array-buffer 129ms (cache miss)
1541 silly packumentCache full:https://registry.npmjs.org/is-array-buffer set size:undefined disposed:false
1542 silly fetch manifest safe-regex-test@^1.1.0
1543 silly packumentCache full:https://registry.npmjs.org/safe-regex-test cache-miss
1544 http cache https://registry.npmjs.org/safe-regex-test 10ms (cache hit)
1545 silly packumentCache full:https://registry.npmjs.org/safe-regex-test set size:17412 disposed:false
1546 silly fetch manifest set-proto@^1.0.0
1547 silly packumentCache full:https://registry.npmjs.org/set-proto cache-miss
1548 http fetch GET 200 https://registry.npmjs.org/call-bind-apply-helpers 373ms (cache miss)
1549 silly packumentCache full:https://registry.npmjs.org/call-bind-apply-helpers set size:undefined disposed:false
1550 silly fetch manifest stop-iteration-iterator@^1.1.0
1551 silly packumentCache full:https://registry.npmjs.org/stop-iteration-iterator cache-miss
1552 http fetch GET 200 https://registry.npmjs.org/is-shared-array-buffer 109ms (cache miss)
1553 silly packumentCache full:https://registry.npmjs.org/is-shared-array-buffer set size:undefined disposed:false
1554 silly fetch manifest string.prototype.trim@^1.2.10
1555 silly packumentCache full:https://registry.npmjs.org/string.prototype.trim cache-miss
1556 http fetch GET 200 https://registry.npmjs.org/own-keys 68ms (cache miss)
1557 silly packumentCache full:https://registry.npmjs.org/own-keys set size:undefined disposed:false
1558 silly fetch manifest string.prototype.trimstart@^1.0.8
1559 silly packumentCache full:https://registry.npmjs.org/string.prototype.trimstart cache-miss
1560 http fetch GET 200 https://registry.npmjs.org/safe-push-apply 74ms (cache miss)
1561 silly packumentCache full:https://registry.npmjs.org/safe-push-apply set size:undefined disposed:false
1562 silly fetch manifest typed-array-buffer@^1.0.3
1563 silly packumentCache full:https://registry.npmjs.org/typed-array-buffer cache-miss
1564 http fetch GET 200 https://registry.npmjs.org/is-set 143ms (cache miss)
1565 silly packumentCache full:https://registry.npmjs.org/is-set set size:undefined disposed:false
1566 silly fetch manifest typed-array-byte-length@^1.0.3
1567 silly packumentCache full:https://registry.npmjs.org/typed-array-byte-length cache-miss
1568 http fetch GET 200 https://registry.npmjs.org/is-typed-array 130ms (cache miss)
1569 silly packumentCache full:https://registry.npmjs.org/is-typed-array set size:undefined disposed:false
1570 silly fetch manifest typed-array-byte-offset@^1.0.4
1571 silly packumentCache full:https://registry.npmjs.org/typed-array-byte-offset cache-miss
1572 http fetch GET 200 https://registry.npmjs.org/object.assign 112ms (cache miss)
1573 silly packumentCache full:https://registry.npmjs.org/object.assign set size:undefined disposed:false
1574 silly fetch manifest typed-array-length@^1.0.7
1575 silly packumentCache full:https://registry.npmjs.org/typed-array-length cache-miss
1576 http fetch GET 200 https://registry.npmjs.org/regexp.prototype.flags 111ms (cache miss)
1577 silly packumentCache full:https://registry.npmjs.org/regexp.prototype.flags set size:undefined disposed:false
1578 silly fetch manifest unbox-primitive@^1.1.0
1579 silly packumentCache full:https://registry.npmjs.org/unbox-primitive cache-miss
1580 http fetch GET 200 https://registry.npmjs.org/is-weakref 139ms (cache miss)
1581 silly packumentCache full:https://registry.npmjs.org/is-weakref set size:undefined disposed:false
1582 silly fetch manifest which-typed-array@^1.1.19
1583 silly packumentCache full:https://registry.npmjs.org/which-typed-array cache-miss
1584 http fetch GET 200 https://registry.npmjs.org/object-inspect 135ms (cache miss)
1585 silly packumentCache full:https://registry.npmjs.org/object-inspect set size:undefined disposed:false
1586 silly fetch manifest has-tostringtag@^1.0.2
1587 silly packumentCache full:https://registry.npmjs.org/has-tostringtag cache-miss
1588 http fetch GET 200 https://registry.npmjs.org/stop-iteration-iterator 82ms (cache miss)
1589 silly packumentCache full:https://registry.npmjs.org/stop-iteration-iterator set size:undefined disposed:false
1590 http fetch GET 200 https://registry.npmjs.org/data-view-byte-offset 451ms (cache miss)
1591 silly packumentCache full:https://registry.npmjs.org/data-view-byte-offset set size:undefined disposed:false
1592 http fetch GET 200 https://registry.npmjs.org/set-proto 108ms (cache miss)
1593 silly packumentCache full:https://registry.npmjs.org/set-proto set size:undefined disposed:false
1594 http fetch GET 200 https://registry.npmjs.org/typed-array-buffer 57ms (cache miss)
1595 silly packumentCache full:https://registry.npmjs.org/typed-array-buffer set size:undefined disposed:false
1596 http fetch GET 200 https://registry.npmjs.org/string.prototype.trimstart 84ms (cache miss)
1597 silly packumentCache full:https://registry.npmjs.org/string.prototype.trimstart set size:undefined disposed:false
1598 http fetch GET 200 https://registry.npmjs.org/string.prototype.trim 100ms (cache miss)
1599 silly packumentCache full:https://registry.npmjs.org/string.prototype.trim set size:undefined disposed:false
1600 http fetch GET 200 https://registry.npmjs.org/typed-array-byte-length 74ms (cache miss)
1601 silly packumentCache full:https://registry.npmjs.org/typed-array-byte-length set size:undefined disposed:false
1602 http fetch GET 200 https://registry.npmjs.org/safe-array-concat 170ms (cache miss)
1603 silly packumentCache full:https://registry.npmjs.org/safe-array-concat set size:undefined disposed:false
1604 http fetch GET 200 https://registry.npmjs.org/typed-array-byte-offset 83ms (cache miss)
1605 silly packumentCache full:https://registry.npmjs.org/typed-array-byte-offset set size:undefined disposed:false
1606 http fetch GET 200 https://registry.npmjs.org/unbox-primitive 71ms (cache miss)
1607 silly packumentCache full:https://registry.npmjs.org/unbox-primitive set size:undefined disposed:false
1608 http fetch GET 200 https://registry.npmjs.org/has-tostringtag 78ms (cache miss)
1609 silly packumentCache full:https://registry.npmjs.org/has-tostringtag set size:undefined disposed:false
1610 http fetch GET 200 https://registry.npmjs.org/typed-array-length 103ms (cache miss)
1611 silly packumentCache full:https://registry.npmjs.org/typed-array-length set size:undefined disposed:false
1612 http fetch GET 200 https://registry.npmjs.org/which-typed-array 94ms (cache miss)
1613 silly packumentCache full:https://registry.npmjs.org/which-typed-array set size:undefined disposed:false
1614 silly placeDep ROOT es-errors@1.3.0 OK for: array.prototype.findlastindex@1.2.6 want: ^1.3.0
1615 silly placeDep ROOT es-shim-unscopables@1.1.0 OK for: array.prototype.findlastindex@1.2.6 want: ^1.1.0
1616 silly placeDep ROOT call-bind-apply-helpers@1.0.2 OK for: call-bind@1.0.9 want: ^1.0.2
1617 silly placeDep ROOT es-define-property@1.0.1 OK for: call-bind@1.0.9 want: ^1.0.1
1618 silly placeDep ROOT set-function-length@1.2.2 OK for: call-bind@1.0.9 want: ^1.2.2
1619 silly fetch manifest define-data-property@^1.1.4
1620 silly packumentCache full:https://registry.npmjs.org/define-data-property cache-miss
1621 silly fetch manifest gopd@^1.0.1
1622 silly packumentCache full:https://registry.npmjs.org/gopd cache-miss
1623 http cache https://registry.npmjs.org/gopd 23ms (cache hit)
1624 silly packumentCache full:https://registry.npmjs.org/gopd set size:11483 disposed:false
1625 http cache https://registry.npmjs.org/define-data-property 25ms (cache hit)
1626 silly packumentCache full:https://registry.npmjs.org/define-data-property set size:28048 disposed:false
1627 silly placeDep ROOT function-bind@1.1.2 OK for: call-bind-apply-helpers@1.0.2 want: ^1.1.2
1628 silly placeDep ROOT define-data-property@1.1.4 OK for: define-properties@1.2.1 want: ^1.0.1
1629 silly placeDep ROOT has-property-descriptors@1.0.2 OK for: define-properties@1.2.1 want: ^1.0.0
1630 silly placeDep ROOT object-keys@1.1.1 OK for: define-properties@1.2.1 want: ^1.1.1
1631 silly placeDep ROOT gopd@1.2.0 OK for: define-data-property@1.1.4 want: ^1.0.1
1632 silly placeDep ROOT array-buffer-byte-length@1.0.2 OK for: es-abstract@1.24.2 want: ^1.0.2
1633 silly placeDep ROOT arraybuffer.prototype.slice@1.0.4 OK for: es-abstract@1.24.2 want: ^1.0.4
1634 silly placeDep ROOT available-typed-arrays@1.0.7 OK for: es-abstract@1.24.2 want: ^1.0.7
1635 silly placeDep ROOT data-view-buffer@1.0.2 OK for: es-abstract@1.24.2 want: ^1.0.2
1636 silly placeDep ROOT data-view-byte-length@1.0.2 OK for: es-abstract@1.24.2 want: ^1.0.2
1637 silly placeDep ROOT data-view-byte-offset@1.0.1 OK for: es-abstract@1.24.2 want: ^1.0.1
1638 silly placeDep ROOT es-set-tostringtag@2.1.0 OK for: es-abstract@1.24.2 want: ^2.1.0
1639 silly placeDep ROOT es-to-primitive@1.3.4 OK for: es-abstract@1.24.2 want: ^1.3.0
1640 silly placeDep ROOT function.prototype.name@1.2.0 OK for: es-abstract@1.24.2 want: ^1.1.8
1641 silly placeDep ROOT get-proto@1.0.1 OK for: es-abstract@1.24.2 want: ^1.0.1
1642 silly placeDep ROOT get-symbol-description@1.1.0 OK for: es-abstract@1.24.2 want: ^1.1.0
1643 silly placeDep ROOT globalthis@1.0.4 OK for: es-abstract@1.24.2 want: ^1.0.4
1644 silly placeDep ROOT has-proto@1.2.0 OK for: es-abstract@1.24.2 want: ^1.2.0
1645 silly placeDep ROOT has-symbols@1.1.0 OK for: es-abstract@1.24.2 want: ^1.1.0
1646 silly placeDep ROOT internal-slot@1.1.0 OK for: es-abstract@1.24.2 want: ^1.1.0
1647 silly placeDep ROOT is-array-buffer@3.0.5 OK for: es-abstract@1.24.2 want: ^3.0.5
1648 silly placeDep ROOT is-callable@1.2.7 OK for: es-abstract@1.24.2 want: ^1.2.7
1649 silly placeDep ROOT is-data-view@1.0.2 OK for: es-abstract@1.24.2 want: ^1.0.2
1650 silly placeDep ROOT is-negative-zero@2.0.3 OK for: es-abstract@1.24.2 want: ^2.0.3
1651 silly placeDep ROOT is-regex@1.2.1 OK for: es-abstract@1.24.2 want: ^1.2.1
1652 silly placeDep ROOT is-set@2.0.3 OK for: es-abstract@1.24.2 want: ^2.0.3
1653 silly placeDep ROOT is-shared-array-buffer@1.0.4 OK for: es-abstract@1.24.2 want: ^1.0.4
1654 silly placeDep ROOT is-typed-array@1.1.15 OK for: es-abstract@1.24.2 want: ^1.1.15
1655 silly placeDep ROOT is-weakref@1.1.1 OK for: es-abstract@1.24.2 want: ^1.1.1
1656 silly placeDep ROOT object-inspect@1.13.4 OK for: es-abstract@1.24.2 want: ^1.13.4
1657 silly placeDep ROOT object.assign@4.1.7 OK for: es-abstract@1.24.2 want: ^4.1.7
1658 silly placeDep ROOT own-keys@1.0.2 OK for: es-abstract@1.24.2 want: ^1.0.1
1659 silly placeDep ROOT regexp.prototype.flags@1.5.4 OK for: es-abstract@1.24.2 want: ^1.5.4
1660 silly placeDep ROOT safe-array-concat@1.1.4 OK for: es-abstract@1.24.2 want: ^1.1.3
1661 silly placeDep ROOT safe-push-apply@1.0.0 OK for: es-abstract@1.24.2 want: ^1.0.0
1662 silly placeDep ROOT safe-regex-test@1.1.0 OK for: es-abstract@1.24.2 want: ^1.1.0
1663 silly placeDep ROOT set-proto@1.0.0 OK for: es-abstract@1.24.2 want: ^1.0.0
1664 silly placeDep ROOT stop-iteration-iterator@1.1.0 OK for: es-abstract@1.24.2 want: ^1.1.0
1665 silly placeDep ROOT string.prototype.trim@1.2.11 OK for: es-abstract@1.24.2 want: ^1.2.10
1666 silly placeDep ROOT string.prototype.trimstart@1.0.8 OK for: es-abstract@1.24.2 want: ^1.0.8
1667 silly placeDep ROOT typed-array-buffer@1.0.3 OK for: es-abstract@1.24.2 want: ^1.0.3
1668 silly placeDep ROOT typed-array-byte-length@1.0.3 OK for: es-abstract@1.24.2 want: ^1.0.3
1669 silly placeDep ROOT typed-array-byte-offset@1.0.4 OK for: es-abstract@1.24.2 want: ^1.0.4
1670 silly placeDep ROOT typed-array-length@1.0.8 OK for: es-abstract@1.24.2 want: ^1.0.7
1671 silly placeDep ROOT unbox-primitive@1.1.0 OK for: es-abstract@1.24.2 want: ^1.1.0
1672 silly placeDep ROOT which-typed-array@1.1.22 OK for: es-abstract@1.24.2 want: ^1.1.19
1673 silly fetch manifest is-array-buffer@^3.0.4
1674 silly packumentCache full:https://registry.npmjs.org/is-array-buffer cache-miss
1675 silly fetch manifest possible-typed-array-names@^1.0.0
1676 silly packumentCache full:https://registry.npmjs.org/possible-typed-array-names cache-miss
1677 silly fetch manifest is-data-view@^1.0.1
1678 silly packumentCache full:https://registry.npmjs.org/is-data-view cache-miss
1679 silly fetch manifest is-symbol@^1.1.1
1680 silly packumentCache full:https://registry.npmjs.org/is-symbol cache-miss
1681 silly fetch manifest is-date-object@^1.1.0
1682 silly packumentCache full:https://registry.npmjs.org/is-date-object cache-miss
1683 silly fetch manifest es-abstract-get@^1.0.0
1684 silly packumentCache full:https://registry.npmjs.org/es-abstract-get cache-miss
1685 silly fetch manifest is-document.all@^1.0.0
1686 silly packumentCache full:https://registry.npmjs.org/is-document.all cache-miss
1687 silly fetch manifest functions-have-names@^1.2.3
1688 silly packumentCache full:https://registry.npmjs.org/functions-have-names cache-miss
1689 silly fetch manifest dunder-proto@^1.0.1
1690 silly packumentCache full:https://registry.npmjs.org/dunder-proto cache-miss
1691 silly fetch manifest dunder-proto@^1.0.0
1692 silly packumentCache full:https://registry.npmjs.org/dunder-proto cache-miss
1693 silly fetch manifest side-channel@^1.1.0
1694 silly packumentCache full:https://registry.npmjs.org/side-channel cache-miss
1695 silly fetch manifest is-typed-array@^1.1.13
1696 silly packumentCache full:https://registry.npmjs.org/is-typed-array cache-miss
1697 silly fetch manifest which-typed-array@^1.1.16
1698 silly packumentCache full:https://registry.npmjs.org/which-typed-array cache-miss
1699 http cache https://registry.npmjs.org/is-array-buffer 29ms (cache hit)
1700 silly packumentCache full:https://registry.npmjs.org/is-array-buffer set size:33562 disposed:false
1701 silly fetch manifest set-function-name@^2.0.2
1702 silly packumentCache full:https://registry.npmjs.org/set-function-name cache-miss
1703 http cache https://registry.npmjs.org/is-data-view 32ms (cache hit)
1704 silly packumentCache full:https://registry.npmjs.org/is-data-view set size:13756 disposed:false
1705 silly fetch manifest isarray@^2.0.5
1706 silly packumentCache full:https://registry.npmjs.org/isarray cache-miss
1707 http cache https://registry.npmjs.org/is-typed-array 31ms (cache hit)
1708 silly packumentCache full:https://registry.npmjs.org/is-typed-array set size:79965 disposed:false
1709 silly fetch manifest isarray@^2.0.5
1710 silly packumentCache full:https://registry.npmjs.org/isarray cache-miss
1711 http cache https://registry.npmjs.org/which-typed-array 34ms (cache hit)
1712 silly packumentCache full:https://registry.npmjs.org/which-typed-array set size:101551 disposed:false
1713 silly fetch manifest dunder-proto@^1.0.1
1714 silly packumentCache full:https://registry.npmjs.org/dunder-proto cache-miss
1715 http fetch GET 200 https://registry.npmjs.org/dunder-proto 71ms (cache miss)
1716 silly packumentCache full:https://registry.npmjs.org/dunder-proto set size:undefined disposed:false
1717 silly fetch manifest for-each@^0.3.3
1718 silly packumentCache full:https://registry.npmjs.org/for-each cache-miss
1719 http fetch GET 200 https://registry.npmjs.org/is-document.all 82ms (cache miss)
1720 silly packumentCache full:https://registry.npmjs.org/is-document.all set size:undefined disposed:false
1721 silly fetch manifest for-each@^0.3.3
1722 silly packumentCache full:https://registry.npmjs.org/for-each cache-miss
1723 http fetch GET 200 https://registry.npmjs.org/es-abstract-get 139ms (cache miss)
1724 silly packumentCache full:https://registry.npmjs.org/es-abstract-get set size:undefined disposed:false
1725 silly fetch manifest reflect.getprototypeof@^1.0.9
1726 silly packumentCache full:https://registry.npmjs.org/reflect.getprototypeof cache-miss
1727 http fetch GET 200 https://registry.npmjs.org/side-channel 139ms (cache miss)
1728 silly packumentCache full:https://registry.npmjs.org/side-channel set size:undefined disposed:false
1729 silly fetch manifest for-each@^0.3.5
1730 silly packumentCache full:https://registry.npmjs.org/for-each cache-miss
1731 http fetch GET 200 https://registry.npmjs.org/is-symbol 150ms (cache miss)
1732 silly packumentCache full:https://registry.npmjs.org/is-symbol set size:undefined disposed:false
1733 silly fetch manifest possible-typed-array-names@^1.1.0
1734 silly packumentCache full:https://registry.npmjs.org/possible-typed-array-names cache-miss
1735 http fetch GET 200 https://registry.npmjs.org/is-date-object 152ms (cache miss)
1736 silly packumentCache full:https://registry.npmjs.org/is-date-object set size:undefined disposed:false
1737 silly fetch manifest reflect.getprototypeof@^1.0.10
1738 silly packumentCache full:https://registry.npmjs.org/reflect.getprototypeof cache-miss
1739 http fetch GET 200 https://registry.npmjs.org/functions-have-names 154ms (cache miss)
1740 silly packumentCache full:https://registry.npmjs.org/functions-have-names set size:undefined disposed:false
1741 silly fetch manifest has-bigints@^1.0.2
1742 silly packumentCache full:https://registry.npmjs.org/has-bigints cache-miss
1743 http fetch GET 200 https://registry.npmjs.org/possible-typed-array-names 165ms (cache miss)
1744 silly packumentCache full:https://registry.npmjs.org/possible-typed-array-names set size:undefined disposed:false
1745 silly fetch manifest which-boxed-primitive@^1.1.1
1746 silly packumentCache full:https://registry.npmjs.org/which-boxed-primitive cache-miss
1747 http fetch GET 200 https://registry.npmjs.org/dunder-proto 171ms (cache miss)
1748 silly packumentCache full:https://registry.npmjs.org/dunder-proto set size:undefined disposed:false
1749 silly fetch manifest for-each@^0.3.5
1750 silly packumentCache full:https://registry.npmjs.org/for-each cache-miss
1751 http fetch GET 200 https://registry.npmjs.org/for-each 101ms (cache miss)
1752 silly packumentCache full:https://registry.npmjs.org/for-each set size:undefined disposed:false
1753 http fetch GET 200 https://registry.npmjs.org/dunder-proto 136ms (cache miss)
1754 silly packumentCache full:https://registry.npmjs.org/dunder-proto set size:undefined disposed:false
1755 http fetch GET 200 https://registry.npmjs.org/set-function-name 152ms (cache miss)
1756 silly packumentCache full:https://registry.npmjs.org/set-function-name set size:undefined disposed:false
1757 http fetch GET 200 https://registry.npmjs.org/isarray 153ms (cache miss)
1758 silly packumentCache full:https://registry.npmjs.org/isarray set size:undefined disposed:false
1759 http fetch GET 200 https://registry.npmjs.org/isarray 151ms (cache miss)
1760 silly packumentCache full:https://registry.npmjs.org/isarray set size:undefined disposed:false
1761 http cache https://registry.npmjs.org/possible-typed-array-names 41ms (cache hit)
1762 silly packumentCache full:https://registry.npmjs.org/possible-typed-array-names set size:9167 disposed:false
1763 http fetch GET 200 https://registry.npmjs.org/for-each 112ms (cache miss)
1764 silly packumentCache full:https://registry.npmjs.org/for-each set size:undefined disposed:false
1765 http cache https://registry.npmjs.org/for-each 42ms (cache hit)
1766 silly packumentCache full:https://registry.npmjs.org/for-each set size:14327 disposed:false
1767 http fetch GET 200 https://registry.npmjs.org/for-each 96ms (cache miss)
1768 silly packumentCache full:https://registry.npmjs.org/for-each set size:undefined disposed:false
1769 silly packumentCache full:https://registry.npmjs.org/for-each dispose
1770 http fetch GET 200 https://registry.npmjs.org/reflect.getprototypeof 106ms (cache miss)
1771 silly packumentCache full:https://registry.npmjs.org/reflect.getprototypeof set size:undefined disposed:false
1772 http fetch GET 200 https://registry.npmjs.org/reflect.getprototypeof 98ms (cache miss)
1773 silly packumentCache full:https://registry.npmjs.org/reflect.getprototypeof set size:undefined disposed:false
1774 http fetch GET 200 https://registry.npmjs.org/has-bigints 94ms (cache miss)
1775 silly packumentCache full:https://registry.npmjs.org/has-bigints set size:undefined disposed:false
1776 http fetch GET 200 https://registry.npmjs.org/which-boxed-primitive 92ms (cache miss)
1777 silly packumentCache full:https://registry.npmjs.org/which-boxed-primitive set size:undefined disposed:false
1778 silly placeDep ROOT possible-typed-array-names@1.1.0 OK for: available-typed-arrays@1.0.7 want: ^1.0.0
1779 silly placeDep ROOT has-tostringtag@1.0.2 OK for: es-set-tostringtag@2.1.0 want: ^1.0.2
1780 silly placeDep ROOT es-abstract-get@1.0.0 OK for: es-to-primitive@1.3.4 want: ^1.0.0
1781 silly placeDep ROOT is-date-object@1.1.0 OK for: es-to-primitive@1.3.4 want: ^1.1.0
1782 silly placeDep ROOT is-symbol@1.1.1 OK for: es-to-primitive@1.3.4 want: ^1.1.1
1783 silly placeDep node_modules/eslint-module-utils debug@3.2.7 OK for: eslint-module-utils@2.14.0 want: ^3.2.7
1784 silly placeDep ROOT aria-query@5.3.2 OK for: eslint-plugin-jsx-a11y@6.10.2 want: ^5.3.2
1785 silly placeDep ROOT ast-types-flow@0.0.8 OK for: eslint-plugin-jsx-a11y@6.10.2 want: ^0.0.8
1786 silly placeDep ROOT axe-core@4.13.0 OK for: eslint-plugin-jsx-a11y@6.10.2 want: ^4.10.0
1787 silly placeDep ROOT axobject-query@4.1.0 OK for: eslint-plugin-jsx-a11y@6.10.2 want: ^4.1.0
1788 silly placeDep ROOT damerau-levenshtein@1.0.8 OK for: eslint-plugin-jsx-a11y@6.10.2 want: ^1.0.8
1789 silly placeDep ROOT emoji-regex@9.2.2 OK for: eslint-plugin-jsx-a11y@6.10.2 want: ^9.2.2
1790 silly placeDep ROOT jsx-ast-utils@3.3.5 OK for: eslint-plugin-jsx-a11y@6.10.2 want: ^3.3.5
1791 silly placeDep ROOT language-tags@1.0.9 OK for: eslint-plugin-jsx-a11y@6.10.2 want: ^1.0.9
1792 silly placeDep ROOT string.prototype.includes@2.0.1 OK for: eslint-plugin-jsx-a11y@6.10.2 want: ^2.0.1
1793 silly fetch manifest language-subtag-registry@^0.3.20
1794 silly packumentCache full:https://registry.npmjs.org/language-subtag-registry cache-miss
1795 http fetch GET 200 https://registry.npmjs.org/language-subtag-registry 106ms (cache miss)
1796 silly packumentCache full:https://registry.npmjs.org/language-subtag-registry set size:undefined disposed:false
1797 silly placeDep ROOT array.prototype.findlast@1.2.5 OK for: eslint-plugin-react@7.37.5 want: ^1.2.5
1798 silly placeDep ROOT array.prototype.tosorted@1.1.4 OK for: eslint-plugin-react@7.37.5 want: ^1.1.4
1799 silly placeDep ROOT es-iterator-helpers@1.4.0 OK for: eslint-plugin-react@7.37.5 want: ^1.2.1
1800 silly placeDep ROOT estraverse@5.3.0 OK for: eslint-plugin-react@7.37.5 want: ^5.3.0
1801 silly placeDep ROOT object.entries@1.1.9 OK for: eslint-plugin-react@7.37.5 want: ^1.1.9
1802 silly placeDep ROOT prop-types@15.8.1 OK for: eslint-plugin-react@7.37.5 want: ^15.8.1
1803 silly placeDep node_modules/eslint-plugin-react semver@6.3.1 OK for: eslint-plugin-react@7.37.5 want: ^6.3.1
1804 silly placeDep ROOT string.prototype.matchall@4.1.0 OK for: eslint-plugin-react@7.37.5 want: ^4.0.12
1805 silly placeDep ROOT string.prototype.repeat@1.0.0 OK for: eslint-plugin-react@7.37.5 want: ^1.0.0
1806 silly fetch manifest iterator.prototype@^1.1.5
1807 silly packumentCache full:https://registry.npmjs.org/iterator.prototype cache-miss
1808 silly fetch manifest loose-envify@^1.4.0
1809 silly packumentCache full:https://registry.npmjs.org/loose-envify cache-miss
1810 silly fetch manifest object-assign@^4.1.1
1811 silly packumentCache full:https://registry.npmjs.org/object-assign cache-miss
1812 silly fetch manifest react-is@^16.13.1
1813 silly packumentCache full:https://registry.npmjs.org/react-is cache-miss
1814 silly fetch manifest side-channel@^1.1.1
1815 silly packumentCache full:https://registry.npmjs.org/side-channel cache-miss
1816 http cache https://registry.npmjs.org/side-channel 15ms (cache hit)
1817 silly packumentCache full:https://registry.npmjs.org/side-channel set size:27650 disposed:false
1818 http fetch GET 200 https://registry.npmjs.org/loose-envify 78ms (cache miss)
1819 silly packumentCache full:https://registry.npmjs.org/loose-envify set size:undefined disposed:false
1820 http fetch GET 200 https://registry.npmjs.org/iterator.prototype 90ms (cache miss)
1821 silly packumentCache full:https://registry.npmjs.org/iterator.prototype set size:undefined disposed:false
1822 http fetch GET 200 https://registry.npmjs.org/object-assign 92ms (cache miss)
1823 silly packumentCache full:https://registry.npmjs.org/object-assign set size:undefined disposed:false
1824 http fetch GET 200 https://registry.npmjs.org/react-is 1559ms (cache miss)
1825 silly packumentCache full:https://registry.npmjs.org/react-is set size:undefined disposed:false
1826 silly placeDep ROOT iterator.prototype@1.1.5 OK for: es-iterator-helpers@1.4.0 want: ^1.1.5
1827 silly placeDep ROOT esrecurse@4.3.0 OK for: eslint-scope@8.4.0 want: ^4.3.0
1828 silly placeDep ROOT acorn@8.18.0 OK for: espree@10.4.0 want: ^8.15.0
1829 silly placeDep ROOT acorn-jsx@5.3.2 OK for: espree@10.4.0 want: ^5.3.2
1830 silly placeDep ROOT @nodelib/fs.stat@2.0.5 OK for: fast-glob@3.3.1 want: ^2.0.2
1831 silly placeDep ROOT @nodelib/fs.walk@1.2.8 OK for: fast-glob@3.3.1 want: ^1.2.3
1832 silly placeDep node_modules/fast-glob glob-parent@5.1.2 OK for: fast-glob@3.3.1 want: ^5.1.2
1833 silly placeDep ROOT merge2@1.4.1 OK for: fast-glob@3.3.1 want: ^1.3.0
1834 silly placeDep ROOT micromatch@4.0.8 OK for: fast-glob@3.3.1 want: ^4.0.4
1835 silly fetch manifest fastq@^1.6.0
1836 silly packumentCache full:https://registry.npmjs.org/fastq cache-miss
1837 silly fetch manifest @nodelib/fs.scandir@2.1.5
1838 silly packumentCache full:https://registry.npmjs.org/@nodelib%2ffs.scandir cache-miss
1839 silly fetch manifest braces@^3.0.3
1840 silly packumentCache full:https://registry.npmjs.org/braces cache-miss
1841 silly fetch manifest picomatch@^2.3.1
1842 silly packumentCache full:https://registry.npmjs.org/picomatch cache-miss
1843 http cache https://registry.npmjs.org/picomatch 13ms (cache hit)
1844 silly packumentCache full:https://registry.npmjs.org/picomatch set size:134451 disposed:false
1845 http fetch GET 200 https://registry.npmjs.org/braces 57ms (cache miss)
1846 silly packumentCache full:https://registry.npmjs.org/braces set size:undefined disposed:false
1847 http fetch GET 200 https://registry.npmjs.org/@nodelib%2ffs.scandir 71ms (cache miss)
1848 silly packumentCache full:https://registry.npmjs.org/@nodelib%2ffs.scandir set size:undefined disposed:false
1849 http fetch GET 200 https://registry.npmjs.org/fastq 535ms (cache miss)
1850 silly packumentCache full:https://registry.npmjs.org/fastq set size:undefined disposed:false
1851 silly placeDep ROOT @nodelib/fs.scandir@2.1.5 OK for: @nodelib/fs.walk@1.2.8 want: 2.1.5
1852 silly placeDep ROOT fastq@1.20.3 OK for: @nodelib/fs.walk@1.2.8 want: ^1.6.0
1853 silly fetch manifest run-parallel@^1.1.9
1854 silly packumentCache full:https://registry.npmjs.org/run-parallel cache-miss
1855 silly fetch manifest reusify@^1.0.4
1856 silly packumentCache full:https://registry.npmjs.org/reusify cache-miss
1857 http fetch GET 200 https://registry.npmjs.org/run-parallel 65ms (cache miss)
1858 silly packumentCache full:https://registry.npmjs.org/run-parallel set size:undefined disposed:false
1859 http fetch GET 200 https://registry.npmjs.org/reusify 333ms (cache miss)
1860 silly packumentCache full:https://registry.npmjs.org/reusify set size:undefined disposed:false
1861 silly placeDep ROOT run-parallel@1.2.0 OK for: @nodelib/fs.scandir@2.1.5 want: ^1.1.9
1862 silly fetch manifest queue-microtask@^1.2.2
1863 silly packumentCache full:https://registry.npmjs.org/queue-microtask cache-miss
1864 http fetch GET 200 https://registry.npmjs.org/queue-microtask 55ms (cache miss)
1865 silly packumentCache full:https://registry.npmjs.org/queue-microtask set size:undefined disposed:false
1866 silly placeDep ROOT reusify@1.1.0 OK for: fastq@1.20.3 want: ^1.0.4
1867 silly placeDep ROOT flat-cache@4.0.1 OK for: file-entry-cache@8.0.0 want: ^4.0.0
1868 silly fetch manifest keyv@^4.5.4
1869 silly packumentCache full:https://registry.npmjs.org/keyv cache-miss
1870 silly fetch manifest flatted@^3.2.9
1871 silly packumentCache full:https://registry.npmjs.org/flatted cache-miss
1872 http fetch GET 200 https://registry.npmjs.org/flatted 89ms (cache miss)
1873 silly packumentCache full:https://registry.npmjs.org/flatted set size:undefined disposed:false
1874 http fetch GET 200 https://registry.npmjs.org/keyv 93ms (cache miss)
1875 silly packumentCache full:https://registry.npmjs.org/keyv set size:undefined disposed:false
1876 silly placeDep ROOT locate-path@6.0.0 OK for: find-up@5.0.0 want: ^6.0.0
1877 silly placeDep ROOT path-exists@4.0.0 OK for: find-up@5.0.0 want: ^4.0.0
1878 silly fetch manifest p-locate@^5.0.0
1879 silly packumentCache full:https://registry.npmjs.org/p-locate cache-miss
1880 http fetch GET 200 https://registry.npmjs.org/p-locate 124ms (cache miss)
1881 silly packumentCache full:https://registry.npmjs.org/p-locate set size:undefined disposed:false
1882 silly placeDep ROOT flatted@3.4.4 OK for: flat-cache@4.0.1 want: ^3.2.9
1883 silly placeDep ROOT keyv@4.5.4 OK for: flat-cache@4.0.1 want: ^4.5.4
1884 silly fetch manifest json-buffer@3.0.1
1885 silly packumentCache full:https://registry.npmjs.org/json-buffer cache-miss
1886 http fetch GET 200 https://registry.npmjs.org/json-buffer 95ms (cache miss)
1887 silly packumentCache full:https://registry.npmjs.org/json-buffer set size:undefined disposed:false
1888 silly placeDep ROOT functions-have-names@1.2.3 OK for: function.prototype.name@1.2.0 want: ^1.2.3
1889 silly placeDep ROOT is-document.all@1.0.0 OK for: function.prototype.name@1.2.0 want: ^1.0.0
1890 silly placeDep ROOT dunder-proto@1.0.1 OK for: get-proto@1.0.1 want: ^1.0.1
1891 silly placeDep ROOT resolve-pkg-maps@1.0.0 OK for: get-tsconfig@4.14.3 want: ^1.0.0
1892 silly placeDep ROOT parent-module@1.0.1 OK for: import-fresh@3.3.1 want: ^1.0.0
1893 silly placeDep ROOT resolve-from@4.0.0 OK for: import-fresh@3.3.1 want: ^4.0.0
1894 silly fetch manifest callsites@^3.0.0
1895 silly packumentCache full:https://registry.npmjs.org/callsites cache-miss
1896 http fetch GET 200 https://registry.npmjs.org/callsites 183ms (cache miss)
1897 silly packumentCache full:https://registry.npmjs.org/callsites set size:undefined disposed:false
1898 silly placeDep ROOT side-channel@1.1.1 OK for: internal-slot@1.1.0 want: ^1.1.0
1899 silly fetch manifest side-channel-list@^1.0.1
1900 silly packumentCache full:https://registry.npmjs.org/side-channel-list cache-miss
1901 silly fetch manifest side-channel-map@^1.0.1
1902 silly packumentCache full:https://registry.npmjs.org/side-channel-map cache-miss
1903 silly fetch manifest side-channel-weakmap@^1.0.2
1904 silly packumentCache full:https://registry.npmjs.org/side-channel-weakmap cache-miss
1905 http fetch GET 200 https://registry.npmjs.org/side-channel-weakmap 59ms (cache miss)
1906 silly packumentCache full:https://registry.npmjs.org/side-channel-weakmap set size:undefined disposed:false
1907 http fetch GET 200 https://registry.npmjs.org/side-channel-list 71ms (cache miss)
1908 silly packumentCache full:https://registry.npmjs.org/side-channel-list set size:undefined disposed:false
1909 http fetch GET 200 https://registry.npmjs.org/side-channel-map 76ms (cache miss)
1910 silly packumentCache full:https://registry.npmjs.org/side-channel-map set size:undefined disposed:false
1911 silly placeDep ROOT is-extglob@2.1.1 OK for: is-glob@4.0.3 want: ^2.1.1
1912 silly placeDep ROOT set-function-name@2.0.2 OK for: iterator.prototype@1.1.5 want: ^2.0.2
1913 silly placeDep ROOT argparse@2.0.1 OK for: js-yaml@4.3.2 want: ^2.0.1
1914 silly placeDep ROOT json-buffer@3.0.1 OK for: keyv@4.5.4 want: 3.0.1
1915 silly placeDep ROOT language-subtag-registry@0.3.23 OK for: language-tags@1.0.9 want: ^0.3.20
1916 silly placeDep ROOT prelude-ls@1.2.1 OK for: levn@0.4.1 want: ^1.2.1
1917 silly placeDep ROOT type-check@0.4.0 OK for: levn@0.4.1 want: ~0.4.0
1918 silly placeDep ROOT detect-libc@2.1.2 OK for: lightningcss@1.32.0 want: ^2.0.3
1919 silly placeDep ROOT lightningcss-android-arm64@1.32.0 OK for: lightningcss@1.32.0 want: 1.32.0
1920 silly placeDep ROOT lightningcss-darwin-arm64@1.32.0 OK for: lightningcss@1.32.0 want: 1.32.0
1921 silly placeDep ROOT lightningcss-darwin-x64@1.32.0 OK for: lightningcss@1.32.0 want: 1.32.0
1922 silly placeDep ROOT lightningcss-freebsd-x64@1.32.0 OK for: lightningcss@1.32.0 want: 1.32.0
1923 silly placeDep ROOT lightningcss-linux-arm-gnueabihf@1.32.0 OK for: lightningcss@1.32.0 want: 1.32.0
1924 silly placeDep ROOT lightningcss-linux-arm64-gnu@1.32.0 OK for: lightningcss@1.32.0 want: 1.32.0
1925 silly placeDep ROOT lightningcss-linux-arm64-musl@1.32.0 OK for: lightningcss@1.32.0 want: 1.32.0
1926 silly placeDep ROOT lightningcss-linux-x64-gnu@1.32.0 OK for: lightningcss@1.32.0 want: 1.32.0
1927 silly placeDep ROOT lightningcss-linux-x64-musl@1.32.0 OK for: lightningcss@1.32.0 want: 1.32.0
1928 silly placeDep ROOT lightningcss-win32-arm64-msvc@1.32.0 OK for: lightningcss@1.32.0 want: 1.32.0
1929 silly placeDep ROOT lightningcss-win32-x64-msvc@1.32.0 OK for: lightningcss@1.32.0 want: 1.32.0
1930 silly placeDep ROOT p-locate@5.0.0 OK for: locate-path@6.0.0 want: ^5.0.0
1931 silly fetch manifest p-limit@^3.0.2
1932 silly packumentCache full:https://registry.npmjs.org/p-limit cache-miss
1933 http fetch GET 200 https://registry.npmjs.org/p-limit 54ms (cache miss)
1934 silly packumentCache full:https://registry.npmjs.org/p-limit set size:undefined disposed:false
1935 silly placeDep ROOT braces@3.0.3 OK for: micromatch@4.0.8 want: ^3.0.3
1936 silly placeDep ROOT picomatch@2.3.2 OK for: micromatch@4.0.8 want: ^2.3.1
1937 silly fetch manifest fill-range@^7.1.1
1938 silly packumentCache full:https://registry.npmjs.org/fill-range cache-miss
1939 http fetch GET 200 https://registry.npmjs.org/fill-range 509ms (cache miss)
1940 silly packumentCache full:https://registry.npmjs.org/fill-range set size:undefined disposed:false
1941 silly placeDep ROOT fill-range@7.1.1 OK for: braces@3.0.3 want: ^7.1.1
1942 silly fetch manifest to-regex-range@^5.0.1
1943 silly packumentCache full:https://registry.npmjs.org/to-regex-range cache-miss
1944 http fetch GET 200 https://registry.npmjs.org/to-regex-range 55ms (cache miss)
1945 silly packumentCache full:https://registry.npmjs.org/to-regex-range set size:undefined disposed:false
1946 silly placeDep ROOT to-regex-range@5.0.1 OK for: fill-range@7.1.1 want: ^5.0.1
1947 silly fetch manifest is-number@^7.0.0
1948 silly packumentCache full:https://registry.npmjs.org/is-number cache-miss
1949 http fetch GET 200 https://registry.npmjs.org/is-number 56ms (cache miss)
1950 silly packumentCache full:https://registry.npmjs.org/is-number set size:undefined disposed:false
1951 silly placeDep ROOT brace-expansion@1.1.18 OK for: minimatch@3.1.5 want: ^1.1.7
1952 silly fetch manifest concat-map@0.0.1
1953 silly packumentCache full:https://registry.npmjs.org/concat-map cache-miss
1954 silly fetch manifest balanced-match@^1.0.0
1955 silly packumentCache full:https://registry.npmjs.org/balanced-match cache-miss
1956 http fetch GET 200 https://registry.npmjs.org/balanced-match 91ms (cache miss)
1957 silly packumentCache full:https://registry.npmjs.org/balanced-match set size:undefined disposed:false
1958 http fetch GET 200 https://registry.npmjs.org/concat-map 96ms (cache miss)
1959 silly packumentCache full:https://registry.npmjs.org/concat-map set size:undefined disposed:false
1960 silly placeDep ROOT balanced-match@1.0.2 OK for: brace-expansion@1.1.18 want: ^1.0.0
1961 silly placeDep ROOT concat-map@0.0.1 OK for: brace-expansion@1.1.18 want: 0.0.1
1962 silly fetch manifest react@^18.2.0 || 19.0.0-rc-de68d2f4-20241204 || ^19.0.0
1963 silly packumentCache full:https://registry.npmjs.org/react cache-miss
1964 http cache https://registry.npmjs.org/react 43ms (cache hit)
1965 silly packumentCache full:https://registry.npmjs.org/react set size:6958478 disposed:false
1966 silly placeDep ROOT @next/env@15.5.25 OK for: next@15.5.25 want: 15.5.25
1967 silly placeDep ROOT @next/swc-darwin-arm64@15.5.25 OK for: next@15.5.25 want: 15.5.25
1968 silly placeDep ROOT @next/swc-darwin-x64@15.5.25 OK for: next@15.5.25 want: 15.5.25
1969 silly placeDep ROOT @next/swc-linux-arm64-gnu@15.5.25 OK for: next@15.5.25 want: 15.5.25
1970 silly placeDep ROOT @next/swc-linux-arm64-musl@15.5.25 OK for: next@15.5.25 want: 15.5.25
1971 silly placeDep ROOT @next/swc-linux-x64-gnu@15.5.25 OK for: next@15.5.25 want: 15.5.25
1972 silly placeDep ROOT @next/swc-linux-x64-musl@15.5.25 OK for: next@15.5.25 want: 15.5.25
1973 silly placeDep ROOT @next/swc-win32-arm64-msvc@15.5.25 OK for: next@15.5.25 want: 15.5.25
1974 silly placeDep ROOT @next/swc-win32-x64-msvc@15.5.25 OK for: next@15.5.25 want: 15.5.25
1975 silly placeDep ROOT @swc/helpers@0.5.15 OK for: next@15.5.25 want: 0.5.15
1976 silly placeDep ROOT caniuse-lite@1.0.30001810 OK for: next@15.5.25 want: ^1.0.30001579
1977 silly placeDep node_modules/next postcss@8.4.31 OK for: next@15.5.25 want: 8.4.31
1978 silly placeDep ROOT sharp@0.35.4 OK for: next@15.5.25 want: ^0.34.3 || ^0.35.4
1979 silly placeDep ROOT styled-jsx@5.1.6 OK for: next@15.5.25 want: 5.1.6
1980 silly fetch manifest tslib@^2.8.0
1981 silly packumentCache full:https://registry.npmjs.org/tslib cache-miss
1982 silly fetch manifest nanoid@^3.3.6
1983 silly packumentCache full:https://registry.npmjs.org/nanoid cache-miss
1984 silly fetch manifest picocolors@^1.0.0
1985 silly packumentCache full:https://registry.npmjs.org/picocolors cache-miss
1986 silly fetch manifest @img/colour@^1.1.0
1987 silly packumentCache full:https://registry.npmjs.org/@img%2fcolour cache-miss
1988 silly fetch manifest @img/sharp-linux-arm@0.35.4
1989 silly packumentCache full:https://registry.npmjs.org/@img%2fsharp-linux-arm cache-miss
1990 silly fetch manifest @img/sharp-linux-x64@0.35.4
1991 silly packumentCache full:https://registry.npmjs.org/@img%2fsharp-linux-x64 cache-miss
1992 silly fetch manifest @img/sharp-win32-x64@0.35.4
1993 silly packumentCache full:https://registry.npmjs.org/@img%2fsharp-win32-x64 cache-miss
1994 silly fetch manifest @img/sharp-darwin-x64@0.35.4
1995 silly packumentCache full:https://registry.npmjs.org/@img%2fsharp-darwin-x64 cache-miss
1996 silly fetch manifest @img/sharp-win32-ia32@0.35.4
1997 silly packumentCache full:https://registry.npmjs.org/@img%2fsharp-win32-ia32 cache-miss
1998 silly fetch manifest @img/sharp-linux-arm64@0.35.4
1999 silly packumentCache full:https://registry.npmjs.org/@img%2fsharp-linux-arm64 cache-miss
2000 silly fetch manifest @img/sharp-linux-ppc64@0.35.4
2001 silly packumentCache full:https://registry.npmjs.org/@img%2fsharp-linux-ppc64 cache-miss
2002 silly fetch manifest @img/sharp-linux-s390x@0.35.4
2003 silly packumentCache full:https://registry.npmjs.org/@img%2fsharp-linux-s390x cache-miss
2004 silly fetch manifest @img/sharp-win32-arm64@0.35.4
2005 silly packumentCache full:https://registry.npmjs.org/@img%2fsharp-win32-arm64 cache-miss
2006 http cache https://registry.npmjs.org/picocolors 23ms (cache hit)
2007 silly packumentCache full:https://registry.npmjs.org/picocolors set size:16648 disposed:false
2008 silly fetch manifest @img/sharp-darwin-arm64@0.35.4
2009 silly packumentCache full:https://registry.npmjs.org/@img%2fsharp-darwin-arm64 cache-miss
2010 http cache https://registry.npmjs.org/nanoid 27ms (cache hit)
2011 silly packumentCache full:https://registry.npmjs.org/nanoid set size:342705 disposed:false
2012 silly fetch manifest @img/sharp-linux-riscv64@0.35.4
2013 silly packumentCache full:https://registry.npmjs.org/@img%2fsharp-linux-riscv64 cache-miss
2014 http fetch GET 200 https://registry.npmjs.org/@img%2fsharp-win32-x64 91ms (cache miss)
2015 silly packumentCache full:https://registry.npmjs.org/@img%2fsharp-win32-x64 set size:undefined disposed:false
2016 silly fetch manifest @img/sharp-linuxmusl-x64@0.35.4
2017 silly packumentCache full:https://registry.npmjs.org/@img%2fsharp-linuxmusl-x64 cache-miss
2018 http fetch GET 200 https://registry.npmjs.org/@img%2fsharp-win32-arm64 104ms (cache miss)
2019 silly packumentCache full:https://registry.npmjs.org/@img%2fsharp-win32-arm64 set size:undefined disposed:false
2020 silly fetch manifest @img/sharp-freebsd-wasm32@0.35.4
2021 silly packumentCache full:https://registry.npmjs.org/@img%2fsharp-freebsd-wasm32 cache-miss
2022 http fetch GET 200 https://registry.npmjs.org/@img%2fsharp-linux-arm64 108ms (cache miss)
2023 silly packumentCache full:https://registry.npmjs.org/@img%2fsharp-linux-arm64 set size:undefined disposed:false
2024 silly fetch manifest @img/sharp-linuxmusl-arm64@0.35.4
2025 silly packumentCache full:https://registry.npmjs.org/@img%2fsharp-linuxmusl-arm64 cache-miss
2026 http fetch GET 200 https://registry.npmjs.org/@img%2fcolour 114ms (cache miss)
2027 silly packumentCache full:https://registry.npmjs.org/@img%2fcolour set size:undefined disposed:false
2028 silly fetch manifest @img/sharp-libvips-linux-arm@1.3.3
2029 silly packumentCache full:https://registry.npmjs.org/@img%2fsharp-libvips-linux-arm cache-miss
2030 http fetch GET 200 https://registry.npmjs.org/tslib 120ms (cache miss)
2031 silly packumentCache full:https://registry.npmjs.org/tslib set size:undefined disposed:false
2032 silly fetch manifest @img/sharp-libvips-linux-x64@1.3.3
2033 silly packumentCache full:https://registry.npmjs.org/@img%2fsharp-libvips-linux-x64 cache-miss
2034 http fetch GET 200 https://registry.npmjs.org/@img%2fsharp-linux-arm 130ms (cache miss)
2035 silly packumentCache full:https://registry.npmjs.org/@img%2fsharp-linux-arm set size:undefined disposed:false
2036 silly fetch manifest @img/sharp-libvips-darwin-x64@1.3.3
2037 silly packumentCache full:https://registry.npmjs.org/@img%2fsharp-libvips-darwin-x64 cache-miss
2038 http fetch GET 200 https://registry.npmjs.org/@img%2fsharp-win32-ia32 131ms (cache miss)
2039 silly packumentCache full:https://registry.npmjs.org/@img%2fsharp-win32-ia32 set size:undefined disposed:false
2040 silly fetch manifest @img/sharp-libvips-linux-arm64@1.3.3
2041 silly packumentCache full:https://registry.npmjs.org/@img%2fsharp-libvips-linux-arm64 cache-miss
2042 http fetch GET 200 https://registry.npmjs.org/@img%2fsharp-linux-riscv64 115ms (cache miss)
2043 silly packumentCache full:https://registry.npmjs.org/@img%2fsharp-linux-riscv64 set size:undefined disposed:false
2044 silly fetch manifest @img/sharp-libvips-linux-ppc64@1.3.3
2045 silly packumentCache full:https://registry.npmjs.org/@img%2fsharp-libvips-linux-ppc64 cache-miss
2046 http fetch GET 200 https://registry.npmjs.org/@img%2fsharp-darwin-arm64 127ms (cache miss)
2047 silly packumentCache full:https://registry.npmjs.org/@img%2fsharp-darwin-arm64 set size:undefined disposed:false
2048 silly fetch manifest @img/sharp-libvips-linux-s390x@1.3.3
2049 silly packumentCache full:https://registry.npmjs.org/@img%2fsharp-libvips-linux-s390x cache-miss
2050 http fetch GET 200 https://registry.npmjs.org/@img%2fsharp-linux-x64 165ms (cache miss)
2051 silly packumentCache full:https://registry.npmjs.org/@img%2fsharp-linux-x64 set size:undefined disposed:false
2052 silly fetch manifest @img/sharp-libvips-darwin-arm64@1.3.3
2053 silly packumentCache full:https://registry.npmjs.org/@img%2fsharp-libvips-darwin-arm64 cache-miss
2054 http fetch GET 200 https://registry.npmjs.org/@img%2fsharp-darwin-x64 172ms (cache miss)
2055 silly packumentCache full:https://registry.npmjs.org/@img%2fsharp-darwin-x64 set size:undefined disposed:false
2056 silly fetch manifest @img/sharp-webcontainers-wasm32@0.35.4
2057 silly packumentCache full:https://registry.npmjs.org/@img%2fsharp-webcontainers-wasm32 cache-miss
2058 http fetch GET 200 https://registry.npmjs.org/@img%2fsharp-linux-s390x 176ms (cache miss)
2059 silly packumentCache full:https://registry.npmjs.org/@img%2fsharp-linux-s390x set size:undefined disposed:false
2060 silly fetch manifest @img/sharp-libvips-linux-riscv64@1.3.3
2061 silly packumentCache full:https://registry.npmjs.org/@img%2fsharp-libvips-linux-riscv64 cache-miss
2062 http fetch GET 200 https://registry.npmjs.org/@img%2fsharp-linuxmusl-x64 95ms (cache miss)
2063 silly packumentCache full:https://registry.npmjs.org/@img%2fsharp-linuxmusl-x64 set size:undefined disposed:false
2064 silly fetch manifest @img/sharp-libvips-linuxmusl-x64@1.3.3
2065 silly packumentCache full:https://registry.npmjs.org/@img%2fsharp-libvips-linuxmusl-x64 cache-miss
2066 http fetch GET 200 https://registry.npmjs.org/@img%2fsharp-freebsd-wasm32 89ms (cache miss)
2067 silly packumentCache full:https://registry.npmjs.org/@img%2fsharp-freebsd-wasm32 set size:undefined disposed:false
2068 silly fetch manifest @img/sharp-libvips-linuxmusl-arm64@1.3.3
2069 silly packumentCache full:https://registry.npmjs.org/@img%2fsharp-libvips-linuxmusl-arm64 cache-miss
2070 http fetch GET 200 https://registry.npmjs.org/@img%2fsharp-linuxmusl-arm64 94ms (cache miss)
2071 silly packumentCache full:https://registry.npmjs.org/@img%2fsharp-linuxmusl-arm64 set size:undefined disposed:false
2072 silly fetch manifest client-only@0.0.1
2073 silly packumentCache full:https://registry.npmjs.org/client-only cache-miss
2074 http fetch GET 200 https://registry.npmjs.org/@img%2fsharp-libvips-linux-x64 100ms (cache miss)
2075 silly packumentCache full:https://registry.npmjs.org/@img%2fsharp-libvips-linux-x64 set size:undefined disposed:false
2076 http fetch GET 200 https://registry.npmjs.org/@img%2fsharp-libvips-linux-ppc64 73ms (cache miss)
2077 silly packumentCache full:https://registry.npmjs.org/@img%2fsharp-libvips-linux-ppc64 set size:undefined disposed:false
2078 http fetch GET 200 https://registry.npmjs.org/@img%2fsharp-libvips-darwin-x64 94ms (cache miss)
2079 silly packumentCache full:https://registry.npmjs.org/@img%2fsharp-libvips-darwin-x64 set size:undefined disposed:false
2080 http fetch GET 200 https://registry.npmjs.org/@img%2fsharp-libvips-linux-arm 113ms (cache miss)
2081 silly packumentCache full:https://registry.npmjs.org/@img%2fsharp-libvips-linux-arm set size:undefined disposed:false
2082 http fetch GET 200 https://registry.npmjs.org/@img%2fsharp-libvips-darwin-arm64 96ms (cache miss)
2083 silly packumentCache full:https://registry.npmjs.org/@img%2fsharp-libvips-darwin-arm64 set size:undefined disposed:false
2084 http fetch GET 200 https://registry.npmjs.org/@img%2fsharp-webcontainers-wasm32 91ms (cache miss)
2085 silly packumentCache full:https://registry.npmjs.org/@img%2fsharp-webcontainers-wasm32 set size:undefined disposed:false
2086 http fetch GET 200 https://registry.npmjs.org/@img%2fsharp-libvips-linuxmusl-x64 77ms (cache miss)
2087 silly packumentCache full:https://registry.npmjs.org/@img%2fsharp-libvips-linuxmusl-x64 set size:undefined disposed:false
2088 http fetch GET 200 https://registry.npmjs.org/@img%2fsharp-libvips-linuxmusl-arm64 73ms (cache miss)
2089 silly packumentCache full:https://registry.npmjs.org/@img%2fsharp-libvips-linuxmusl-arm64 set size:undefined disposed:false
2090 http fetch GET 200 https://registry.npmjs.org/client-only 66ms (cache miss)
2091 silly packumentCache full:https://registry.npmjs.org/client-only set size:undefined disposed:false
2092 http fetch GET 200 https://registry.npmjs.org/@img%2fsharp-libvips-linux-arm64 144ms (cache miss)
2093 silly packumentCache full:https://registry.npmjs.org/@img%2fsharp-libvips-linux-arm64 set size:undefined disposed:false
2094 http fetch GET 200 https://registry.npmjs.org/@img%2fsharp-linux-ppc64 318ms (cache miss)
2095 silly packumentCache full:https://registry.npmjs.org/@img%2fsharp-linux-ppc64 set size:undefined disposed:false
2096 http fetch GET 200 https://registry.npmjs.org/@img%2fsharp-libvips-linux-s390x 235ms (cache miss)
2097 silly packumentCache full:https://registry.npmjs.org/@img%2fsharp-libvips-linux-s390x set size:undefined disposed:false
2098 http fetch GET 200 https://registry.npmjs.org/@img%2fsharp-libvips-linux-riscv64 313ms (cache miss)
2099 silly packumentCache full:https://registry.npmjs.org/@img%2fsharp-libvips-linux-riscv64 set size:undefined disposed:false
2100 silly placeDep ROOT tslib@2.8.1 OK for: @swc/helpers@0.5.15 want: ^2.8.0
2101 silly placeDep ROOT deep-is@0.1.4 OK for: optionator@0.9.4 want: ^0.1.3
2102 silly placeDep ROOT fast-levenshtein@2.0.6 OK for: optionator@0.9.4 want: ^2.0.6
2103 silly placeDep ROOT word-wrap@1.2.5 OK for: optionator@0.9.4 want: ^1.2.5
2104 silly placeDep ROOT p-limit@3.1.0 OK for: p-locate@5.0.0 want: ^3.0.2
2105 silly fetch manifest yocto-queue@^0.1.0
2106 silly packumentCache full:https://registry.npmjs.org/yocto-queue cache-miss
2107 http fetch GET 200 https://registry.npmjs.org/yocto-queue 89ms (cache miss)
2108 silly packumentCache full:https://registry.npmjs.org/yocto-queue set size:undefined disposed:false
2109 silly placeDep ROOT yocto-queue@0.1.0 OK for: p-limit@3.1.0 want: ^0.1.0
2110 silly placeDep ROOT callsites@3.1.0 OK for: parent-module@1.0.1 want: ^3.0.0
2111 silly placeDep ROOT nanoid@3.3.18 OK for: postcss@8.5.28 want: ^3.3.18
2112 silly placeDep ROOT picocolors@1.1.1 OK for: postcss@8.5.28 want: ^1.1.1
2113 silly placeDep ROOT loose-envify@1.4.0 OK for: prop-types@15.8.1 want: ^1.4.0
2114 silly placeDep ROOT object-assign@4.1.1 OK for: prop-types@15.8.1 want: ^4.1.1
2115 silly placeDep ROOT react-is@16.13.1 OK for: prop-types@15.8.1 want: ^16.13.1
2116 silly fetch manifest js-tokens@^3.0.0 || ^4.0.0
2117 silly packumentCache full:https://registry.npmjs.org/js-tokens cache-miss
2118 http fetch GET 200 https://registry.npmjs.org/js-tokens 160ms (cache miss)
2119 silly packumentCache full:https://registry.npmjs.org/js-tokens set size:undefined disposed:false
2120 silly placeDep ROOT js-tokens@4.0.0 OK for: loose-envify@1.4.0 want: ^3.0.0 || ^4.0.0
2121 silly placeDep ROOT scheduler@0.27.0 OK for: react-dom@19.2.8 want: ^0.27.0
2122 silly placeDep ROOT node-exports-info@1.6.2 OK for: resolve@2.0.0-next.7 want: ^1.6.0
2123 silly placeDep ROOT path-parse@1.0.7 OK for: resolve@2.0.0-next.7 want: ^1.0.7
2124 silly placeDep ROOT supports-preserve-symlinks-flag@1.0.0 OK for: resolve@2.0.0-next.7 want: ^1.0.0
2125 silly placeDep node_modules/node-exports-info semver@6.3.1 OK for: node-exports-info@1.6.2 want: ^6.3.1
2126 silly placeDep ROOT queue-microtask@1.2.3 OK for: run-parallel@1.2.0 want: ^1.2.2
2127 silly placeDep ROOT isarray@2.0.5 OK for: safe-array-concat@1.1.4 want: ^2.0.5
2128 silly placeDep ROOT @img/colour@1.1.0 OK for: sharp@0.35.4 want: ^1.1.0
2129 silly placeDep ROOT @img/sharp-darwin-arm64@0.35.4 OK for: sharp@0.35.4 want: 0.35.4
2130 silly placeDep ROOT @img/sharp-darwin-x64@0.35.4 OK for: sharp@0.35.4 want: 0.35.4
2131 silly placeDep ROOT @img/sharp-freebsd-wasm32@0.35.4 OK for: sharp@0.35.4 want: 0.35.4
2132 silly placeDep ROOT @img/sharp-libvips-darwin-arm64@1.3.3 OK for: sharp@0.35.4 want: 1.3.3
2133 silly placeDep ROOT @img/sharp-libvips-darwin-x64@1.3.3 OK for: sharp@0.35.4 want: 1.3.3
2134 silly placeDep ROOT @img/sharp-libvips-linux-arm@1.3.3 OK for: sharp@0.35.4 want: 1.3.3
2135 silly placeDep ROOT @img/sharp-libvips-linux-arm64@1.3.3 OK for: sharp@0.35.4 want: 1.3.3
2136 silly placeDep ROOT @img/sharp-libvips-linux-ppc64@1.3.3 OK for: sharp@0.35.4 want: 1.3.3
2137 silly placeDep ROOT @img/sharp-libvips-linux-riscv64@1.3.3 OK for: sharp@0.35.4 want: 1.3.3
2138 silly placeDep ROOT @img/sharp-libvips-linux-s390x@1.3.3 OK for: sharp@0.35.4 want: 1.3.3
2139 silly placeDep ROOT @img/sharp-libvips-linux-x64@1.3.3 OK for: sharp@0.35.4 want: 1.3.3
2140 silly placeDep ROOT @img/sharp-libvips-linuxmusl-arm64@1.3.3 OK for: sharp@0.35.4 want: 1.3.3
2141 silly placeDep ROOT @img/sharp-libvips-linuxmusl-x64@1.3.3 OK for: sharp@0.35.4 want: 1.3.3
2142 silly placeDep ROOT @img/sharp-linux-arm@0.35.4 OK for: sharp@0.35.4 want: 0.35.4
2143 silly placeDep ROOT @img/sharp-linux-arm64@0.35.4 OK for: sharp@0.35.4 want: 0.35.4
2144 silly placeDep ROOT @img/sharp-linux-ppc64@0.35.4 OK for: sharp@0.35.4 want: 0.35.4
2145 silly placeDep ROOT @img/sharp-linux-riscv64@0.35.4 OK for: sharp@0.35.4 want: 0.35.4
2146 silly placeDep ROOT @img/sharp-linux-s390x@0.35.4 OK for: sharp@0.35.4 want: 0.35.4
2147 silly placeDep ROOT @img/sharp-linux-x64@0.35.4 OK for: sharp@0.35.4 want: 0.35.4
2148 silly placeDep ROOT @img/sharp-linuxmusl-arm64@0.35.4 OK for: sharp@0.35.4 want: 0.35.4
2149 silly placeDep ROOT @img/sharp-linuxmusl-x64@0.35.4 OK for: sharp@0.35.4 want: 0.35.4
2150 silly placeDep ROOT @img/sharp-webcontainers-wasm32@0.35.4 OK for: sharp@0.35.4 want: 0.35.4
2151 silly placeDep ROOT @img/sharp-win32-arm64@0.35.4 OK for: sharp@0.35.4 want: 0.35.4
2152 silly placeDep ROOT @img/sharp-win32-ia32@0.35.4 OK for: sharp@0.35.4 want: 0.35.4
2153 silly placeDep ROOT @img/sharp-win32-x64@0.35.4 OK for: sharp@0.35.4 want: 0.35.4
2154 silly fetch manifest @img/sharp-wasm32@0.35.4
2155 silly packumentCache full:https://registry.npmjs.org/@img%2fsharp-wasm32 cache-miss
2156 silly fetch manifest @img/sharp-wasm32@0.35.4
2157 silly packumentCache full:https://registry.npmjs.org/@img%2fsharp-wasm32 cache-miss
2158 http fetch GET 200 https://registry.npmjs.org/@img%2fsharp-wasm32 79ms (cache miss)
2159 silly packumentCache full:https://registry.npmjs.org/@img%2fsharp-wasm32 set size:undefined disposed:false
2160 http fetch GET 200 https://registry.npmjs.org/@img%2fsharp-wasm32 86ms (cache miss)
2161 silly packumentCache full:https://registry.npmjs.org/@img%2fsharp-wasm32 set size:undefined disposed:false
2162 silly placeDep ROOT @img/sharp-wasm32@0.35.4 OK for: @img/sharp-freebsd-wasm32@0.35.4 want: 0.35.4
2163 silly fetch manifest @emnapi/runtime@^1.11.3
2164 silly packumentCache full:https://registry.npmjs.org/@emnapi%2fruntime cache-miss
2165 http fetch GET 200 https://registry.npmjs.org/@emnapi%2fruntime 116ms (cache miss)
2166 silly packumentCache full:https://registry.npmjs.org/@emnapi%2fruntime set size:undefined disposed:false
2167 silly placeDep ROOT @emnapi/runtime@1.11.3 OK for: @img/sharp-wasm32@0.35.4 want: ^1.11.3
2168 silly placeDep ROOT shebang-regex@3.0.0 OK for: shebang-command@2.0.0 want: ^3.0.0
2169 silly placeDep ROOT side-channel-list@1.0.1 OK for: side-channel@1.1.1 want: ^1.0.1
2170 silly placeDep ROOT side-channel-map@1.0.1 OK for: side-channel@1.1.1 want: ^1.0.1
2171 silly placeDep ROOT side-channel-weakmap@1.0.2 OK for: side-channel@1.1.1 want: ^1.0.2
2172 silly placeDep ROOT client-only@0.0.1 OK for: styled-jsx@5.1.6 want: 0.0.1
2173 silly placeDep ROOT has-flag@4.0.0 OK for: supports-color@7.2.0 want: ^4.0.0
2174 silly placeDep node_modules/tinyglobby fdir@6.5.0 OK for: tinyglobby@0.2.17 want: ^6.5.0
2175 silly placeDep node_modules/tinyglobby picomatch@4.0.7 OK for: fdir@6.5.0 want: ^3 || ^4
2176 silly placeDep ROOT is-number@7.0.0 OK for: to-regex-range@5.0.1 want: ^7.0.0
2177 silly placeDep ROOT @types/json5@0.0.29 OK for: tsconfig-paths@3.15.0 want: ^0.0.29
2178 silly placeDep ROOT json5@1.0.2 OK for: tsconfig-paths@3.15.0 want: ^1.0.2
2179 silly placeDep ROOT minimist@1.2.8 OK for: tsconfig-paths@3.15.0 want: ^1.2.6
2180 silly placeDep ROOT strip-bom@3.0.0 OK for: tsconfig-paths@3.15.0 want: ^3.0.0
2181 silly fetch manifest minimist@^1.2.0
2182 silly packumentCache full:https://registry.npmjs.org/minimist cache-miss
2183 http cache https://registry.npmjs.org/minimist 10ms (cache hit)
2184 silly packumentCache full:https://registry.npmjs.org/minimist set size:77063 disposed:false
2185 silly placeDep ROOT for-each@0.3.5 OK for: typed-array-byte-length@1.0.3 want: ^0.3.3
2186 silly placeDep ROOT reflect.getprototypeof@1.0.10 OK for: typed-array-byte-offset@1.0.4 want: ^1.0.9
2187 silly fetch manifest which-builtin-type@^1.2.1
2188 silly packumentCache full:https://registry.npmjs.org/which-builtin-type cache-miss
2189 http fetch GET 200 https://registry.npmjs.org/which-builtin-type 94ms (cache miss)
2190 silly packumentCache full:https://registry.npmjs.org/which-builtin-type set size:undefined disposed:false
2191 silly placeDep ROOT which-builtin-type@1.2.1 OK for: reflect.getprototypeof@1.0.10 want: ^1.2.1
2192 silly fetch manifest is-async-function@^2.0.0
2193 silly packumentCache full:https://registry.npmjs.org/is-async-function cache-miss
2194 silly fetch manifest is-finalizationregistry@^1.1.0
2195 silly packumentCache full:https://registry.npmjs.org/is-finalizationregistry cache-miss
2196 silly fetch manifest is-generator-function@^1.0.10
2197 silly packumentCache full:https://registry.npmjs.org/is-generator-function cache-miss
2198 silly fetch manifest which-boxed-primitive@^1.1.0
2199 silly packumentCache full:https://registry.npmjs.org/which-boxed-primitive cache-miss
2200 silly fetch manifest which-collection@^1.0.2
2201 silly packumentCache full:https://registry.npmjs.org/which-collection cache-miss
2202 http cache https://registry.npmjs.org/which-boxed-primitive 19ms (cache hit)
2203 silly packumentCache full:https://registry.npmjs.org/which-boxed-primitive set size:19407 disposed:false
2204 http fetch GET 200 https://registry.npmjs.org/is-finalizationregistry 54ms (cache miss)
2205 silly packumentCache full:https://registry.npmjs.org/is-finalizationregistry set size:undefined disposed:false
2206 http fetch GET 200 https://registry.npmjs.org/is-generator-function 60ms (cache miss)
2207 silly packumentCache full:https://registry.npmjs.org/is-generator-function set size:undefined disposed:false
2208 http fetch GET 200 https://registry.npmjs.org/is-async-function 68ms (cache miss)
2209 silly packumentCache full:https://registry.npmjs.org/is-async-function set size:undefined disposed:false
2210 http fetch GET 200 https://registry.npmjs.org/which-collection 80ms (cache miss)
2211 silly packumentCache full:https://registry.npmjs.org/which-collection set size:undefined disposed:false
2212 silly placeDep ROOT has-bigints@1.1.0 OK for: unbox-primitive@1.1.0 want: ^1.0.2
2213 silly placeDep ROOT which-boxed-primitive@1.1.1 OK for: unbox-primitive@1.1.0 want: ^1.1.1
2214 silly fetch manifest is-bigint@^1.1.0
2215 silly packumentCache full:https://registry.npmjs.org/is-bigint cache-miss
2216 silly fetch manifest is-boolean-object@^1.2.1
2217 silly packumentCache full:https://registry.npmjs.org/is-boolean-object cache-miss
2218 silly fetch manifest is-number-object@^1.1.1
2219 silly packumentCache full:https://registry.npmjs.org/is-number-object cache-miss
2220 http fetch GET 200 https://registry.npmjs.org/is-boolean-object 143ms (cache miss)
2221 silly packumentCache full:https://registry.npmjs.org/is-boolean-object set size:undefined disposed:false
2222 http fetch GET 200 https://registry.npmjs.org/is-number-object 152ms (cache miss)
2223 silly packumentCache full:https://registry.npmjs.org/is-number-object set size:undefined disposed:false
2224 http fetch GET 200 https://registry.npmjs.org/is-bigint 205ms (cache miss)
2225 silly packumentCache full:https://registry.npmjs.org/is-bigint set size:undefined disposed:false
2226 silly placeDep ROOT @unrs/resolver-binding-android-arm-eabi@1.12.2 OK for: unrs-resolver@1.12.2 want: 1.12.2
2227 silly placeDep ROOT @unrs/resolver-binding-android-arm64@1.12.2 OK for: unrs-resolver@1.12.2 want: 1.12.2
2228 silly placeDep ROOT @unrs/resolver-binding-darwin-arm64@1.12.2 OK for: unrs-resolver@1.12.2 want: 1.12.2
2229 silly placeDep ROOT @unrs/resolver-binding-darwin-x64@1.12.2 OK for: unrs-resolver@1.12.2 want: 1.12.2
2230 silly placeDep ROOT @unrs/resolver-binding-freebsd-x64@1.12.2 OK for: unrs-resolver@1.12.2 want: 1.12.2
2231 silly placeDep ROOT @unrs/resolver-binding-linux-arm-gnueabihf@1.12.2 OK for: unrs-resolver@1.12.2 want: 1.12.2
2232 silly placeDep ROOT @unrs/resolver-binding-linux-arm-musleabihf@1.12.2 OK for: unrs-resolver@1.12.2 want: 1.12.2
2233 silly placeDep ROOT @unrs/resolver-binding-linux-arm64-gnu@1.12.2 OK for: unrs-resolver@1.12.2 want: 1.12.2
2234 silly placeDep ROOT @unrs/resolver-binding-linux-arm64-musl@1.12.2 OK for: unrs-resolver@1.12.2 want: 1.12.2
2235 silly placeDep ROOT @unrs/resolver-binding-linux-loong64-gnu@1.12.2 OK for: unrs-resolver@1.12.2 want: 1.12.2
2236 silly placeDep ROOT @unrs/resolver-binding-linux-loong64-musl@1.12.2 OK for: unrs-resolver@1.12.2 want: 1.12.2
2237 silly placeDep ROOT @unrs/resolver-binding-linux-ppc64-gnu@1.12.2 OK for: unrs-resolver@1.12.2 want: 1.12.2
2238 silly placeDep ROOT @unrs/resolver-binding-linux-riscv64-gnu@1.12.2 OK for: unrs-resolver@1.12.2 want: 1.12.2
2239 silly placeDep ROOT @unrs/resolver-binding-linux-riscv64-musl@1.12.2 OK for: unrs-resolver@1.12.2 want: 1.12.2
2240 silly placeDep ROOT @unrs/resolver-binding-linux-s390x-gnu@1.12.2 OK for: unrs-resolver@1.12.2 want: 1.12.2
2241 silly placeDep ROOT @unrs/resolver-binding-linux-x64-gnu@1.12.2 OK for: unrs-resolver@1.12.2 want: 1.12.2
2242 silly placeDep ROOT @unrs/resolver-binding-linux-x64-musl@1.12.2 OK for: unrs-resolver@1.12.2 want: 1.12.2
2243 silly placeDep ROOT @unrs/resolver-binding-openharmony-arm64@1.12.2 OK for: unrs-resolver@1.12.2 want: 1.12.2
2244 silly placeDep ROOT @unrs/resolver-binding-wasm32-wasi@1.12.2 OK for: unrs-resolver@1.12.2 want: 1.12.2
2245 silly placeDep ROOT @unrs/resolver-binding-win32-arm64-msvc@1.12.2 OK for: unrs-resolver@1.12.2 want: 1.12.2
2246 silly placeDep ROOT @unrs/resolver-binding-win32-ia32-msvc@1.12.2 OK for: unrs-resolver@1.12.2 want: 1.12.2
2247 silly placeDep ROOT @unrs/resolver-binding-win32-x64-msvc@1.12.2 OK for: unrs-resolver@1.12.2 want: 1.12.2
2248 silly placeDep ROOT napi-postinstall@0.3.4 OK for: unrs-resolver@1.12.2 want: ^0.3.4
2249 silly fetch manifest @napi-rs/wasm-runtime@^1.1.4
2250 silly packumentCache full:https://registry.npmjs.org/@napi-rs%2fwasm-runtime cache-miss
2251 silly fetch manifest @emnapi/core@1.10.0
2252 silly packumentCache full:https://registry.npmjs.org/@emnapi%2fcore cache-miss
2253 silly fetch manifest @emnapi/runtime@1.10.0
2254 silly packumentCache full:https://registry.npmjs.org/@emnapi%2fruntime cache-miss
2255 http cache https://registry.npmjs.org/@emnapi%2fruntime 13ms (cache hit)
2256 silly packumentCache full:https://registry.npmjs.org/@emnapi%2fruntime set size:127256 disposed:false
2257 http fetch GET 200 https://registry.npmjs.org/@emnapi%2fcore 91ms (cache miss)
2258 silly packumentCache full:https://registry.npmjs.org/@emnapi%2fcore set size:undefined disposed:false
2259 http fetch GET 200 https://registry.npmjs.org/@napi-rs%2fwasm-runtime 110ms (cache miss)
2260 silly packumentCache full:https://registry.npmjs.org/@napi-rs%2fwasm-runtime set size:undefined disposed:false
2261 silly placeDep ROOT @emnapi/core@1.10.0 OK for: @unrs/resolver-binding-wasm32-wasi@1.12.2 want: 1.10.0
2262 silly placeDep node_modules/@unrs/resolver-binding-wasm32-wasi @emnapi/runtime@1.10.0 OK for: @unrs/resolver-binding-wasm32-wasi@1.12.2 want: 1.10.0
2263 silly placeDep ROOT @napi-rs/wasm-runtime@1.2.3 OK for: @unrs/resolver-binding-wasm32-wasi@1.12.2 want: ^1.1.4
2264 silly fetch manifest @emnapi/wasi-threads@1.2.1
2265 silly packumentCache full:https://registry.npmjs.org/@emnapi%2fwasi-threads cache-miss
2266 silly fetch manifest @tybys/wasm-util@^0.10.3
2267 silly packumentCache full:https://registry.npmjs.org/@tybys%2fwasm-util cache-miss
2268 http fetch GET 200 https://registry.npmjs.org/@emnapi%2fwasi-threads 68ms (cache miss)
2269 silly packumentCache full:https://registry.npmjs.org/@emnapi%2fwasi-threads set size:undefined disposed:false
2270 http fetch GET 200 https://registry.npmjs.org/@tybys%2fwasm-util 165ms (cache miss)
2271 silly packumentCache full:https://registry.npmjs.org/@tybys%2fwasm-util set size:undefined disposed:false
2272 silly placeDep ROOT @emnapi/wasi-threads@1.2.1 OK for: @emnapi/core@1.10.0 want: 1.2.1
2273 silly placeDep ROOT @tybys/wasm-util@0.10.3 OK for: @napi-rs/wasm-runtime@1.2.3 want: ^0.10.3
2274 silly placeDep ROOT punycode@2.3.1 OK for: uri-js@4.4.1 want: ^2.1.0
2275 silly placeDep ROOT isexe@2.0.0 OK for: which@2.0.2 want: ^2.0.0
2276 silly placeDep ROOT is-bigint@1.1.0 OK for: which-boxed-primitive@1.1.1 want: ^1.1.0
2277 silly placeDep ROOT is-boolean-object@1.2.2 OK for: which-boxed-primitive@1.1.1 want: ^1.2.1
2278 silly placeDep ROOT is-number-object@1.1.1 OK for: which-boxed-primitive@1.1.1 want: ^1.1.1
2279 silly placeDep ROOT is-async-function@2.1.1 OK for: which-builtin-type@1.2.1 want: ^2.0.0
2280 silly placeDep ROOT is-finalizationregistry@1.1.1 OK for: which-builtin-type@1.2.1 want: ^1.1.0
2281 silly placeDep ROOT is-generator-function@1.1.2 OK for: which-builtin-type@1.2.1 want: ^1.0.10
2282 silly placeDep ROOT which-collection@1.0.2 OK for: which-builtin-type@1.2.1 want: ^1.0.2
2283 silly fetch manifest async-function@^1.0.0
2284 silly packumentCache full:https://registry.npmjs.org/async-function cache-miss
2285 silly fetch manifest generator-function@^2.0.0
2286 silly packumentCache full:https://registry.npmjs.org/generator-function cache-miss
2287 silly fetch manifest is-map@^2.0.3
2288 silly packumentCache full:https://registry.npmjs.org/is-map cache-miss
2289 silly fetch manifest is-weakmap@^2.0.2
2290 silly packumentCache full:https://registry.npmjs.org/is-weakmap cache-miss
2291 silly fetch manifest is-weakset@^2.0.3
2292 silly packumentCache full:https://registry.npmjs.org/is-weakset cache-miss
2293 http fetch GET 200 https://registry.npmjs.org/generator-function 116ms (cache miss)
2294 silly packumentCache full:https://registry.npmjs.org/generator-function set size:undefined disposed:false
2295 http fetch GET 200 https://registry.npmjs.org/async-function 119ms (cache miss)
2296 silly packumentCache full:https://registry.npmjs.org/async-function set size:undefined disposed:false
2297 http fetch GET 200 https://registry.npmjs.org/is-weakmap 119ms (cache miss)
2298 silly packumentCache full:https://registry.npmjs.org/is-weakmap set size:undefined disposed:false
2299 http fetch GET 200 https://registry.npmjs.org/is-weakset 121ms (cache miss)
2300 silly packumentCache full:https://registry.npmjs.org/is-weakset set size:undefined disposed:false
2301 http fetch GET 200 https://registry.npmjs.org/is-map 125ms (cache miss)
2302 silly packumentCache full:https://registry.npmjs.org/is-map set size:undefined disposed:false
2303 silly placeDep ROOT async-function@1.0.0 OK for: is-async-function@2.1.1 want: ^1.0.0
2304 silly placeDep ROOT generator-function@2.0.1 OK for: is-generator-function@1.1.2 want: ^2.0.0
2305 silly placeDep ROOT is-map@2.0.3 OK for: which-collection@1.0.2 want: ^2.0.3
2306 silly placeDep ROOT is-weakmap@2.0.2 OK for: which-collection@1.0.2 want: ^2.0.2
2307 silly placeDep ROOT is-weakset@2.0.4 OK for: which-collection@1.0.2 want: ^2.0.3
2308 silly placeDep node_modules/@typescript-eslint/typescript-estree brace-expansion@5.0.9 OK for: minimatch@10.2.6 want: ^5.0.8
2309 silly fetch manifest balanced-match@^4.0.2
2310 silly packumentCache full:https://registry.npmjs.org/balanced-match cache-miss
2311 http cache https://registry.npmjs.org/balanced-match 13ms (cache hit)
2312 silly packumentCache full:https://registry.npmjs.org/balanced-match set size:39082 disposed:false
2313 silly placeDep node_modules/@typescript-eslint/typescript-estree balanced-match@4.0.4 OK for: brace-expansion@5.0.9 want: ^4.0.2
2314 silly reify moves {}
2315 silly audit bulk request {
2315 silly audit   '@tailwindcss/postcss': [ '4.3.3' ],
2315 silly audit   '@types/node': [ '22.20.1' ],
2315 silly audit   '@types/react': [ '19.2.18' ],
2315 silly audit   '@types/react-dom': [ '19.2.7' ],
2315 silly audit   eslint: [ '9.39.5' ],
2315 silly audit   'eslint-config-next': [ '15.5.25' ],
2315 silly audit   next: [ '15.5.25' ],
2315 silly audit   react: [ '19.2.8' ],
2315 silly audit   'react-dom': [ '19.2.8' ],
2315 silly audit   tailwindcss: [ '4.3.3' ],
2315 silly audit   typescript: [ '5.9.3' ],
2315 silly audit   '@alloc/quick-lru': [ '5.3.0' ],
2315 silly audit   '@tailwindcss/node': [ '4.3.3' ],
2315 silly audit   '@tailwindcss/oxide': [ '4.3.3' ],
2315 silly audit   postcss: [ '8.5.28', '8.4.31' ],
2315 silly audit   '@jridgewell/remapping': [ '2.3.5' ],
2315 silly audit   'enhanced-resolve': [ '5.24.5' ],
2315 silly audit   jiti: [ '2.7.0' ],
2315 silly audit   lightningcss: [ '1.32.0' ],
2315 silly audit   'magic-string': [ '0.30.21' ],
2315 silly audit   'source-map-js': [ '1.2.1' ],
2315 silly audit   '@jridgewell/gen-mapping': [ '0.3.13' ],
2315 silly audit   '@jridgewell/trace-mapping': [ '0.3.31' ],
2315 silly audit   '@jridgewell/sourcemap-codec': [ '1.6.0' ],
2315 silly audit   '@jridgewell/resolve-uri': [ '3.1.2' ],
2315 silly audit   '@tailwindcss/oxide-android-arm64': [ '4.3.3' ],
2315 silly audit   '@tailwindcss/oxide-darwin-arm64': [ '4.3.3' ],
2315 silly audit   '@tailwindcss/oxide-darwin-x64': [ '4.3.3' ],
2315 silly audit   '@tailwindcss/oxide-freebsd-x64': [ '4.3.3' ],
2315 silly audit   '@tailwindcss/oxide-linux-arm-gnueabihf': [ '4.3.3' ],
2315 silly audit   '@tailwindcss/oxide-linux-arm64-gnu': [ '4.3.3' ],
2315 silly audit   '@tailwindcss/oxide-linux-arm64-musl': [ '4.3.3' ],
2315 silly audit   '@tailwindcss/oxide-linux-x64-gnu': [ '4.3.3' ],
2315 silly audit   '@tailwindcss/oxide-linux-x64-musl': [ '4.3.3' ],
2315 silly audit   '@tailwindcss/oxide-wasm32-wasi': [ '4.3.3' ],
2315 silly audit   '@tailwindcss/oxide-win32-arm64-msvc': [ '4.3.3' ],
2315 silly audit   '@tailwindcss/oxide-win32-x64-msvc': [ '4.3.3' ],
2315 silly audit   'undici-types': [ '6.21.0' ],
2315 silly audit   csstype: [ '3.2.3' ],
2315 silly audit   'graceful-fs': [ '4.2.11' ],
2315 silly audit   tapable: [ '2.3.3' ],
2315 silly audit   '@eslint-community/eslint-utils': [ '4.10.1' ],
2315 silly audit   '@eslint-community/regexpp': [ '4.12.2' ],
2315 silly audit   '@eslint/config-array': [ '0.21.2' ],
2315 silly audit   '@eslint/config-helpers': [ '0.4.2' ],
2315 silly audit   '@eslint/core': [ '0.17.0' ],
2315 silly audit   '@eslint/eslintrc': [ '3.3.7' ],
2315 silly audit   '@eslint/js': [ '9.39.5' ],
2315 silly audit   '@eslint/plugin-kit': [ '0.4.1' ],
2315 silly audit   '@humanfs/node': [ '0.16.8' ],
2315 silly audit   '@humanwhocodes/module-importer': [ '1.0.1' ],
2315 silly audit   '@humanwhocodes/retry': [ '0.4.3' ],
2315 silly audit   '@types/estree': [ '1.0.9' ],
2315 silly audit   ajv: [ '6.15.0' ],
2315 silly audit   chalk: [ '4.1.2' ],
2315 silly audit   'cross-spawn': [ '7.0.6' ],
2315 silly audit   debug: [ '4.4.3', '3.2.7' ],
2315 silly audit   'escape-string-regexp': [ '4.0.0' ],
2315 silly audit   'eslint-scope': [ '8.4.0' ],
2315 silly audit   'eslint-visitor-keys': [ '4.2.1', '3.4.3', '5.0.1' ],
2315 silly audit   espree: [ '10.4.0' ],
2315 silly audit   esquery: [ '1.7.0' ],
2315 silly audit   esutils: [ '2.0.3' ],
2315 silly audit   'fast-deep-equal': [ '3.1.3' ],
2315 silly audit   'file-entry-cache': [ '8.0.0' ],
2315 silly audit   'find-up': [ '5.0.0' ],
2315 silly audit   'glob-parent': [ '6.0.2', '5.1.2' ],
2315 silly audit   ignore: [ '5.3.2', '7.0.9' ],
2315 silly audit   imurmurhash: [ '0.1.4' ],
2315 silly audit   'is-glob': [ '4.0.3' ],
2315 silly audit   'json-stable-stringify-without-jsonify': [ '1.0.1' ],
2315 silly audit   'lodash.merge': [ '4.6.2' ],
2315 silly audit   minimatch: [ '3.1.5', '10.2.6' ],
2315 silly audit   'natural-compare': [ '1.4.0' ],
2315 silly audit   optionator: [ '0.9.4' ],
2315 silly audit   '@eslint/object-schema': [ '2.1.7' ],
2315 silly audit   '@types/json-schema': [ '7.0.15' ],
2315 silly audit   globals: [ '14.0.0' ],
2315 silly audit   'import-fresh': [ '3.3.1' ],
2315 silly audit   'js-yaml': [ '4.3.2' ],
2315 silly audit   'strip-json-comments': [ '3.1.1' ],
2315 silly audit   levn: [ '0.4.1' ],
2315 silly audit   '@humanfs/core': [ '0.19.2' ],
2315 silly audit   '@humanfs/types': [ '0.15.0' ],
2315 silly audit   'fast-json-stable-stringify': [ '2.1.0' ],
2315 silly audit   'json-schema-traverse': [ '0.4.1' ],
2315 silly audit   'uri-js': [ '4.4.1' ],
2315 silly audit   'ansi-styles': [ '4.3.0' ],
2315 silly audit   'supports-color': [ '7.2.0' ],
2315 silly audit   'color-convert': [ '2.0.1' ],
2315 silly audit   'color-name': [ '1.1.4' ],
2315 silly audit   'path-key': [ '3.1.1' ],
2315 silly audit   'shebang-command': [ '2.0.0' ],
2315 silly audit   which: [ '2.0.2' ],
2315 silly audit   ms: [ '2.1.3' ],
2315 silly audit   '@next/eslint-plugin-next': [ '15.5.25' ],
2315 silly audit   '@rushstack/eslint-patch': [ '1.16.1' ],
2315 silly audit   '@typescript-eslint/eslint-plugin': [ '8.70.0' ],
2315 silly audit   '@typescript-eslint/parser': [ '8.70.0' ],
2315 silly audit   'eslint-import-resolver-node': [ '0.3.10' ],
2315 silly audit   'eslint-import-resolver-typescript': [ '3.10.1' ],
2315 silly audit   'eslint-plugin-import': [ '2.32.0' ],
2315 silly audit   'eslint-plugin-jsx-a11y': [ '6.10.2' ],
2315 silly audit   'eslint-plugin-react': [ '7.37.5' ],
2315 silly audit   'eslint-plugin-react-hooks': [ '5.2.0' ],
2315 silly audit   'fast-glob': [ '3.3.1' ],
2315 silly audit   '@typescript-eslint/scope-manager': [ '8.70.0' ],
2315 silly audit   '@typescript-eslint/type-utils': [ '8.70.0' ],
2315 silly audit   '@typescript-eslint/utils': [ '8.70.0' ],
2315 silly audit   '@typescript-eslint/visitor-keys': [ '8.70.0' ],
2315 silly audit   'ts-api-utils': [ '2.5.0' ],
2315 silly audit   '@typescript-eslint/types': [ '8.70.0' ],
2315 silly audit   '@typescript-eslint/typescript-estree': [ '8.70.0' ],
2315 silly audit   '@typescript-eslint/project-service': [ '8.70.0' ],
2315 silly audit   '@typescript-eslint/tsconfig-utils': [ '8.70.0' ],
2315 silly audit   semver: [ '7.8.5', '6.3.1' ],
2315 silly audit   tinyglobby: [ '0.2.17' ],
2315 silly audit   'is-core-module': [ '2.16.2' ],
2315 silly audit   resolve: [ '2.0.0-next.7' ],
2315 silly audit   '@nolyfill/is-core-module': [ '1.0.39' ],
2315 silly audit   'get-tsconfig': [ '4.14.3' ],
2315 silly audit   'is-bun-module': [ '2.0.0' ],
2315 silly audit   'stable-hash': [ '0.0.5' ],
2315 silly audit   'unrs-resolver': [ '1.12.2' ],
2315 silly audit   '@rtsao/scc': [ '1.1.0' ],
2315 silly audit   'array-includes': [ '3.1.9' ],
2315 silly audit   'array.prototype.findlastindex': [ '1.2.6' ],
2315 silly audit   'array.prototype.flat': [ '1.3.3' ],
2315 silly audit   'array.prototype.flatmap': [ '1.3.3' ],
2315 silly audit   doctrine: [ '2.1.0' ],
2315 silly audit   'eslint-module-utils': [ '2.14.0' ],
2315 silly audit   hasown: [ '2.0.4' ],
2315 silly audit   'object.fromentries': [ '2.0.8' ],
2315 silly audit   'object.groupby': [ '1.0.3' ],
2315 silly audit   'object.values': [ '1.2.1' ],
2315 silly audit   'string.prototype.trimend': [ '1.0.10' ],
2315 silly audit   'tsconfig-paths': [ '3.15.0' ],
2315 silly audit   'call-bind': [ '1.0.9' ],
2315 silly audit   'call-bound': [ '1.0.4' ],
2315 silly audit   'define-properties': [ '1.2.1' ],
2315 silly audit   'es-abstract': [ '1.24.2' ],
2315 silly audit   'es-object-atoms': [ '1.1.2' ],
2315 silly audit   'get-intrinsic': [ '1.3.0' ],
2315 silly audit   'is-string': [ '1.1.1' ],
2315 silly audit   'math-intrinsics': [ '1.1.0' ],
2315 silly audit   'es-errors': [ '1.3.0' ],
2315 silly audit   'es-shim-unscopables': [ '1.1.0' ],
2315 silly audit   'call-bind-apply-helpers': [ '1.0.2' ],
2315 silly audit   'es-define-property': [ '1.0.1' ],
2315 silly audit   'set-function-length': [ '1.2.2' ],
2315 silly audit   'function-bind': [ '1.1.2' ],
2315 silly audit   'define-data-property': [ '1.1.4' ],
2315 silly audit   'has-property-descriptors': [ '1.0.2' ],
2315 silly audit   'object-keys': [ '1.1.1' ],
2315 silly audit   gopd: [ '1.2.0' ],
2315 silly audit   'array-buffer-byte-length': [ '1.0.2' ],
2315 silly audit   'arraybuffer.prototype.slice': [ '1.0.4' ],
2315 silly audit   'available-typed-arrays': [ '1.0.7' ],
2315 silly audit   'data-view-buffer': [ '1.0.2' ],
2315 silly audit   'data-view-byte-length': [ '1.0.2' ],
2315 silly audit   'data-view-byte-offset': [ '1.0.1' ],
2315 silly audit   'es-set-tostringtag': [ '2.1.0' ],
2315 silly audit   'es-to-primitive': [ '1.3.4' ],
2315 silly audit   'function.prototype.name': [ '1.2.0' ],
2315 silly audit   'get-proto': [ '1.0.1' ],
2315 silly audit   'get-symbol-description': [ '1.1.0' ],
2315 silly audit   globalthis: [ '1.0.4' ],
2315 silly audit   'has-proto': [ '1.2.0' ],
2315 silly audit   'has-symbols': [ '1.1.0' ],
2315 silly audit   'internal-slot': [ '1.1.0' ],
2315 silly audit   'is-array-buffer': [ '3.0.5' ],
2315 silly audit   'is-callable': [ '1.2.7' ],
2315 silly audit   'is-data-view': [ '1.0.2' ],
2315 silly audit   'is-negative-zero': [ '2.0.3' ],
2315 silly audit   'is-regex': [ '1.2.1' ],
2315 silly audit   'is-set': [ '2.0.3' ],
2315 silly audit   'is-shared-array-buffer': [ '1.0.4' ],
2315 silly audit   'is-typed-array': [ '1.1.15' ],
2315 silly audit   'is-weakref': [ '1.1.1' ],
2315 silly audit   'object-inspect': [ '1.13.4' ],
2315 silly audit   'object.assign': [ '4.1.7' ],
2315 silly audit   'own-keys': [ '1.0.2' ],
2315 silly audit   'regexp.prototype.flags': [ '1.5.4' ],
2315 silly audit   'safe-array-concat': [ '1.1.4' ],
2315 silly audit   'safe-push-apply': [ '1.0.0' ],
2315 silly audit   'safe-regex-test': [ '1.1.0' ],
2315 silly audit   'set-proto': [ '1.0.0' ],
2315 silly audit   'stop-iteration-iterator': [ '1.1.0' ],
2315 silly audit   'string.prototype.trim': [ '1.2.11' ],
2315 silly audit   'string.prototype.trimstart': [ '1.0.8' ],
2315 silly audit   'typed-array-buffer': [ '1.0.3' ],
2315 silly audit   'typed-array-byte-length': [ '1.0.3' ],
2315 silly audit   'typed-array-byte-offset': [ '1.0.4' ],
2315 silly audit   'typed-array-length': [ '1.0.8' ],
2315 silly audit   'unbox-primitive': [ '1.1.0' ],
2315 silly audit   'which-typed-array': [ '1.1.22' ],
2315 silly audit   'possible-typed-array-names': [ '1.1.0' ],
2315 silly audit   'has-tostringtag': [ '1.0.2' ],
2315 silly audit   'es-abstract-get': [ '1.0.0' ],
2315 silly audit   'is-date-object': [ '1.1.0' ],
2315 silly audit   'is-symbol': [ '1.1.1' ],
2315 silly audit   'aria-query': [ '5.3.2' ],
2315 silly audit   'ast-types-flow': [ '0.0.8' ],
2315 silly audit   'axe-core': [ '4.13.0' ],
2315 silly audit   'axobject-query': [ '4.1.0' ],
2315 silly audit   'damerau-levenshtein': [ '1.0.8' ],
2315 silly audit   'emoji-regex': [ '9.2.2' ],
2315 silly audit   'jsx-ast-utils': [ '3.3.5' ],
2315 silly audit   'language-tags': [ '1.0.9' ],
2315 silly audit   'string.prototype.includes': [ '2.0.1' ],
2315 silly audit   'array.prototype.findlast': [ '1.2.5' ],
2315 silly audit   'array.prototype.tosorted': [ '1.1.4' ],
2315 silly audit   'es-iterator-helpers': [ '1.4.0' ],
2315 silly audit   estraverse: [ '5.3.0' ],
2315 silly audit   'object.entries': [ '1.1.9' ],
2315 silly audit   'prop-types': [ '15.8.1' ],
2315 silly audit   'string.prototype.matchall': [ '4.1.0' ],
2315 silly audit   'string.prototype.repeat': [ '1.0.0' ],
2315 silly audit   'iterator.prototype': [ '1.1.5' ],
2315 silly audit   esrecurse: [ '4.3.0' ],
2315 silly audit   acorn: [ '8.18.0' ],
2315 silly audit   'acorn-jsx': [ '5.3.2' ],
2315 silly audit   '@nodelib/fs.stat': [ '2.0.5' ],
2315 silly audit   '@nodelib/fs.walk': [ '1.2.8' ],
2315 silly audit   merge2: [ '1.4.1' ],
2315 silly audit   micromatch: [ '4.0.8' ],
2315 silly audit   '@nodelib/fs.scandir': [ '2.1.5' ],
2315 silly audit   fastq: [ '1.20.3' ],
2315 silly audit   'run-parallel': [ '1.2.0' ],
2315 silly audit   reusify: [ '1.1.0' ],
2315 silly audit   'flat-cache': [ '4.0.1' ],
2315 silly audit   'locate-path': [ '6.0.0' ],
2315 silly audit   'path-exists': [ '4.0.0' ],
2315 silly audit   flatted: [ '3.4.4' ],
2315 silly audit   keyv: [ '4.5.4' ],
2315 silly audit   'functions-have-names': [ '1.2.3' ],
2315 silly audit   'is-document.all': [ '1.0.0' ],
2315 silly audit   'dunder-proto': [ '1.0.1' ],
2315 silly audit   'resolve-pkg-maps': [ '1.0.0' ],
2315 silly audit   'parent-module': [ '1.0.1' ],
2315 silly audit   'resolve-from': [ '4.0.0' ],
2315 silly audit   'side-channel': [ '1.1.1' ],
2315 silly audit   'is-extglob': [ '2.1.1' ],
2315 silly audit   'set-function-name': [ '2.0.2' ],
2315 silly audit   argparse: [ '2.0.1' ],
2315 silly audit   'json-buffer': [ '3.0.1' ],
2315 silly audit   'language-subtag-registry': [ '0.3.23' ],
2315 silly audit   'prelude-ls': [ '1.2.1' ],
2315 silly audit   'type-check': [ '0.4.0' ],
2315 silly audit   'detect-libc': [ '2.1.2' ],
2315 silly audit   'lightningcss-android-arm64': [ '1.32.0' ],
2315 silly audit   'lightningcss-darwin-arm64': [ '1.32.0' ],
2315 silly audit   'lightningcss-darwin-x64': [ '1.32.0' ],
2315 silly audit   'lightningcss-freebsd-x64': [ '1.32.0' ],
2315 silly audit   'lightningcss-linux-arm-gnueabihf': [ '1.32.0' ],
2315 silly audit   'lightningcss-linux-arm64-gnu': [ '1.32.0' ],
2315 silly audit   'lightningcss-linux-arm64-musl': [ '1.32.0' ],
2315 silly audit   'lightningcss-linux-x64-gnu': [ '1.32.0' ],
2315 silly audit   'lightningcss-linux-x64-musl': [ '1.32.0' ],
2315 silly audit   'lightningcss-win32-arm64-msvc': [ '1.32.0' ],
2315 silly audit   'lightningcss-win32-x64-msvc': [ '1.32.0' ],
2315 silly audit   'p-locate': [ '5.0.0' ],
2315 silly audit   braces: [ '3.0.3' ],
2315 silly audit   picomatch: [ '2.3.2', '4.0.7' ],
2315 silly audit   'fill-range': [ '7.1.1' ],
2315 silly audit   'to-regex-range': [ '5.0.1' ],
2315 silly audit   'brace-expansion': [ '1.1.18', '5.0.9' ],
2315 silly audit   'balanced-match': [ '1.0.2', '4.0.4' ],
2315 silly audit   'concat-map': [ '0.0.1' ],
2315 silly audit   '@next/env': [ '15.5.25' ],
2315 silly audit   '@next/swc-darwin-arm64': [ '15.5.25' ],
2315 silly audit   '@next/swc-darwin-x64': [ '15.5.25' ],
2315 silly audit   '@next/swc-linux-arm64-gnu': [ '15.5.25' ],
2315 silly audit   '@next/swc-linux-arm64-musl': [ '15.5.25' ],
2315 silly audit   '@next/swc-linux-x64-gnu': [ '15.5.25' ],
2315 silly audit   '@next/swc-linux-x64-musl': [ '15.5.25' ],
2315 silly audit   '@next/swc-win32-arm64-msvc': [ '15.5.25' ],
2315 silly audit   '@next/swc-win32-x64-msvc': [ '15.5.25' ],
2315 silly audit   '@swc/helpers': [ '0.5.15' ],
2315 silly audit   'caniuse-lite': [ '1.0.30001810' ],
2315 silly audit   sharp: [ '0.35.4' ],
2315 silly audit   'styled-jsx': [ '5.1.6' ],
2315 silly audit   tslib: [ '2.8.1' ],
2315 silly audit   'deep-is': [ '0.1.4' ],
2315 silly audit   'fast-levenshtein': [ '2.0.6' ],
2315 silly audit   'word-wrap': [ '1.2.5' ],
2315 silly audit   'p-limit': [ '3.1.0' ],
2315 silly audit   'yocto-queue': [ '0.1.0' ],
2315 silly audit   callsites: [ '3.1.0' ],
2315 silly audit   nanoid: [ '3.3.18' ],
2315 silly audit   picocolors: [ '1.1.1' ],
2315 silly audit   'loose-envify': [ '1.4.0' ],
2315 silly audit   'object-assign': [ '4.1.1' ],
2315 silly audit   'react-is': [ '16.13.1' ],
2315 silly audit   'js-tokens': [ '4.0.0' ],
2315 silly audit   scheduler: [ '0.27.0' ],
2315 silly audit   'node-exports-info': [ '1.6.2' ],
2315 silly audit   'path-parse': [ '1.0.7' ],
2315 silly audit   'supports-preserve-symlinks-flag': [ '1.0.0' ],
2315 silly audit   'queue-microtask': [ '1.2.3' ],
2315 silly audit   isarray: [ '2.0.5' ],
2315 silly audit   '@img/colour': [ '1.1.0' ],
2315 silly audit   '@img/sharp-darwin-arm64': [ '0.35.4' ],
2315 silly audit   '@img/sharp-darwin-x64': [ '0.35.4' ],
2315 silly audit   '@img/sharp-freebsd-wasm32': [ '0.35.4' ],
2315 silly audit   '@img/sharp-libvips-darwin-arm64': [ '1.3.3' ],
2315 silly audit   '@img/sharp-libvips-darwin-x64': [ '1.3.3' ],
2315 silly audit   '@img/sharp-libvips-linux-arm': [ '1.3.3' ],
2315 silly audit   '@img/sharp-libvips-linux-arm64': [ '1.3.3' ],
2315 silly audit   '@img/sharp-libvips-linux-ppc64': [ '1.3.3' ],
2315 silly audit   '@img/sharp-libvips-linux-riscv64': [ '1.3.3' ],
2315 silly audit   '@img/sharp-libvips-linux-s390x': [ '1.3.3' ],
2315 silly audit   '@img/sharp-libvips-linux-x64': [ '1.3.3' ],
2315 silly audit   '@img/sharp-libvips-linuxmusl-arm64': [ '1.3.3' ],
2315 silly audit   '@img/sharp-libvips-linuxmusl-x64': [ '1.3.3' ],
2315 silly audit   '@img/sharp-linux-arm': [ '0.35.4' ],
2315 silly audit   '@img/sharp-linux-arm64': [ '0.35.4' ],
2315 silly audit   '@img/sharp-linux-ppc64': [ '0.35.4' ],
2315 silly audit   '@img/sharp-linux-riscv64': [ '0.35.4' ],
2315 silly audit   '@img/sharp-linux-s390x': [ '0.35.4' ],
2315 silly audit   '@img/sharp-linux-x64': [ '0.35.4' ],
2315 silly audit   '@img/sharp-linuxmusl-arm64': [ '0.35.4' ],
2315 silly audit   '@img/sharp-linuxmusl-x64': [ '0.35.4' ],
2315 silly audit   '@img/sharp-webcontainers-wasm32': [ '0.35.4' ],
2315 silly audit   '@img/sharp-win32-arm64': [ '0.35.4' ],
2315 silly audit   '@img/sharp-win32-ia32': [ '0.35.4' ],
2315 silly audit   '@img/sharp-win32-x64': [ '0.35.4' ],
2315 silly audit   '@img/sharp-wasm32': [ '0.35.4' ],
2315 silly audit   '@emnapi/runtime': [ '1.11.3', '1.10.0' ],
2315 silly audit   'shebang-regex': [ '3.0.0' ],
2315 silly audit   'side-channel-list': [ '1.0.1' ],
2315 silly audit   'side-channel-map': [ '1.0.1' ],
2315 silly audit   'side-channel-weakmap': [ '1.0.2' ],
2315 silly audit   'client-only': [ '0.0.1' ],
2315 silly audit   'has-flag': [ '4.0.0' ],
2315 silly audit   fdir: [ '6.5.0' ],
2315 silly audit   'is-number': [ '7.0.0' ],
2315 silly audit   '@types/json5': [ '0.0.29' ],
2315 silly audit   json5: [ '1.0.2' ],
2315 silly audit   minimist: [ '1.2.8' ],
2315 silly audit   'strip-bom': [ '3.0.0' ],
2315 silly audit   'for-each': [ '0.3.5' ],
2315 silly audit   'reflect.getprototypeof': [ '1.0.10' ],
2315 silly audit   'which-builtin-type': [ '1.2.1' ],
2315 silly audit   'has-bigints': [ '1.1.0' ],
2315 silly audit   'which-boxed-primitive': [ '1.1.1' ],
2315 silly audit   '@unrs/resolver-binding-android-arm-eabi': [ '1.12.2' ],
2315 silly audit   '@unrs/resolver-binding-android-arm64': [ '1.12.2' ],
2315 silly audit   '@unrs/resolver-binding-darwin-arm64': [ '1.12.2' ],
2315 silly audit   '@unrs/resolver-binding-darwin-x64': [ '1.12.2' ],
2315 silly audit   '@unrs/resolver-binding-freebsd-x64': [ '1.12.2' ],
2315 silly audit   '@unrs/resolver-binding-linux-arm-gnueabihf': [ '1.12.2' ],
2315 silly audit   '@unrs/resolver-binding-linux-arm-musleabihf': [ '1.12.2' ],
2315 silly audit   '@unrs/resolver-binding-linux-arm64-gnu': [ '1.12.2' ],
2315 silly audit   '@unrs/resolver-binding-linux-arm64-musl': [ '1.12.2' ],
2315 silly audit   '@unrs/resolver-binding-linux-loong64-gnu': [ '1.12.2' ],
2315 silly audit   '@unrs/resolver-binding-linux-loong64-musl': [ '1.12.2' ],
2315 silly audit   '@unrs/resolver-binding-linux-ppc64-gnu': [ '1.12.2' ],
2315 silly audit   '@unrs/resolver-binding-linux-riscv64-gnu': [ '1.12.2' ],
2315 silly audit   '@unrs/resolver-binding-linux-riscv64-musl': [ '1.12.2' ],
2315 silly audit   '@unrs/resolver-binding-linux-s390x-gnu': [ '1.12.2' ],
2315 silly audit   '@unrs/resolver-binding-linux-x64-gnu': [ '1.12.2' ],
2315 silly audit   '@unrs/resolver-binding-linux-x64-musl': [ '1.12.2' ],
2315 silly audit   '@unrs/resolver-binding-openharmony-arm64': [ '1.12.2' ],
2315 silly audit   '@unrs/resolver-binding-wasm32-wasi': [ '1.12.2' ],
2315 silly audit   '@unrs/resolver-binding-win32-arm64-msvc': [ '1.12.2' ],
2315 silly audit   '@unrs/resolver-binding-win32-ia32-msvc': [ '1.12.2' ],
2315 silly audit   '@unrs/resolver-binding-win32-x64-msvc': [ '1.12.2' ],
2315 silly audit   'napi-postinstall': [ '0.3.4' ],
2315 silly audit   '@emnapi/core': [ '1.10.0' ],
2315 silly audit   '@napi-rs/wasm-runtime': [ '1.2.3' ],
2315 silly audit   '@emnapi/wasi-threads': [ '1.2.1' ],
2315 silly audit   '@tybys/wasm-util': [ '0.10.3' ],
2315 silly audit   punycode: [ '2.3.1' ],
2315 silly audit   isexe: [ '2.0.0' ],
2315 silly audit   'is-bigint': [ '1.1.0' ],
2315 silly audit   'is-boolean-object': [ '1.2.2' ],
2315 silly audit   'is-number-object': [ '1.1.1' ],
2315 silly audit   'is-async-function': [ '2.1.1' ],
2315 silly audit   'is-finalizationregistry': [ '1.1.1' ],
2315 silly audit   'is-generator-function': [ '1.1.2' ],
2315 silly audit   'which-collection': [ '1.0.2' ],
2315 silly audit   'async-function': [ '1.0.0' ],
2315 silly audit   'generator-function': [ '2.0.1' ],
2315 silly audit   'is-map': [ '2.0.3' ],
2315 silly audit   'is-weakmap': [ '2.0.2' ],
2315 silly audit   'is-weakset': [ '2.0.4' ]
2315 silly audit }
2316 http cache is-weakset@https://registry.npmjs.org/is-weakset/-/is-weakset-2.0.4.tgz 0ms (cache hit)
2317 http cache is-weakmap@https://registry.npmjs.org/is-weakmap/-/is-weakmap-2.0.2.tgz 0ms (cache hit)
2318 http cache is-map@https://registry.npmjs.org/is-map/-/is-map-2.0.3.tgz 0ms (cache hit)
2319 http cache async-function@https://registry.npmjs.org/async-function/-/async-function-1.0.0.tgz 0ms (cache hit)
2320 http cache generator-function@https://registry.npmjs.org/generator-function/-/generator-function-2.0.1.tgz 0ms (cache hit)
2321 http cache which-collection@https://registry.npmjs.org/which-collection/-/which-collection-1.0.2.tgz 0ms (cache hit)
2322 http cache is-generator-function@https://registry.npmjs.org/is-generator-function/-/is-generator-function-1.1.2.tgz 0ms (cache hit)
2323 http cache is-finalizationregistry@https://registry.npmjs.org/is-finalizationregistry/-/is-finalizationregistry-1.1.1.tgz 0ms (cache hit)
2324 http cache is-async-function@https://registry.npmjs.org/is-async-function/-/is-async-function-2.1.1.tgz 0ms (cache hit)
2325 http cache is-boolean-object@https://registry.npmjs.org/is-boolean-object/-/is-boolean-object-1.2.2.tgz 0ms (cache hit)
2326 http cache is-bigint@https://registry.npmjs.org/is-bigint/-/is-bigint-1.1.0.tgz 0ms (cache hit)
2327 http cache is-number-object@https://registry.npmjs.org/is-number-object/-/is-number-object-1.1.1.tgz 0ms (cache hit)
2328 http cache @unrs/resolver-binding-win32-x64-msvc@https://registry.npmjs.org/@unrs/resolver-binding-win32-x64-msvc/-/resolver-binding-win32-x64-msvc-1.12.2.tgz 0ms (cache hit)
2329 http cache isexe@https://registry.npmjs.org/isexe/-/isexe-2.0.0.tgz 0ms (cache hit)
2330 http cache napi-postinstall@https://registry.npmjs.org/napi-postinstall/-/napi-postinstall-0.3.4.tgz 0ms (cache hit)
2331 http cache punycode@https://registry.npmjs.org/punycode/-/punycode-2.3.1.tgz 0ms (cache hit)
2332 http cache which-boxed-primitive@https://registry.npmjs.org/which-boxed-primitive/-/which-boxed-primitive-1.1.1.tgz 0ms (cache hit)
2333 http cache has-bigints@https://registry.npmjs.org/has-bigints/-/has-bigints-1.1.0.tgz 0ms (cache hit)
2334 http cache which-builtin-type@https://registry.npmjs.org/which-builtin-type/-/which-builtin-type-1.2.1.tgz 0ms (cache hit)
2335 http cache reflect.getprototypeof@https://registry.npmjs.org/reflect.getprototypeof/-/reflect.getprototypeof-1.0.10.tgz 0ms (cache hit)
2336 http cache strip-bom@https://registry.npmjs.org/strip-bom/-/strip-bom-3.0.0.tgz 1ms (cache hit)
2337 http cache for-each@https://registry.npmjs.org/for-each/-/for-each-0.3.5.tgz 0ms (cache hit)
2338 http cache @types/json5@https://registry.npmjs.org/@types/json5/-/json5-0.0.29.tgz 0ms (cache hit)
2339 http cache json5@https://registry.npmjs.org/json5/-/json5-1.0.2.tgz 0ms (cache hit)
2340 http cache minimist@https://registry.npmjs.org/minimist/-/minimist-1.2.8.tgz 0ms (cache hit)
2341 http cache is-number@https://registry.npmjs.org/is-number/-/is-number-7.0.0.tgz 0ms (cache hit)
2342 http cache has-flag@https://registry.npmjs.org/has-flag/-/has-flag-4.0.0.tgz 0ms (cache hit)
2343 http cache side-channel-weakmap@https://registry.npmjs.org/side-channel-weakmap/-/side-channel-weakmap-1.0.2.tgz 0ms (cache hit)
2344 http cache @img/sharp-win32-x64@https://registry.npmjs.org/@img/sharp-win32-x64/-/sharp-win32-x64-0.35.4.tgz 0ms (cache hit)
2345 http cache side-channel-map@https://registry.npmjs.org/side-channel-map/-/side-channel-map-1.0.1.tgz 0ms (cache hit)
2346 http cache side-channel-list@https://registry.npmjs.org/side-channel-list/-/side-channel-list-1.0.1.tgz 0ms (cache hit)
2347 http cache @img/colour@https://registry.npmjs.org/@img/colour/-/colour-1.1.0.tgz 0ms (cache hit)
2348 http cache client-only@https://registry.npmjs.org/client-only/-/client-only-0.0.1.tgz 0ms (cache hit)
2349 http cache shebang-regex@https://registry.npmjs.org/shebang-regex/-/shebang-regex-3.0.0.tgz 0ms (cache hit)
2350 http cache isarray@https://registry.npmjs.org/isarray/-/isarray-2.0.5.tgz 0ms (cache hit)
2351 http cache queue-microtask@https://registry.npmjs.org/queue-microtask/-/queue-microtask-1.2.3.tgz 0ms (cache hit)
2352 http cache supports-preserve-symlinks-flag@https://registry.npmjs.org/supports-preserve-symlinks-flag/-/supports-preserve-symlinks-flag-1.0.0.tgz 0ms (cache hit)
2353 http cache path-parse@https://registry.npmjs.org/path-parse/-/path-parse-1.0.7.tgz 0ms (cache hit)
2354 http cache node-exports-info@https://registry.npmjs.org/node-exports-info/-/node-exports-info-1.6.2.tgz 0ms (cache hit)
2355 http cache js-tokens@https://registry.npmjs.org/js-tokens/-/js-tokens-4.0.0.tgz 0ms (cache hit)
2356 http cache react-is@https://registry.npmjs.org/react-is/-/react-is-16.13.1.tgz 0ms (cache hit)
2357 http cache object-assign@https://registry.npmjs.org/object-assign/-/object-assign-4.1.1.tgz 0ms (cache hit)
2358 http cache scheduler@https://registry.npmjs.org/scheduler/-/scheduler-0.27.0.tgz 0ms (cache hit)
2359 http cache loose-envify@https://registry.npmjs.org/loose-envify/-/loose-envify-1.4.0.tgz 0ms (cache hit)
2360 http cache picocolors@https://registry.npmjs.org/picocolors/-/picocolors-1.1.1.tgz 0ms (cache hit)
2361 http cache nanoid@https://registry.npmjs.org/nanoid/-/nanoid-3.3.18.tgz 0ms (cache hit)
2362 http cache callsites@https://registry.npmjs.org/callsites/-/callsites-3.1.0.tgz 1ms (cache hit)
2363 http cache yocto-queue@https://registry.npmjs.org/yocto-queue/-/yocto-queue-0.1.0.tgz 0ms (cache hit)
2364 http cache p-limit@https://registry.npmjs.org/p-limit/-/p-limit-3.1.0.tgz 0ms (cache hit)
2365 http cache fast-levenshtein@https://registry.npmjs.org/fast-levenshtein/-/fast-levenshtein-2.0.6.tgz 0ms (cache hit)
2366 http cache word-wrap@https://registry.npmjs.org/word-wrap/-/word-wrap-1.2.5.tgz 0ms (cache hit)
2367 http cache deep-is@https://registry.npmjs.org/deep-is/-/deep-is-0.1.4.tgz 0ms (cache hit)
2368 http cache tslib@https://registry.npmjs.org/tslib/-/tslib-2.8.1.tgz 0ms (cache hit)
2369 http cache styled-jsx@https://registry.npmjs.org/styled-jsx/-/styled-jsx-5.1.6.tgz 0ms (cache hit)
2370 http cache caniuse-lite@https://registry.npmjs.org/caniuse-lite/-/caniuse-lite-1.0.30001810.tgz 0ms (cache hit)
2371 http cache sharp@https://registry.npmjs.org/sharp/-/sharp-0.35.4.tgz 0ms (cache hit)
2372 http cache @swc/helpers@https://registry.npmjs.org/@swc/helpers/-/helpers-0.5.15.tgz 0ms (cache hit)
2373 http cache concat-map@https://registry.npmjs.org/concat-map/-/concat-map-0.0.1.tgz 0ms (cache hit)
2374 http cache @next/env@https://registry.npmjs.org/@next/env/-/env-15.5.25.tgz 0ms (cache hit)
2375 http cache to-regex-range@https://registry.npmjs.org/to-regex-range/-/to-regex-range-5.0.1.tgz 0ms (cache hit)
2376 http cache balanced-match@https://registry.npmjs.org/balanced-match/-/balanced-match-1.0.2.tgz 0ms (cache hit)
2377 http cache fill-range@https://registry.npmjs.org/fill-range/-/fill-range-7.1.1.tgz 0ms (cache hit)
2378 http cache brace-expansion@https://registry.npmjs.org/brace-expansion/-/brace-expansion-1.1.18.tgz 0ms (cache hit)
2379 http cache picomatch@https://registry.npmjs.org/picomatch/-/picomatch-2.3.2.tgz 0ms (cache hit)
2380 http cache braces@https://registry.npmjs.org/braces/-/braces-3.0.3.tgz 0ms (cache hit)
2381 http cache p-locate@https://registry.npmjs.org/p-locate/-/p-locate-5.0.0.tgz 0ms (cache hit)
2382 http cache lightningcss-win32-x64-msvc@https://registry.npmjs.org/lightningcss-win32-x64-msvc/-/lightningcss-win32-x64-msvc-1.32.0.tgz 0ms (cache hit)
2383 http cache detect-libc@https://registry.npmjs.org/detect-libc/-/detect-libc-2.1.2.tgz 1ms (cache hit)
2384 http cache prelude-ls@https://registry.npmjs.org/prelude-ls/-/prelude-ls-1.2.1.tgz 0ms (cache hit)
2385 http cache type-check@https://registry.npmjs.org/type-check/-/type-check-0.4.0.tgz 0ms (cache hit)
2386 http cache @next/swc-win32-x64-msvc@https://registry.npmjs.org/@next/swc-win32-x64-msvc/-/swc-win32-x64-msvc-15.5.25.tgz 0ms (cache hit)
2387 http cache json-buffer@https://registry.npmjs.org/json-buffer/-/json-buffer-3.0.1.tgz 0ms (cache hit)
2388 http cache language-subtag-registry@https://registry.npmjs.org/language-subtag-registry/-/language-subtag-registry-0.3.23.tgz 0ms (cache hit)
2389 http cache argparse@https://registry.npmjs.org/argparse/-/argparse-2.0.1.tgz 0ms (cache hit)
2390 http cache is-extglob@https://registry.npmjs.org/is-extglob/-/is-extglob-2.1.1.tgz 0ms (cache hit)
2391 http cache side-channel@https://registry.npmjs.org/side-channel/-/side-channel-1.1.1.tgz 0ms (cache hit)
2392 http cache resolve-from@https://registry.npmjs.org/resolve-from/-/resolve-from-4.0.0.tgz 0ms (cache hit)
2393 http cache is-document.all@https://registry.npmjs.org/is-document.all/-/is-document.all-1.0.0.tgz 0ms (cache hit)
2394 http cache resolve-pkg-maps@https://registry.npmjs.org/resolve-pkg-maps/-/resolve-pkg-maps-1.0.0.tgz 0ms (cache hit)
2395 http cache functions-have-names@https://registry.npmjs.org/functions-have-names/-/functions-have-names-1.2.3.tgz 0ms (cache hit)
2396 http cache flatted@https://registry.npmjs.org/flatted/-/flatted-3.4.4.tgz 0ms (cache hit)
2397 http cache keyv@https://registry.npmjs.org/keyv/-/keyv-4.5.4.tgz 0ms (cache hit)
2398 http cache set-function-name@https://registry.npmjs.org/set-function-name/-/set-function-name-2.0.2.tgz 0ms (cache hit)
2399 http cache path-exists@https://registry.npmjs.org/path-exists/-/path-exists-4.0.0.tgz 0ms (cache hit)
2400 http cache locate-path@https://registry.npmjs.org/locate-path/-/locate-path-6.0.0.tgz 0ms (cache hit)
2401 http cache flat-cache@https://registry.npmjs.org/flat-cache/-/flat-cache-4.0.1.tgz 0ms (cache hit)
2402 http cache @nodelib/fs.scandir@https://registry.npmjs.org/@nodelib/fs.scandir/-/fs.scandir-2.1.5.tgz 0ms (cache hit)
2403 http cache reusify@https://registry.npmjs.org/reusify/-/reusify-1.1.0.tgz 0ms (cache hit)
2404 http cache fastq@https://registry.npmjs.org/fastq/-/fastq-1.20.3.tgz 0ms (cache hit)
2405 http cache @nodelib/fs.walk@https://registry.npmjs.org/@nodelib/fs.walk/-/fs.walk-1.2.8.tgz 0ms (cache hit)
2406 http cache micromatch@https://registry.npmjs.org/micromatch/-/micromatch-4.0.8.tgz 0ms (cache hit)
2407 http cache merge2@https://registry.npmjs.org/merge2/-/merge2-1.4.1.tgz 0ms (cache hit)
2408 http cache parent-module@https://registry.npmjs.org/parent-module/-/parent-module-1.0.1.tgz 0ms (cache hit)
2409 http cache @nodelib/fs.stat@https://registry.npmjs.org/@nodelib/fs.stat/-/fs.stat-2.0.5.tgz 0ms (cache hit)
2410 http cache run-parallel@https://registry.npmjs.org/run-parallel/-/run-parallel-1.2.0.tgz 0ms (cache hit)
2411 http cache acorn-jsx@https://registry.npmjs.org/acorn-jsx/-/acorn-jsx-5.3.2.tgz 0ms (cache hit)
2412 http cache iterator.prototype@https://registry.npmjs.org/iterator.prototype/-/iterator.prototype-1.1.5.tgz 0ms (cache hit)
2413 http cache esrecurse@https://registry.npmjs.org/esrecurse/-/esrecurse-4.3.0.tgz 0ms (cache hit)
2414 http cache acorn@https://registry.npmjs.org/acorn/-/acorn-8.18.0.tgz 0ms (cache hit)
2415 http cache string.prototype.repeat@https://registry.npmjs.org/string.prototype.repeat/-/string.prototype.repeat-1.0.0.tgz 0ms (cache hit)
2416 http cache prop-types@https://registry.npmjs.org/prop-types/-/prop-types-15.8.1.tgz 0ms (cache hit)
2417 http cache object.entries@https://registry.npmjs.org/object.entries/-/object.entries-1.1.9.tgz 0ms (cache hit)
2418 http cache estraverse@https://registry.npmjs.org/estraverse/-/estraverse-5.3.0.tgz 0ms (cache hit)
2419 http cache string.prototype.matchall@https://registry.npmjs.org/string.prototype.matchall/-/string.prototype.matchall-4.1.0.tgz 0ms (cache hit)
2420 http cache array.prototype.findlast@https://registry.npmjs.org/array.prototype.findlast/-/array.prototype.findlast-1.2.5.tgz 0ms (cache hit)
2421 http cache es-iterator-helpers@https://registry.npmjs.org/es-iterator-helpers/-/es-iterator-helpers-1.4.0.tgz 0ms (cache hit)
2422 http cache array.prototype.tosorted@https://registry.npmjs.org/array.prototype.tosorted/-/array.prototype.tosorted-1.1.4.tgz 0ms (cache hit)
2423 http cache string.prototype.includes@https://registry.npmjs.org/string.prototype.includes/-/string.prototype.includes-2.0.1.tgz 0ms (cache hit)
2424 http cache jsx-ast-utils@https://registry.npmjs.org/jsx-ast-utils/-/jsx-ast-utils-3.3.5.tgz 0ms (cache hit)
2425 http cache emoji-regex@https://registry.npmjs.org/emoji-regex/-/emoji-regex-9.2.2.tgz 0ms (cache hit)
2426 http cache damerau-levenshtein@https://registry.npmjs.org/damerau-levenshtein/-/damerau-levenshtein-1.0.8.tgz 0ms (cache hit)
2427 http cache axe-core@https://registry.npmjs.org/axe-core/-/axe-core-4.13.0.tgz 0ms (cache hit)
2428 http cache language-tags@https://registry.npmjs.org/language-tags/-/language-tags-1.0.9.tgz 0ms (cache hit)
2429 http cache axobject-query@https://registry.npmjs.org/axobject-query/-/axobject-query-4.1.0.tgz 0ms (cache hit)
2430 http cache ast-types-flow@https://registry.npmjs.org/ast-types-flow/-/ast-types-flow-0.0.8.tgz 0ms (cache hit)
2431 http cache is-date-object@https://registry.npmjs.org/is-date-object/-/is-date-object-1.1.0.tgz 0ms (cache hit)
2432 http cache is-symbol@https://registry.npmjs.org/is-symbol/-/is-symbol-1.1.1.tgz 0ms (cache hit)
2433 http cache aria-query@https://registry.npmjs.org/aria-query/-/aria-query-5.3.2.tgz 0ms (cache hit)
2434 http cache es-abstract-get@https://registry.npmjs.org/es-abstract-get/-/es-abstract-get-1.0.0.tgz 0ms (cache hit)
2435 http cache has-tostringtag@https://registry.npmjs.org/has-tostringtag/-/has-tostringtag-1.0.2.tgz 0ms (cache hit)
2436 http cache dunder-proto@https://registry.npmjs.org/dunder-proto/-/dunder-proto-1.0.1.tgz 0ms (cache hit)
2437 http cache unbox-primitive@https://registry.npmjs.org/unbox-primitive/-/unbox-primitive-1.1.0.tgz 0ms (cache hit)
2438 http cache possible-typed-array-names@https://registry.npmjs.org/possible-typed-array-names/-/possible-typed-array-names-1.1.0.tgz 0ms (cache hit)
2439 http cache typed-array-byte-length@https://registry.npmjs.org/typed-array-byte-length/-/typed-array-byte-length-1.0.3.tgz 0ms (cache hit)
2440 http cache typed-array-length@https://registry.npmjs.org/typed-array-length/-/typed-array-length-1.0.8.tgz 0ms (cache hit)
2441 http cache typed-array-buffer@https://registry.npmjs.org/typed-array-buffer/-/typed-array-buffer-1.0.3.tgz 0ms (cache hit)
2442 http cache typed-array-byte-offset@https://registry.npmjs.org/typed-array-byte-offset/-/typed-array-byte-offset-1.0.4.tgz 0ms (cache hit)
2443 http cache which-typed-array@https://registry.npmjs.org/which-typed-array/-/which-typed-array-1.1.22.tgz 0ms (cache hit)
2444 http cache string.prototype.trim@https://registry.npmjs.org/string.prototype.trim/-/string.prototype.trim-1.2.11.tgz 0ms (cache hit)
2445 http cache string.prototype.trimstart@https://registry.npmjs.org/string.prototype.trimstart/-/string.prototype.trimstart-1.0.8.tgz 0ms (cache hit)
2446 http cache stop-iteration-iterator@https://registry.npmjs.org/stop-iteration-iterator/-/stop-iteration-iterator-1.1.0.tgz 0ms (cache hit)
2447 http cache safe-regex-test@https://registry.npmjs.org/safe-regex-test/-/safe-regex-test-1.1.0.tgz 0ms (cache hit)
2448 http cache set-proto@https://registry.npmjs.org/set-proto/-/set-proto-1.0.0.tgz 0ms (cache hit)
2449 http cache safe-push-apply@https://registry.npmjs.org/safe-push-apply/-/safe-push-apply-1.0.0.tgz 0ms (cache hit)
2450 http cache safe-array-concat@https://registry.npmjs.org/safe-array-concat/-/safe-array-concat-1.1.4.tgz 0ms (cache hit)
2451 http cache object.assign@https://registry.npmjs.org/object.assign/-/object.assign-4.1.7.tgz 0ms (cache hit)
2452 http cache regexp.prototype.flags@https://registry.npmjs.org/regexp.prototype.flags/-/regexp.prototype.flags-1.5.4.tgz 0ms (cache hit)
2453 http cache is-weakref@https://registry.npmjs.org/is-weakref/-/is-weakref-1.1.1.tgz 0ms (cache hit)
2454 http cache object-inspect@https://registry.npmjs.org/object-inspect/-/object-inspect-1.13.4.tgz 0ms (cache hit)
2455 http cache is-typed-array@https://registry.npmjs.org/is-typed-array/-/is-typed-array-1.1.15.tgz 0ms (cache hit)
2456 http cache is-set@https://registry.npmjs.org/is-set/-/is-set-2.0.3.tgz 0ms (cache hit)
2457 http cache is-regex@https://registry.npmjs.org/is-regex/-/is-regex-1.2.1.tgz 0ms (cache hit)
2458 http cache is-data-view@https://registry.npmjs.org/is-data-view/-/is-data-view-1.0.2.tgz 0ms (cache hit)
2459 http cache is-callable@https://registry.npmjs.org/is-callable/-/is-callable-1.2.7.tgz 0ms (cache hit)
2460 http cache is-negative-zero@https://registry.npmjs.org/is-negative-zero/-/is-negative-zero-2.0.3.tgz 0ms (cache hit)
2461 http cache own-keys@https://registry.npmjs.org/own-keys/-/own-keys-1.0.2.tgz 0ms (cache hit)
2462 http cache is-array-buffer@https://registry.npmjs.org/is-array-buffer/-/is-array-buffer-3.0.5.tgz 0ms (cache hit)
2463 http cache globalthis@https://registry.npmjs.org/globalthis/-/globalthis-1.0.4.tgz 0ms (cache hit)
2464 http cache internal-slot@https://registry.npmjs.org/internal-slot/-/internal-slot-1.1.0.tgz 0ms (cache hit)
2465 http cache has-symbols@https://registry.npmjs.org/has-symbols/-/has-symbols-1.1.0.tgz 0ms (cache hit)
2466 http cache get-proto@https://registry.npmjs.org/get-proto/-/get-proto-1.0.1.tgz 0ms (cache hit)
2467 http cache has-proto@https://registry.npmjs.org/has-proto/-/has-proto-1.2.0.tgz 0ms (cache hit)
2468 http cache es-to-primitive@https://registry.npmjs.org/es-to-primitive/-/es-to-primitive-1.3.4.tgz 0ms (cache hit)
2469 http cache function.prototype.name@https://registry.npmjs.org/function.prototype.name/-/function.prototype.name-1.2.0.tgz 0ms (cache hit)
2470 http cache is-shared-array-buffer@https://registry.npmjs.org/is-shared-array-buffer/-/is-shared-array-buffer-1.0.4.tgz 0ms (cache hit)
2471 http cache get-symbol-description@https://registry.npmjs.org/get-symbol-description/-/get-symbol-description-1.1.0.tgz 0ms (cache hit)
2472 http cache data-view-byte-offset@https://registry.npmjs.org/data-view-byte-offset/-/data-view-byte-offset-1.0.1.tgz 0ms (cache hit)
2473 http cache data-view-byte-length@https://registry.npmjs.org/data-view-byte-length/-/data-view-byte-length-1.0.2.tgz 0ms (cache hit)
2474 http cache es-set-tostringtag@https://registry.npmjs.org/es-set-tostringtag/-/es-set-tostringtag-2.1.0.tgz 0ms (cache hit)
2475 http cache available-typed-arrays@https://registry.npmjs.org/available-typed-arrays/-/available-typed-arrays-1.0.7.tgz 0ms (cache hit)
2476 http cache data-view-buffer@https://registry.npmjs.org/data-view-buffer/-/data-view-buffer-1.0.2.tgz 0ms (cache hit)
2477 http cache arraybuffer.prototype.slice@https://registry.npmjs.org/arraybuffer.prototype.slice/-/arraybuffer.prototype.slice-1.0.4.tgz 0ms (cache hit)
2478 http cache object-keys@https://registry.npmjs.org/object-keys/-/object-keys-1.1.1.tgz 0ms (cache hit)
2479 http cache function-bind@https://registry.npmjs.org/function-bind/-/function-bind-1.1.2.tgz 0ms (cache hit)
2480 http cache has-property-descriptors@https://registry.npmjs.org/has-property-descriptors/-/has-property-descriptors-1.0.2.tgz 0ms (cache hit)
2481 http cache define-data-property@https://registry.npmjs.org/define-data-property/-/define-data-property-1.1.4.tgz 0ms (cache hit)
2482 http cache array-buffer-byte-length@https://registry.npmjs.org/array-buffer-byte-length/-/array-buffer-byte-length-1.0.2.tgz 0ms (cache hit)
2483 http cache gopd@https://registry.npmjs.org/gopd/-/gopd-1.2.0.tgz 0ms (cache hit)
2484 http cache es-define-property@https://registry.npmjs.org/es-define-property/-/es-define-property-1.0.1.tgz 0ms (cache hit)
2485 http cache call-bind-apply-helpers@https://registry.npmjs.org/call-bind-apply-helpers/-/call-bind-apply-helpers-1.0.2.tgz 0ms (cache hit)
2486 http cache es-shim-unscopables@https://registry.npmjs.org/es-shim-unscopables/-/es-shim-unscopables-1.1.0.tgz 0ms (cache hit)
2487 http cache es-errors@https://registry.npmjs.org/es-errors/-/es-errors-1.3.0.tgz 0ms (cache hit)
2488 http cache set-function-length@https://registry.npmjs.org/set-function-length/-/set-function-length-1.2.2.tgz 0ms (cache hit)
2489 http cache math-intrinsics@https://registry.npmjs.org/math-intrinsics/-/math-intrinsics-1.1.0.tgz 0ms (cache hit)
2490 http cache is-string@https://registry.npmjs.org/is-string/-/is-string-1.1.1.tgz 0ms (cache hit)
2491 http cache es-abstract@https://registry.npmjs.org/es-abstract/-/es-abstract-1.24.2.tgz 0ms (cache hit)
2492 http cache get-intrinsic@https://registry.npmjs.org/get-intrinsic/-/get-intrinsic-1.3.0.tgz 0ms (cache hit)
2493 http cache call-bound@https://registry.npmjs.org/call-bound/-/call-bound-1.0.4.tgz 0ms (cache hit)
2494 http cache define-properties@https://registry.npmjs.org/define-properties/-/define-properties-1.2.1.tgz 0ms (cache hit)
2495 http cache tsconfig-paths@https://registry.npmjs.org/tsconfig-paths/-/tsconfig-paths-3.15.0.tgz 0ms (cache hit)
2496 http cache call-bind@https://registry.npmjs.org/call-bind/-/call-bind-1.0.9.tgz 0ms (cache hit)
2497 http cache string.prototype.trimend@https://registry.npmjs.org/string.prototype.trimend/-/string.prototype.trimend-1.0.10.tgz 0ms (cache hit)
2498 http cache object.values@https://registry.npmjs.org/object.values/-/object.values-1.2.1.tgz 0ms (cache hit)
2499 http cache es-object-atoms@https://registry.npmjs.org/es-object-atoms/-/es-object-atoms-1.1.2.tgz 0ms (cache hit)
2500 http cache object.groupby@https://registry.npmjs.org/object.groupby/-/object.groupby-1.0.3.tgz 0ms (cache hit)
2501 http cache hasown@https://registry.npmjs.org/hasown/-/hasown-2.0.4.tgz 0ms (cache hit)
2502 http cache object.fromentries@https://registry.npmjs.org/object.fromentries/-/object.fromentries-2.0.8.tgz 0ms (cache hit)
2503 http cache doctrine@https://registry.npmjs.org/doctrine/-/doctrine-2.1.0.tgz 0ms (cache hit)
2504 http cache eslint-module-utils@https://registry.npmjs.org/eslint-module-utils/-/eslint-module-utils-2.14.0.tgz 0ms (cache hit)
2505 http cache array.prototype.flat@https://registry.npmjs.org/array.prototype.flat/-/array.prototype.flat-1.3.3.tgz 0ms (cache hit)
2506 http cache @rtsao/scc@https://registry.npmjs.org/@rtsao/scc/-/scc-1.1.0.tgz 0ms (cache hit)
2507 http cache array-includes@https://registry.npmjs.org/array-includes/-/array-includes-3.1.9.tgz 0ms (cache hit)
2508 http cache array.prototype.flatmap@https://registry.npmjs.org/array.prototype.flatmap/-/array.prototype.flatmap-1.3.3.tgz 0ms (cache hit)
2509 http cache array.prototype.findlastindex@https://registry.npmjs.org/array.prototype.findlastindex/-/array.prototype.findlastindex-1.2.6.tgz 0ms (cache hit)
2510 http cache unrs-resolver@https://registry.npmjs.org/unrs-resolver/-/unrs-resolver-1.12.2.tgz 0ms (cache hit)
2511 http cache @nolyfill/is-core-module@https://registry.npmjs.org/@nolyfill/is-core-module/-/is-core-module-1.0.39.tgz 0ms (cache hit)
2512 http cache is-bun-module@https://registry.npmjs.org/is-bun-module/-/is-bun-module-2.0.0.tgz 0ms (cache hit)
2513 http cache is-core-module@https://registry.npmjs.org/is-core-module/-/is-core-module-2.16.2.tgz 0ms (cache hit)
2514 http cache @typescript-eslint/tsconfig-utils@https://registry.npmjs.org/@typescript-eslint/tsconfig-utils/-/tsconfig-utils-8.70.0.tgz 0ms (cache hit)
2515 http cache get-tsconfig@https://registry.npmjs.org/get-tsconfig/-/get-tsconfig-4.14.3.tgz 0ms (cache hit)
2516 http cache @typescript-eslint/project-service@https://registry.npmjs.org/@typescript-eslint/project-service/-/project-service-8.70.0.tgz 0ms (cache hit)
2517 http cache tinyglobby@https://registry.npmjs.org/tinyglobby/-/tinyglobby-0.2.17.tgz 0ms (cache hit)
2518 http cache resolve@https://registry.npmjs.org/resolve/-/resolve-2.0.0-next.7.tgz 0ms (cache hit)
2519 http cache semver@https://registry.npmjs.org/semver/-/semver-7.8.5.tgz 0ms (cache hit)
2520 http cache @typescript-eslint/typescript-estree@https://registry.npmjs.org/@typescript-eslint/typescript-estree/-/typescript-estree-8.70.0.tgz 0ms (cache hit)
2521 http cache stable-hash@https://registry.npmjs.org/stable-hash/-/stable-hash-0.0.5.tgz 0ms (cache hit)
2522 http cache @typescript-eslint/types@https://registry.npmjs.org/@typescript-eslint/types/-/types-8.70.0.tgz 0ms (cache hit)
2523 http cache eslint-plugin-react-hooks@https://registry.npmjs.org/eslint-plugin-react-hooks/-/eslint-plugin-react-hooks-5.2.0.tgz 0ms (cache hit)
2524 http cache @typescript-eslint/visitor-keys@https://registry.npmjs.org/@typescript-eslint/visitor-keys/-/visitor-keys-8.70.0.tgz 0ms (cache hit)
2525 http cache ts-api-utils@https://registry.npmjs.org/ts-api-utils/-/ts-api-utils-2.5.0.tgz 0ms (cache hit)
2526 http cache @typescript-eslint/utils@https://registry.npmjs.org/@typescript-eslint/utils/-/utils-8.70.0.tgz 0ms (cache hit)
2527 http cache @typescript-eslint/type-utils@https://registry.npmjs.org/@typescript-eslint/type-utils/-/type-utils-8.70.0.tgz 0ms (cache hit)
2528 http cache fast-glob@https://registry.npmjs.org/fast-glob/-/fast-glob-3.3.1.tgz 0ms (cache hit)
2529 http cache eslint-plugin-react@https://registry.npmjs.org/eslint-plugin-react/-/eslint-plugin-react-7.37.5.tgz 0ms (cache hit)
2530 http cache eslint-plugin-jsx-a11y@https://registry.npmjs.org/eslint-plugin-jsx-a11y/-/eslint-plugin-jsx-a11y-6.10.2.tgz 0ms (cache hit)
2531 http cache eslint-import-resolver-typescript@https://registry.npmjs.org/eslint-import-resolver-typescript/-/eslint-import-resolver-typescript-3.10.1.tgz 0ms (cache hit)
2532 http cache eslint-plugin-import@https://registry.npmjs.org/eslint-plugin-import/-/eslint-plugin-import-2.32.0.tgz 0ms (cache hit)
2533 http cache @typescript-eslint/scope-manager@https://registry.npmjs.org/@typescript-eslint/scope-manager/-/scope-manager-8.70.0.tgz 0ms (cache hit)
2534 http cache eslint-import-resolver-node@https://registry.npmjs.org/eslint-import-resolver-node/-/eslint-import-resolver-node-0.3.10.tgz 0ms (cache hit)
2535 http cache @typescript-eslint/parser@https://registry.npmjs.org/@typescript-eslint/parser/-/parser-8.70.0.tgz 0ms (cache hit)
2536 http cache @rushstack/eslint-patch@https://registry.npmjs.org/@rushstack/eslint-patch/-/eslint-patch-1.16.1.tgz 0ms (cache hit)
2537 http cache @next/eslint-plugin-next@https://registry.npmjs.org/@next/eslint-plugin-next/-/eslint-plugin-next-15.5.25.tgz 0ms (cache hit)
2538 http cache @typescript-eslint/eslint-plugin@https://registry.npmjs.org/@typescript-eslint/eslint-plugin/-/eslint-plugin-8.70.0.tgz 0ms (cache hit)
2539 http cache which@https://registry.npmjs.org/which/-/which-2.0.2.tgz 0ms (cache hit)
2540 http cache ms@https://registry.npmjs.org/ms/-/ms-2.1.3.tgz 0ms (cache hit)
2541 http cache shebang-command@https://registry.npmjs.org/shebang-command/-/shebang-command-2.0.0.tgz 0ms (cache hit)
2542 http cache color-convert@https://registry.npmjs.org/color-convert/-/color-convert-2.0.1.tgz 0ms (cache hit)
2543 http cache color-name@https://registry.npmjs.org/color-name/-/color-name-1.1.4.tgz 0ms (cache hit)
2544 http cache path-key@https://registry.npmjs.org/path-key/-/path-key-3.1.1.tgz 0ms (cache hit)
2545 http cache ansi-styles@https://registry.npmjs.org/ansi-styles/-/ansi-styles-4.3.0.tgz 0ms (cache hit)
2546 http cache supports-color@https://registry.npmjs.org/supports-color/-/supports-color-7.2.0.tgz 0ms (cache hit)
2547 http cache json-schema-traverse@https://registry.npmjs.org/json-schema-traverse/-/json-schema-traverse-0.4.1.tgz 0ms (cache hit)
2548 http cache @humanfs/types@https://registry.npmjs.org/@humanfs/types/-/types-0.15.0.tgz 0ms (cache hit)
2549 http cache uri-js@https://registry.npmjs.org/uri-js/-/uri-js-4.4.1.tgz 0ms (cache hit)
2550 http cache fast-json-stable-stringify@https://registry.npmjs.org/fast-json-stable-stringify/-/fast-json-stable-stringify-2.1.0.tgz 0ms (cache hit)
2551 http cache @humanfs/core@https://registry.npmjs.org/@humanfs/core/-/core-0.19.2.tgz 0ms (cache hit)
2552 http cache levn@https://registry.npmjs.org/levn/-/levn-0.4.1.tgz 0ms (cache hit)
2553 http cache @types/json-schema@https://registry.npmjs.org/@types/json-schema/-/json-schema-7.0.15.tgz 0ms (cache hit)
2554 http cache strip-json-comments@https://registry.npmjs.org/strip-json-comments/-/strip-json-comments-3.1.1.tgz 0ms (cache hit)
2555 http cache import-fresh@https://registry.npmjs.org/import-fresh/-/import-fresh-3.3.1.tgz 0ms (cache hit)
2556 http cache globals@https://registry.npmjs.org/globals/-/globals-14.0.0.tgz 0ms (cache hit)
2557 http cache js-yaml@https://registry.npmjs.org/js-yaml/-/js-yaml-4.3.2.tgz 0ms (cache hit)
2558 http cache @eslint/object-schema@https://registry.npmjs.org/@eslint/object-schema/-/object-schema-2.1.7.tgz 0ms (cache hit)
2559 http cache natural-compare@https://registry.npmjs.org/natural-compare/-/natural-compare-1.4.0.tgz 0ms (cache hit)
2560 http cache optionator@https://registry.npmjs.org/optionator/-/optionator-0.9.4.tgz 0ms (cache hit)
2561 http cache minimatch@https://registry.npmjs.org/minimatch/-/minimatch-3.1.5.tgz 0ms (cache hit)
2562 http cache json-stable-stringify-without-jsonify@https://registry.npmjs.org/json-stable-stringify-without-jsonify/-/json-stable-stringify-without-jsonify-1.0.1.tgz 0ms (cache hit)
2563 http cache lodash.merge@https://registry.npmjs.org/lodash.merge/-/lodash.merge-4.6.2.tgz 0ms (cache hit)
2564 http cache is-glob@https://registry.npmjs.org/is-glob/-/is-glob-4.0.3.tgz 0ms (cache hit)
2565 http cache glob-parent@https://registry.npmjs.org/glob-parent/-/glob-parent-6.0.2.tgz 0ms (cache hit)
2566 http cache ignore@https://registry.npmjs.org/ignore/-/ignore-5.3.2.tgz 0ms (cache hit)
2567 http cache find-up@https://registry.npmjs.org/find-up/-/find-up-5.0.0.tgz 0ms (cache hit)
2568 http cache imurmurhash@https://registry.npmjs.org/imurmurhash/-/imurmurhash-0.1.4.tgz 0ms (cache hit)
2569 http cache esutils@https://registry.npmjs.org/esutils/-/esutils-2.0.3.tgz 0ms (cache hit)
2570 http cache file-entry-cache@https://registry.npmjs.org/file-entry-cache/-/file-entry-cache-8.0.0.tgz 0ms (cache hit)
2571 http cache fast-deep-equal@https://registry.npmjs.org/fast-deep-equal/-/fast-deep-equal-3.1.3.tgz 0ms (cache hit)
2572 http cache eslint-visitor-keys@https://registry.npmjs.org/eslint-visitor-keys/-/eslint-visitor-keys-4.2.1.tgz 0ms (cache hit)
2573 http cache eslint-scope@https://registry.npmjs.org/eslint-scope/-/eslint-scope-8.4.0.tgz 0ms (cache hit)
2574 http cache esquery@https://registry.npmjs.org/esquery/-/esquery-1.7.0.tgz 0ms (cache hit)
2575 http cache escape-string-regexp@https://registry.npmjs.org/escape-string-regexp/-/escape-string-regexp-4.0.0.tgz 0ms (cache hit)
2576 http cache espree@https://registry.npmjs.org/espree/-/espree-10.4.0.tgz 0ms (cache hit)
2577 http cache debug@https://registry.npmjs.org/debug/-/debug-4.4.3.tgz 0ms (cache hit)
2578 http cache ajv@https://registry.npmjs.org/ajv/-/ajv-6.15.0.tgz 0ms (cache hit)
2579 http cache @types/estree@https://registry.npmjs.org/@types/estree/-/estree-1.0.9.tgz 0ms (cache hit)
2580 http cache @humanwhocodes/retry@https://registry.npmjs.org/@humanwhocodes/retry/-/retry-0.4.3.tgz 0ms (cache hit)
2581 http cache cross-spawn@https://registry.npmjs.org/cross-spawn/-/cross-spawn-7.0.6.tgz 0ms (cache hit)
2582 http cache @humanfs/node@https://registry.npmjs.org/@humanfs/node/-/node-0.16.8.tgz 0ms (cache hit)
2583 http cache chalk@https://registry.npmjs.org/chalk/-/chalk-4.1.2.tgz 0ms (cache hit)
2584 http cache @humanwhocodes/module-importer@https://registry.npmjs.org/@humanwhocodes/module-importer/-/module-importer-1.0.1.tgz 0ms (cache hit)
2585 http cache @eslint/js@https://registry.npmjs.org/@eslint/js/-/js-9.39.5.tgz 0ms (cache hit)
2586 http cache @eslint/eslintrc@https://registry.npmjs.org/@eslint/eslintrc/-/eslintrc-3.3.7.tgz 0ms (cache hit)
2587 http cache @eslint/config-helpers@https://registry.npmjs.org/@eslint/config-helpers/-/config-helpers-0.4.2.tgz 0ms (cache hit)
2588 http cache @eslint/config-array@https://registry.npmjs.org/@eslint/config-array/-/config-array-0.21.2.tgz 0ms (cache hit)
2589 http cache tapable@https://registry.npmjs.org/tapable/-/tapable-2.3.3.tgz 0ms (cache hit)
2590 http cache @eslint/plugin-kit@https://registry.npmjs.org/@eslint/plugin-kit/-/plugin-kit-0.4.1.tgz 0ms (cache hit)
2591 http cache @eslint/core@https://registry.npmjs.org/@eslint/core/-/core-0.17.0.tgz 0ms (cache hit)
2592 http cache @tailwindcss/oxide-win32-x64-msvc@https://registry.npmjs.org/@tailwindcss/oxide-win32-x64-msvc/-/oxide-win32-x64-msvc-4.3.3.tgz 0ms (cache hit)
2593 http cache @eslint-community/eslint-utils@https://registry.npmjs.org/@eslint-community/eslint-utils/-/eslint-utils-4.10.1.tgz 0ms (cache hit)
2594 http cache graceful-fs@https://registry.npmjs.org/graceful-fs/-/graceful-fs-4.2.11.tgz 0ms (cache hit)
2595 http cache @eslint-community/regexpp@https://registry.npmjs.org/@eslint-community/regexpp/-/regexpp-4.12.2.tgz 0ms (cache hit)
2596 http cache @jridgewell/resolve-uri@https://registry.npmjs.org/@jridgewell/resolve-uri/-/resolve-uri-3.1.2.tgz 0ms (cache hit)
2597 http cache undici-types@https://registry.npmjs.org/undici-types/-/undici-types-6.21.0.tgz 0ms (cache hit)
2598 http cache csstype@https://registry.npmjs.org/csstype/-/csstype-3.2.3.tgz 0ms (cache hit)
2599 http cache source-map-js@https://registry.npmjs.org/source-map-js/-/source-map-js-1.2.1.tgz 0ms (cache hit)
2600 http cache magic-string@https://registry.npmjs.org/magic-string/-/magic-string-0.30.21.tgz 0ms (cache hit)
2601 http cache @jridgewell/sourcemap-codec@https://registry.npmjs.org/@jridgewell/sourcemap-codec/-/sourcemap-codec-1.6.0.tgz 0ms (cache hit)
2602 http cache @jridgewell/trace-mapping@https://registry.npmjs.org/@jridgewell/trace-mapping/-/trace-mapping-0.3.31.tgz 0ms (cache hit)
2603 http cache lightningcss@https://registry.npmjs.org/lightningcss/-/lightningcss-1.32.0.tgz 0ms (cache hit)
2604 http cache @jridgewell/gen-mapping@https://registry.npmjs.org/@jridgewell/gen-mapping/-/gen-mapping-0.3.13.tgz 0ms (cache hit)
2605 http cache @jridgewell/remapping@https://registry.npmjs.org/@jridgewell/remapping/-/remapping-2.3.5.tgz 0ms (cache hit)
2606 http cache enhanced-resolve@https://registry.npmjs.org/enhanced-resolve/-/enhanced-resolve-5.24.5.tgz 0ms (cache hit)
2607 http cache jiti@https://registry.npmjs.org/jiti/-/jiti-2.7.0.tgz 0ms (cache hit)
2608 http cache postcss@https://registry.npmjs.org/postcss/-/postcss-8.5.28.tgz 0ms (cache hit)
2609 http cache @alloc/quick-lru@https://registry.npmjs.org/@alloc/quick-lru/-/quick-lru-5.3.0.tgz 0ms (cache hit)
2610 http cache @tailwindcss/oxide@https://registry.npmjs.org/@tailwindcss/oxide/-/oxide-4.3.3.tgz 0ms (cache hit)
2611 http cache @tailwindcss/node@https://registry.npmjs.org/@tailwindcss/node/-/node-4.3.3.tgz 0ms (cache hit)
2612 http cache react-dom@https://registry.npmjs.org/react-dom/-/react-dom-19.2.8.tgz 0ms (cache hit)
2613 http cache tailwindcss@https://registry.npmjs.org/tailwindcss/-/tailwindcss-4.3.3.tgz 0ms (cache hit)
2614 http cache eslint-config-next@https://registry.npmjs.org/eslint-config-next/-/eslint-config-next-15.5.25.tgz 0ms (cache hit)
2615 http cache @types/react-dom@https://registry.npmjs.org/@types/react-dom/-/react-dom-19.2.7.tgz 0ms (cache hit)
2616 http cache eslint@https://registry.npmjs.org/eslint/-/eslint-9.39.5.tgz 0ms (cache hit)
2617 http cache react@https://registry.npmjs.org/react/-/react-19.2.8.tgz 0ms (cache hit)
2618 http cache @types/react@https://registry.npmjs.org/@types/react/-/react-19.2.18.tgz 0ms (cache hit)
2619 http cache next@https://registry.npmjs.org/next/-/next-15.5.25.tgz 0ms (cache hit)
2620 http cache @tailwindcss/postcss@https://registry.npmjs.org/@tailwindcss/postcss/-/postcss-4.3.3.tgz 0ms (cache hit)
2621 http cache @types/node@https://registry.npmjs.org/@types/node/-/node-22.20.1.tgz 0ms (cache hit)
2622 http cache typescript@https://registry.npmjs.org/typescript/-/typescript-5.9.3.tgz 0ms (cache hit)
2623 http cache debug@https://registry.npmjs.org/debug/-/debug-3.2.7.tgz 0ms (cache hit)
2624 http cache semver@https://registry.npmjs.org/semver/-/semver-6.3.1.tgz 0ms (cache hit)
2625 http cache picomatch@https://registry.npmjs.org/picomatch/-/picomatch-4.0.7.tgz 0ms (cache hit)
2626 http cache balanced-match@https://registry.npmjs.org/balanced-match/-/balanced-match-4.0.4.tgz 0ms (cache hit)
2627 http cache brace-expansion@https://registry.npmjs.org/brace-expansion/-/brace-expansion-5.0.9.tgz 0ms (cache hit)
2628 http cache fdir@https://registry.npmjs.org/fdir/-/fdir-6.5.0.tgz 0ms (cache hit)
2629 http cache minimatch@https://registry.npmjs.org/minimatch/-/minimatch-10.2.6.tgz 0ms (cache hit)
2630 http cache eslint-visitor-keys@https://registry.npmjs.org/eslint-visitor-keys/-/eslint-visitor-keys-5.0.1.tgz 0ms (cache hit)
2631 http cache semver@https://registry.npmjs.org/semver/-/semver-6.3.1.tgz 0ms (cache hit)
2632 http cache glob-parent@https://registry.npmjs.org/glob-parent/-/glob-parent-5.1.2.tgz 0ms (cache hit)
2633 http cache debug@https://registry.npmjs.org/debug/-/debug-3.2.7.tgz 0ms (cache hit)
2634 http cache ignore@https://registry.npmjs.org/ignore/-/ignore-7.0.9.tgz 0ms (cache hit)
2635 http cache semver@https://registry.npmjs.org/semver/-/semver-6.3.1.tgz 0ms (cache hit)
2636 http cache eslint-visitor-keys@https://registry.npmjs.org/eslint-visitor-keys/-/eslint-visitor-keys-3.4.3.tgz 0ms (cache hit)
2637 silly tarball no local data for is-weakset@https://registry.npmjs.org/is-weakset/-/is-weakset-2.0.4.tgz. Extracting by manifest.
2638 silly tarball no local data for is-weakmap@https://registry.npmjs.org/is-weakmap/-/is-weakmap-2.0.2.tgz. Extracting by manifest.
2639 silly tarball no local data for is-map@https://registry.npmjs.org/is-map/-/is-map-2.0.3.tgz. Extracting by manifest.
2640 silly tarball no local data for async-function@https://registry.npmjs.org/async-function/-/async-function-1.0.0.tgz. Extracting by manifest.
2641 silly tarball no local data for generator-function@https://registry.npmjs.org/generator-function/-/generator-function-2.0.1.tgz. Extracting by manifest.
2642 silly tarball no local data for which-collection@https://registry.npmjs.org/which-collection/-/which-collection-1.0.2.tgz. Extracting by manifest.
2643 silly tarball no local data for is-generator-function@https://registry.npmjs.org/is-generator-function/-/is-generator-function-1.1.2.tgz. Extracting by manifest.
2644 silly tarball no local data for is-finalizationregistry@https://registry.npmjs.org/is-finalizationregistry/-/is-finalizationregistry-1.1.1.tgz. Extracting by manifest.
2645 silly tarball no local data for is-async-function@https://registry.npmjs.org/is-async-function/-/is-async-function-2.1.1.tgz. Extracting by manifest.
2646 silly tarball no local data for is-boolean-object@https://registry.npmjs.org/is-boolean-object/-/is-boolean-object-1.2.2.tgz. Extracting by manifest.
2647 silly tarball no local data for is-bigint@https://registry.npmjs.org/is-bigint/-/is-bigint-1.1.0.tgz. Extracting by manifest.
2648 silly tarball no local data for is-number-object@https://registry.npmjs.org/is-number-object/-/is-number-object-1.1.1.tgz. Extracting by manifest.
2649 silly tarball no local data for @unrs/resolver-binding-win32-x64-msvc@https://registry.npmjs.org/@unrs/resolver-binding-win32-x64-msvc/-/resolver-binding-win32-x64-msvc-1.12.2.tgz. Extracting by manifest.
2650 silly tarball no local data for isexe@https://registry.npmjs.org/isexe/-/isexe-2.0.0.tgz. Extracting by manifest.
2651 silly tarball no local data for napi-postinstall@https://registry.npmjs.org/napi-postinstall/-/napi-postinstall-0.3.4.tgz. Extracting by manifest.
2652 silly tarball no local data for punycode@https://registry.npmjs.org/punycode/-/punycode-2.3.1.tgz. Extracting by manifest.
2653 silly tarball no local data for which-boxed-primitive@https://registry.npmjs.org/which-boxed-primitive/-/which-boxed-primitive-1.1.1.tgz. Extracting by manifest.
2654 silly tarball no local data for has-bigints@https://registry.npmjs.org/has-bigints/-/has-bigints-1.1.0.tgz. Extracting by manifest.
2655 silly tarball no local data for which-builtin-type@https://registry.npmjs.org/which-builtin-type/-/which-builtin-type-1.2.1.tgz. Extracting by manifest.
2656 silly tarball no local data for reflect.getprototypeof@https://registry.npmjs.org/reflect.getprototypeof/-/reflect.getprototypeof-1.0.10.tgz. Extracting by manifest.
2657 silly tarball no local data for strip-bom@https://registry.npmjs.org/strip-bom/-/strip-bom-3.0.0.tgz. Extracting by manifest.
2658 silly tarball no local data for for-each@https://registry.npmjs.org/for-each/-/for-each-0.3.5.tgz. Extracting by manifest.
2659 silly tarball no local data for @types/json5@https://registry.npmjs.org/@types/json5/-/json5-0.0.29.tgz. Extracting by manifest.
2660 silly tarball no local data for json5@https://registry.npmjs.org/json5/-/json5-1.0.2.tgz. Extracting by manifest.
2661 silly tarball no local data for minimist@https://registry.npmjs.org/minimist/-/minimist-1.2.8.tgz. Extracting by manifest.
2662 silly tarball no local data for is-number@https://registry.npmjs.org/is-number/-/is-number-7.0.0.tgz. Extracting by manifest.
2663 http cache postcss@https://registry.npmjs.org/postcss/-/postcss-8.4.31.tgz 0ms (cache hit)
2664 silly tarball no local data for has-flag@https://registry.npmjs.org/has-flag/-/has-flag-4.0.0.tgz. Extracting by manifest.
2665 silly tarball no local data for side-channel-weakmap@https://registry.npmjs.org/side-channel-weakmap/-/side-channel-weakmap-1.0.2.tgz. Extracting by manifest.
2666 silly tarball no local data for @img/sharp-win32-x64@https://registry.npmjs.org/@img/sharp-win32-x64/-/sharp-win32-x64-0.35.4.tgz. Extracting by manifest.
2667 silly tarball no local data for side-channel-map@https://registry.npmjs.org/side-channel-map/-/side-channel-map-1.0.1.tgz. Extracting by manifest.
2668 silly tarball no local data for side-channel-list@https://registry.npmjs.org/side-channel-list/-/side-channel-list-1.0.1.tgz. Extracting by manifest.
2669 silly tarball no local data for @img/colour@https://registry.npmjs.org/@img/colour/-/colour-1.1.0.tgz. Extracting by manifest.
2670 silly tarball no local data for client-only@https://registry.npmjs.org/client-only/-/client-only-0.0.1.tgz. Extracting by manifest.
2671 silly tarball no local data for shebang-regex@https://registry.npmjs.org/shebang-regex/-/shebang-regex-3.0.0.tgz. Extracting by manifest.
2672 silly tarball no local data for isarray@https://registry.npmjs.org/isarray/-/isarray-2.0.5.tgz. Extracting by manifest.
2673 silly tarball no local data for queue-microtask@https://registry.npmjs.org/queue-microtask/-/queue-microtask-1.2.3.tgz. Extracting by manifest.
2674 http cache debug@https://registry.npmjs.org/debug/-/debug-3.2.7.tgz 1ms (cache hit)
2675 silly tarball no local data for supports-preserve-symlinks-flag@https://registry.npmjs.org/supports-preserve-symlinks-flag/-/supports-preserve-symlinks-flag-1.0.0.tgz. Extracting by manifest.
2676 silly tarball no local data for path-parse@https://registry.npmjs.org/path-parse/-/path-parse-1.0.7.tgz. Extracting by manifest.
2677 silly tarball no local data for node-exports-info@https://registry.npmjs.org/node-exports-info/-/node-exports-info-1.6.2.tgz. Extracting by manifest.
2678 silly tarball no local data for js-tokens@https://registry.npmjs.org/js-tokens/-/js-tokens-4.0.0.tgz. Extracting by manifest.
2679 silly tarball no local data for react-is@https://registry.npmjs.org/react-is/-/react-is-16.13.1.tgz. Extracting by manifest.
2680 silly tarball no local data for object-assign@https://registry.npmjs.org/object-assign/-/object-assign-4.1.1.tgz. Extracting by manifest.
2681 silly tarball no local data for scheduler@https://registry.npmjs.org/scheduler/-/scheduler-0.27.0.tgz. Extracting by manifest.
2682 silly tarball no local data for loose-envify@https://registry.npmjs.org/loose-envify/-/loose-envify-1.4.0.tgz. Extracting by manifest.
2683 silly tarball no local data for picocolors@https://registry.npmjs.org/picocolors/-/picocolors-1.1.1.tgz. Extracting by manifest.
2684 silly tarball no local data for nanoid@https://registry.npmjs.org/nanoid/-/nanoid-3.3.18.tgz. Extracting by manifest.
2685 silly tarball no local data for callsites@https://registry.npmjs.org/callsites/-/callsites-3.1.0.tgz. Extracting by manifest.
2686 silly tarball no local data for yocto-queue@https://registry.npmjs.org/yocto-queue/-/yocto-queue-0.1.0.tgz. Extracting by manifest.
2687 silly tarball no local data for p-limit@https://registry.npmjs.org/p-limit/-/p-limit-3.1.0.tgz. Extracting by manifest.
2688 silly tarball no local data for fast-levenshtein@https://registry.npmjs.org/fast-levenshtein/-/fast-levenshtein-2.0.6.tgz. Extracting by manifest.
2689 silly tarball no local data for word-wrap@https://registry.npmjs.org/word-wrap/-/word-wrap-1.2.5.tgz. Extracting by manifest.
2690 silly tarball no local data for deep-is@https://registry.npmjs.org/deep-is/-/deep-is-0.1.4.tgz. Extracting by manifest.
2691 silly tarball no local data for tslib@https://registry.npmjs.org/tslib/-/tslib-2.8.1.tgz. Extracting by manifest.
2692 silly tarball no local data for styled-jsx@https://registry.npmjs.org/styled-jsx/-/styled-jsx-5.1.6.tgz. Extracting by manifest.
2693 silly tarball no local data for caniuse-lite@https://registry.npmjs.org/caniuse-lite/-/caniuse-lite-1.0.30001810.tgz. Extracting by manifest.
2694 silly tarball no local data for sharp@https://registry.npmjs.org/sharp/-/sharp-0.35.4.tgz. Extracting by manifest.
2695 silly tarball no local data for @swc/helpers@https://registry.npmjs.org/@swc/helpers/-/helpers-0.5.15.tgz. Extracting by manifest.
2696 silly tarball no local data for concat-map@https://registry.npmjs.org/concat-map/-/concat-map-0.0.1.tgz. Extracting by manifest.
2697 silly tarball no local data for @next/env@https://registry.npmjs.org/@next/env/-/env-15.5.25.tgz. Extracting by manifest.
2698 silly tarball no local data for to-regex-range@https://registry.npmjs.org/to-regex-range/-/to-regex-range-5.0.1.tgz. Extracting by manifest.
2699 silly tarball no local data for balanced-match@https://registry.npmjs.org/balanced-match/-/balanced-match-1.0.2.tgz. Extracting by manifest.
2700 silly tarball no local data for fill-range@https://registry.npmjs.org/fill-range/-/fill-range-7.1.1.tgz. Extracting by manifest.
2701 silly tarball no local data for brace-expansion@https://registry.npmjs.org/brace-expansion/-/brace-expansion-1.1.18.tgz. Extracting by manifest.
2702 silly tarball no local data for picomatch@https://registry.npmjs.org/picomatch/-/picomatch-2.3.2.tgz. Extracting by manifest.
2703 silly tarball no local data for braces@https://registry.npmjs.org/braces/-/braces-3.0.3.tgz. Extracting by manifest.
2704 silly tarball no local data for p-locate@https://registry.npmjs.org/p-locate/-/p-locate-5.0.0.tgz. Extracting by manifest.
2705 silly tarball no local data for lightningcss-win32-x64-msvc@https://registry.npmjs.org/lightningcss-win32-x64-msvc/-/lightningcss-win32-x64-msvc-1.32.0.tgz. Extracting by manifest.
2706 silly tarball no local data for detect-libc@https://registry.npmjs.org/detect-libc/-/detect-libc-2.1.2.tgz. Extracting by manifest.
2707 silly tarball no local data for prelude-ls@https://registry.npmjs.org/prelude-ls/-/prelude-ls-1.2.1.tgz. Extracting by manifest.
2708 silly tarball no local data for type-check@https://registry.npmjs.org/type-check/-/type-check-0.4.0.tgz. Extracting by manifest.
2709 silly tarball no local data for @next/swc-win32-x64-msvc@https://registry.npmjs.org/@next/swc-win32-x64-msvc/-/swc-win32-x64-msvc-15.5.25.tgz. Extracting by manifest.
2710 silly tarball no local data for json-buffer@https://registry.npmjs.org/json-buffer/-/json-buffer-3.0.1.tgz. Extracting by manifest.
2711 silly tarball no local data for language-subtag-registry@https://registry.npmjs.org/language-subtag-registry/-/language-subtag-registry-0.3.23.tgz. Extracting by manifest.
2712 silly tarball no local data for argparse@https://registry.npmjs.org/argparse/-/argparse-2.0.1.tgz. Extracting by manifest.
2713 silly tarball no local data for is-extglob@https://registry.npmjs.org/is-extglob/-/is-extglob-2.1.1.tgz. Extracting by manifest.
2714 silly tarball no local data for side-channel@https://registry.npmjs.org/side-channel/-/side-channel-1.1.1.tgz. Extracting by manifest.
2715 silly tarball no local data for resolve-from@https://registry.npmjs.org/resolve-from/-/resolve-from-4.0.0.tgz. Extracting by manifest.
2716 silly tarball no local data for is-document.all@https://registry.npmjs.org/is-document.all/-/is-document.all-1.0.0.tgz. Extracting by manifest.
2717 silly tarball no local data for resolve-pkg-maps@https://registry.npmjs.org/resolve-pkg-maps/-/resolve-pkg-maps-1.0.0.tgz. Extracting by manifest.
2718 silly tarball no local data for functions-have-names@https://registry.npmjs.org/functions-have-names/-/functions-have-names-1.2.3.tgz. Extracting by manifest.
2719 silly tarball no local data for flatted@https://registry.npmjs.org/flatted/-/flatted-3.4.4.tgz. Extracting by manifest.
2720 silly tarball no local data for keyv@https://registry.npmjs.org/keyv/-/keyv-4.5.4.tgz. Extracting by manifest.
2721 silly tarball no local data for set-function-name@https://registry.npmjs.org/set-function-name/-/set-function-name-2.0.2.tgz. Extracting by manifest.
2722 silly tarball no local data for path-exists@https://registry.npmjs.org/path-exists/-/path-exists-4.0.0.tgz. Extracting by manifest.
2723 silly tarball no local data for locate-path@https://registry.npmjs.org/locate-path/-/locate-path-6.0.0.tgz. Extracting by manifest.
2724 silly tarball no local data for flat-cache@https://registry.npmjs.org/flat-cache/-/flat-cache-4.0.1.tgz. Extracting by manifest.
2725 silly tarball no local data for @nodelib/fs.scandir@https://registry.npmjs.org/@nodelib/fs.scandir/-/fs.scandir-2.1.5.tgz. Extracting by manifest.
2726 silly tarball no local data for reusify@https://registry.npmjs.org/reusify/-/reusify-1.1.0.tgz. Extracting by manifest.
2727 silly tarball no local data for fastq@https://registry.npmjs.org/fastq/-/fastq-1.20.3.tgz. Extracting by manifest.
2728 silly tarball no local data for @nodelib/fs.walk@https://registry.npmjs.org/@nodelib/fs.walk/-/fs.walk-1.2.8.tgz. Extracting by manifest.
2729 silly tarball no local data for micromatch@https://registry.npmjs.org/micromatch/-/micromatch-4.0.8.tgz. Extracting by manifest.
2730 silly tarball no local data for merge2@https://registry.npmjs.org/merge2/-/merge2-1.4.1.tgz. Extracting by manifest.
2731 silly tarball no local data for parent-module@https://registry.npmjs.org/parent-module/-/parent-module-1.0.1.tgz. Extracting by manifest.
2732 silly tarball no local data for @nodelib/fs.stat@https://registry.npmjs.org/@nodelib/fs.stat/-/fs.stat-2.0.5.tgz. Extracting by manifest.
2733 silly tarball no local data for run-parallel@https://registry.npmjs.org/run-parallel/-/run-parallel-1.2.0.tgz. Extracting by manifest.
2734 silly tarball no local data for acorn-jsx@https://registry.npmjs.org/acorn-jsx/-/acorn-jsx-5.3.2.tgz. Extracting by manifest.
2735 silly tarball no local data for iterator.prototype@https://registry.npmjs.org/iterator.prototype/-/iterator.prototype-1.1.5.tgz. Extracting by manifest.
2736 silly tarball no local data for esrecurse@https://registry.npmjs.org/esrecurse/-/esrecurse-4.3.0.tgz. Extracting by manifest.
2737 silly tarball no local data for acorn@https://registry.npmjs.org/acorn/-/acorn-8.18.0.tgz. Extracting by manifest.
2738 silly tarball no local data for string.prototype.repeat@https://registry.npmjs.org/string.prototype.repeat/-/string.prototype.repeat-1.0.0.tgz. Extracting by manifest.
2739 silly tarball no local data for prop-types@https://registry.npmjs.org/prop-types/-/prop-types-15.8.1.tgz. Extracting by manifest.
2740 silly tarball no local data for object.entries@https://registry.npmjs.org/object.entries/-/object.entries-1.1.9.tgz. Extracting by manifest.
2741 silly tarball no local data for estraverse@https://registry.npmjs.org/estraverse/-/estraverse-5.3.0.tgz. Extracting by manifest.
2742 silly tarball no local data for string.prototype.matchall@https://registry.npmjs.org/string.prototype.matchall/-/string.prototype.matchall-4.1.0.tgz. Extracting by manifest.
2743 silly tarball no local data for array.prototype.findlast@https://registry.npmjs.org/array.prototype.findlast/-/array.prototype.findlast-1.2.5.tgz. Extracting by manifest.
2744 silly tarball no local data for es-iterator-helpers@https://registry.npmjs.org/es-iterator-helpers/-/es-iterator-helpers-1.4.0.tgz. Extracting by manifest.
2745 silly tarball no local data for array.prototype.tosorted@https://registry.npmjs.org/array.prototype.tosorted/-/array.prototype.tosorted-1.1.4.tgz. Extracting by manifest.
2746 silly tarball no local data for string.prototype.includes@https://registry.npmjs.org/string.prototype.includes/-/string.prototype.includes-2.0.1.tgz. Extracting by manifest.
2747 silly tarball no local data for jsx-ast-utils@https://registry.npmjs.org/jsx-ast-utils/-/jsx-ast-utils-3.3.5.tgz. Extracting by manifest.
2748 silly tarball no local data for emoji-regex@https://registry.npmjs.org/emoji-regex/-/emoji-regex-9.2.2.tgz. Extracting by manifest.
2749 silly tarball no local data for damerau-levenshtein@https://registry.npmjs.org/damerau-levenshtein/-/damerau-levenshtein-1.0.8.tgz. Extracting by manifest.
2750 silly tarball no local data for axe-core@https://registry.npmjs.org/axe-core/-/axe-core-4.13.0.tgz. Extracting by manifest.
2751 silly tarball no local data for language-tags@https://registry.npmjs.org/language-tags/-/language-tags-1.0.9.tgz. Extracting by manifest.
2752 silly tarball no local data for axobject-query@https://registry.npmjs.org/axobject-query/-/axobject-query-4.1.0.tgz. Extracting by manifest.
2753 silly tarball no local data for ast-types-flow@https://registry.npmjs.org/ast-types-flow/-/ast-types-flow-0.0.8.tgz. Extracting by manifest.
2754 silly tarball no local data for is-date-object@https://registry.npmjs.org/is-date-object/-/is-date-object-1.1.0.tgz. Extracting by manifest.
2755 silly tarball no local data for is-symbol@https://registry.npmjs.org/is-symbol/-/is-symbol-1.1.1.tgz. Extracting by manifest.
2756 silly tarball no local data for aria-query@https://registry.npmjs.org/aria-query/-/aria-query-5.3.2.tgz. Extracting by manifest.
2757 silly tarball no local data for es-abstract-get@https://registry.npmjs.org/es-abstract-get/-/es-abstract-get-1.0.0.tgz. Extracting by manifest.
2758 silly tarball no local data for has-tostringtag@https://registry.npmjs.org/has-tostringtag/-/has-tostringtag-1.0.2.tgz. Extracting by manifest.
2759 silly tarball no local data for dunder-proto@https://registry.npmjs.org/dunder-proto/-/dunder-proto-1.0.1.tgz. Extracting by manifest.
2760 silly tarball no local data for unbox-primitive@https://registry.npmjs.org/unbox-primitive/-/unbox-primitive-1.1.0.tgz. Extracting by manifest.
2761 silly tarball no local data for possible-typed-array-names@https://registry.npmjs.org/possible-typed-array-names/-/possible-typed-array-names-1.1.0.tgz. Extracting by manifest.
2762 silly tarball no local data for typed-array-byte-length@https://registry.npmjs.org/typed-array-byte-length/-/typed-array-byte-length-1.0.3.tgz. Extracting by manifest.
2763 silly tarball no local data for typed-array-length@https://registry.npmjs.org/typed-array-length/-/typed-array-length-1.0.8.tgz. Extracting by manifest.
2764 silly tarball no local data for typed-array-buffer@https://registry.npmjs.org/typed-array-buffer/-/typed-array-buffer-1.0.3.tgz. Extracting by manifest.
2765 silly tarball no local data for typed-array-byte-offset@https://registry.npmjs.org/typed-array-byte-offset/-/typed-array-byte-offset-1.0.4.tgz. Extracting by manifest.
2766 silly tarball no local data for which-typed-array@https://registry.npmjs.org/which-typed-array/-/which-typed-array-1.1.22.tgz. Extracting by manifest.
2767 silly tarball no local data for string.prototype.trim@https://registry.npmjs.org/string.prototype.trim/-/string.prototype.trim-1.2.11.tgz. Extracting by manifest.
2768 silly tarball no local data for string.prototype.trimstart@https://registry.npmjs.org/string.prototype.trimstart/-/string.prototype.trimstart-1.0.8.tgz. Extracting by manifest.
2769 silly tarball no local data for stop-iteration-iterator@https://registry.npmjs.org/stop-iteration-iterator/-/stop-iteration-iterator-1.1.0.tgz. Extracting by manifest.
2770 silly tarball no local data for safe-regex-test@https://registry.npmjs.org/safe-regex-test/-/safe-regex-test-1.1.0.tgz. Extracting by manifest.
2771 silly tarball no local data for set-proto@https://registry.npmjs.org/set-proto/-/set-proto-1.0.0.tgz. Extracting by manifest.
2772 silly tarball no local data for safe-push-apply@https://registry.npmjs.org/safe-push-apply/-/safe-push-apply-1.0.0.tgz. Extracting by manifest.
2773 silly tarball no local data for safe-array-concat@https://registry.npmjs.org/safe-array-concat/-/safe-array-concat-1.1.4.tgz. Extracting by manifest.
2774 silly tarball no local data for object.assign@https://registry.npmjs.org/object.assign/-/object.assign-4.1.7.tgz. Extracting by manifest.
2775 silly tarball no local data for regexp.prototype.flags@https://registry.npmjs.org/regexp.prototype.flags/-/regexp.prototype.flags-1.5.4.tgz. Extracting by manifest.
2776 silly tarball no local data for is-weakref@https://registry.npmjs.org/is-weakref/-/is-weakref-1.1.1.tgz. Extracting by manifest.
2777 silly tarball no local data for object-inspect@https://registry.npmjs.org/object-inspect/-/object-inspect-1.13.4.tgz. Extracting by manifest.
2778 silly tarball no local data for is-typed-array@https://registry.npmjs.org/is-typed-array/-/is-typed-array-1.1.15.tgz. Extracting by manifest.
2779 silly tarball no local data for is-set@https://registry.npmjs.org/is-set/-/is-set-2.0.3.tgz. Extracting by manifest.
2780 silly tarball no local data for is-regex@https://registry.npmjs.org/is-regex/-/is-regex-1.2.1.tgz. Extracting by manifest.
2781 silly tarball no local data for is-data-view@https://registry.npmjs.org/is-data-view/-/is-data-view-1.0.2.tgz. Extracting by manifest.
2782 silly tarball no local data for is-callable@https://registry.npmjs.org/is-callable/-/is-callable-1.2.7.tgz. Extracting by manifest.
2783 silly tarball no local data for is-negative-zero@https://registry.npmjs.org/is-negative-zero/-/is-negative-zero-2.0.3.tgz. Extracting by manifest.
2784 silly tarball no local data for own-keys@https://registry.npmjs.org/own-keys/-/own-keys-1.0.2.tgz. Extracting by manifest.
2785 silly tarball no local data for is-array-buffer@https://registry.npmjs.org/is-array-buffer/-/is-array-buffer-3.0.5.tgz. Extracting by manifest.
2786 silly tarball no local data for globalthis@https://registry.npmjs.org/globalthis/-/globalthis-1.0.4.tgz. Extracting by manifest.
2787 silly tarball no local data for internal-slot@https://registry.npmjs.org/internal-slot/-/internal-slot-1.1.0.tgz. Extracting by manifest.
2788 silly tarball no local data for has-symbols@https://registry.npmjs.org/has-symbols/-/has-symbols-1.1.0.tgz. Extracting by manifest.
2789 silly tarball no local data for get-proto@https://registry.npmjs.org/get-proto/-/get-proto-1.0.1.tgz. Extracting by manifest.
2790 silly tarball no local data for has-proto@https://registry.npmjs.org/has-proto/-/has-proto-1.2.0.tgz. Extracting by manifest.
2791 silly tarball no local data for es-to-primitive@https://registry.npmjs.org/es-to-primitive/-/es-to-primitive-1.3.4.tgz. Extracting by manifest.
2792 silly tarball no local data for function.prototype.name@https://registry.npmjs.org/function.prototype.name/-/function.prototype.name-1.2.0.tgz. Extracting by manifest.
2793 silly tarball no local data for is-shared-array-buffer@https://registry.npmjs.org/is-shared-array-buffer/-/is-shared-array-buffer-1.0.4.tgz. Extracting by manifest.
2794 silly tarball no local data for get-symbol-description@https://registry.npmjs.org/get-symbol-description/-/get-symbol-description-1.1.0.tgz. Extracting by manifest.
2795 silly tarball no local data for data-view-byte-offset@https://registry.npmjs.org/data-view-byte-offset/-/data-view-byte-offset-1.0.1.tgz. Extracting by manifest.
2796 silly tarball no local data for data-view-byte-length@https://registry.npmjs.org/data-view-byte-length/-/data-view-byte-length-1.0.2.tgz. Extracting by manifest.
2797 silly tarball no local data for es-set-tostringtag@https://registry.npmjs.org/es-set-tostringtag/-/es-set-tostringtag-2.1.0.tgz. Extracting by manifest.
2798 silly tarball no local data for available-typed-arrays@https://registry.npmjs.org/available-typed-arrays/-/available-typed-arrays-1.0.7.tgz. Extracting by manifest.
2799 silly tarball no local data for data-view-buffer@https://registry.npmjs.org/data-view-buffer/-/data-view-buffer-1.0.2.tgz. Extracting by manifest.
2800 silly tarball no local data for arraybuffer.prototype.slice@https://registry.npmjs.org/arraybuffer.prototype.slice/-/arraybuffer.prototype.slice-1.0.4.tgz. Extracting by manifest.
2801 silly tarball no local data for object-keys@https://registry.npmjs.org/object-keys/-/object-keys-1.1.1.tgz. Extracting by manifest.
2802 silly tarball no local data for function-bind@https://registry.npmjs.org/function-bind/-/function-bind-1.1.2.tgz. Extracting by manifest.
2803 silly tarball no local data for has-property-descriptors@https://registry.npmjs.org/has-property-descriptors/-/has-property-descriptors-1.0.2.tgz. Extracting by manifest.
2804 silly tarball no local data for define-data-property@https://registry.npmjs.org/define-data-property/-/define-data-property-1.1.4.tgz. Extracting by manifest.
2805 silly tarball no local data for array-buffer-byte-length@https://registry.npmjs.org/array-buffer-byte-length/-/array-buffer-byte-length-1.0.2.tgz. Extracting by manifest.
2806 silly tarball no local data for gopd@https://registry.npmjs.org/gopd/-/gopd-1.2.0.tgz. Extracting by manifest.
2807 silly tarball no local data for es-define-property@https://registry.npmjs.org/es-define-property/-/es-define-property-1.0.1.tgz. Extracting by manifest.
2808 silly tarball no local data for call-bind-apply-helpers@https://registry.npmjs.org/call-bind-apply-helpers/-/call-bind-apply-helpers-1.0.2.tgz. Extracting by manifest.
2809 silly tarball no local data for es-shim-unscopables@https://registry.npmjs.org/es-shim-unscopables/-/es-shim-unscopables-1.1.0.tgz. Extracting by manifest.
2810 silly tarball no local data for es-errors@https://registry.npmjs.org/es-errors/-/es-errors-1.3.0.tgz. Extracting by manifest.
2811 silly tarball no local data for set-function-length@https://registry.npmjs.org/set-function-length/-/set-function-length-1.2.2.tgz. Extracting by manifest.
2812 silly tarball no local data for math-intrinsics@https://registry.npmjs.org/math-intrinsics/-/math-intrinsics-1.1.0.tgz. Extracting by manifest.
2813 silly tarball no local data for is-string@https://registry.npmjs.org/is-string/-/is-string-1.1.1.tgz. Extracting by manifest.
2814 silly tarball no local data for es-abstract@https://registry.npmjs.org/es-abstract/-/es-abstract-1.24.2.tgz. Extracting by manifest.
2815 silly tarball no local data for get-intrinsic@https://registry.npmjs.org/get-intrinsic/-/get-intrinsic-1.3.0.tgz. Extracting by manifest.
2816 silly tarball no local data for call-bound@https://registry.npmjs.org/call-bound/-/call-bound-1.0.4.tgz. Extracting by manifest.
2817 silly tarball no local data for define-properties@https://registry.npmjs.org/define-properties/-/define-properties-1.2.1.tgz. Extracting by manifest.
2818 silly tarball no local data for tsconfig-paths@https://registry.npmjs.org/tsconfig-paths/-/tsconfig-paths-3.15.0.tgz. Extracting by manifest.
2819 silly tarball no local data for call-bind@https://registry.npmjs.org/call-bind/-/call-bind-1.0.9.tgz. Extracting by manifest.
2820 silly tarball no local data for string.prototype.trimend@https://registry.npmjs.org/string.prototype.trimend/-/string.prototype.trimend-1.0.10.tgz. Extracting by manifest.
2821 silly tarball no local data for object.values@https://registry.npmjs.org/object.values/-/object.values-1.2.1.tgz. Extracting by manifest.
2822 silly tarball no local data for es-object-atoms@https://registry.npmjs.org/es-object-atoms/-/es-object-atoms-1.1.2.tgz. Extracting by manifest.
2823 silly tarball no local data for object.groupby@https://registry.npmjs.org/object.groupby/-/object.groupby-1.0.3.tgz. Extracting by manifest.
2824 silly tarball no local data for hasown@https://registry.npmjs.org/hasown/-/hasown-2.0.4.tgz. Extracting by manifest.
2825 silly tarball no local data for object.fromentries@https://registry.npmjs.org/object.fromentries/-/object.fromentries-2.0.8.tgz. Extracting by manifest.
2826 silly tarball no local data for doctrine@https://registry.npmjs.org/doctrine/-/doctrine-2.1.0.tgz. Extracting by manifest.
2827 silly tarball no local data for eslint-module-utils@https://registry.npmjs.org/eslint-module-utils/-/eslint-module-utils-2.14.0.tgz. Extracting by manifest.
2828 silly tarball no local data for array.prototype.flat@https://registry.npmjs.org/array.prototype.flat/-/array.prototype.flat-1.3.3.tgz. Extracting by manifest.
2829 silly tarball no local data for @rtsao/scc@https://registry.npmjs.org/@rtsao/scc/-/scc-1.1.0.tgz. Extracting by manifest.
2830 silly tarball no local data for array-includes@https://registry.npmjs.org/array-includes/-/array-includes-3.1.9.tgz. Extracting by manifest.
2831 silly tarball no local data for array.prototype.flatmap@https://registry.npmjs.org/array.prototype.flatmap/-/array.prototype.flatmap-1.3.3.tgz. Extracting by manifest.
2832 silly tarball no local data for array.prototype.findlastindex@https://registry.npmjs.org/array.prototype.findlastindex/-/array.prototype.findlastindex-1.2.6.tgz. Extracting by manifest.
2833 silly tarball no local data for unrs-resolver@https://registry.npmjs.org/unrs-resolver/-/unrs-resolver-1.12.2.tgz. Extracting by manifest.
2834 silly tarball no local data for @nolyfill/is-core-module@https://registry.npmjs.org/@nolyfill/is-core-module/-/is-core-module-1.0.39.tgz. Extracting by manifest.
2835 silly tarball no local data for is-bun-module@https://registry.npmjs.org/is-bun-module/-/is-bun-module-2.0.0.tgz. Extracting by manifest.
2836 silly tarball no local data for is-core-module@https://registry.npmjs.org/is-core-module/-/is-core-module-2.16.2.tgz. Extracting by manifest.
2837 silly tarball no local data for @typescript-eslint/tsconfig-utils@https://registry.npmjs.org/@typescript-eslint/tsconfig-utils/-/tsconfig-utils-8.70.0.tgz. Extracting by manifest.
2838 silly tarball no local data for get-tsconfig@https://registry.npmjs.org/get-tsconfig/-/get-tsconfig-4.14.3.tgz. Extracting by manifest.
2839 silly tarball no local data for @typescript-eslint/project-service@https://registry.npmjs.org/@typescript-eslint/project-service/-/project-service-8.70.0.tgz. Extracting by manifest.
2840 silly tarball no local data for tinyglobby@https://registry.npmjs.org/tinyglobby/-/tinyglobby-0.2.17.tgz. Extracting by manifest.
2841 silly tarball no local data for resolve@https://registry.npmjs.org/resolve/-/resolve-2.0.0-next.7.tgz. Extracting by manifest.
2842 silly tarball no local data for semver@https://registry.npmjs.org/semver/-/semver-7.8.5.tgz. Extracting by manifest.
2843 silly tarball no local data for @typescript-eslint/typescript-estree@https://registry.npmjs.org/@typescript-eslint/typescript-estree/-/typescript-estree-8.70.0.tgz. Extracting by manifest.
2844 silly tarball no local data for stable-hash@https://registry.npmjs.org/stable-hash/-/stable-hash-0.0.5.tgz. Extracting by manifest.
2845 silly tarball no local data for @typescript-eslint/types@https://registry.npmjs.org/@typescript-eslint/types/-/types-8.70.0.tgz. Extracting by manifest.
2846 silly tarball no local data for eslint-plugin-react-hooks@https://registry.npmjs.org/eslint-plugin-react-hooks/-/eslint-plugin-react-hooks-5.2.0.tgz. Extracting by manifest.
2847 silly tarball no local data for @typescript-eslint/visitor-keys@https://registry.npmjs.org/@typescript-eslint/visitor-keys/-/visitor-keys-8.70.0.tgz. Extracting by manifest.
2848 silly tarball no local data for ts-api-utils@https://registry.npmjs.org/ts-api-utils/-/ts-api-utils-2.5.0.tgz. Extracting by manifest.
2849 silly tarball no local data for @typescript-eslint/utils@https://registry.npmjs.org/@typescript-eslint/utils/-/utils-8.70.0.tgz. Extracting by manifest.
2850 silly tarball no local data for @typescript-eslint/type-utils@https://registry.npmjs.org/@typescript-eslint/type-utils/-/type-utils-8.70.0.tgz. Extracting by manifest.
2851 silly tarball no local data for fast-glob@https://registry.npmjs.org/fast-glob/-/fast-glob-3.3.1.tgz. Extracting by manifest.
2852 silly tarball no local data for eslint-plugin-react@https://registry.npmjs.org/eslint-plugin-react/-/eslint-plugin-react-7.37.5.tgz. Extracting by manifest.
2853 silly tarball no local data for eslint-plugin-jsx-a11y@https://registry.npmjs.org/eslint-plugin-jsx-a11y/-/eslint-plugin-jsx-a11y-6.10.2.tgz. Extracting by manifest.
2854 silly tarball no local data for eslint-import-resolver-typescript@https://registry.npmjs.org/eslint-import-resolver-typescript/-/eslint-import-resolver-typescript-3.10.1.tgz. Extracting by manifest.
2855 silly tarball no local data for eslint-plugin-import@https://registry.npmjs.org/eslint-plugin-import/-/eslint-plugin-import-2.32.0.tgz. Extracting by manifest.
2856 silly tarball no local data for @typescript-eslint/scope-manager@https://registry.npmjs.org/@typescript-eslint/scope-manager/-/scope-manager-8.70.0.tgz. Extracting by manifest.
2857 silly tarball no local data for eslint-import-resolver-node@https://registry.npmjs.org/eslint-import-resolver-node/-/eslint-import-resolver-node-0.3.10.tgz. Extracting by manifest.
2858 silly tarball no local data for @typescript-eslint/parser@https://registry.npmjs.org/@typescript-eslint/parser/-/parser-8.70.0.tgz. Extracting by manifest.
2859 silly tarball no local data for @rushstack/eslint-patch@https://registry.npmjs.org/@rushstack/eslint-patch/-/eslint-patch-1.16.1.tgz. Extracting by manifest.
2860 silly tarball no local data for @next/eslint-plugin-next@https://registry.npmjs.org/@next/eslint-plugin-next/-/eslint-plugin-next-15.5.25.tgz. Extracting by manifest.
2861 silly tarball no local data for @typescript-eslint/eslint-plugin@https://registry.npmjs.org/@typescript-eslint/eslint-plugin/-/eslint-plugin-8.70.0.tgz. Extracting by manifest.
2862 silly tarball no local data for which@https://registry.npmjs.org/which/-/which-2.0.2.tgz. Extracting by manifest.
2863 silly tarball no local data for ms@https://registry.npmjs.org/ms/-/ms-2.1.3.tgz. Extracting by manifest.
2864 silly tarball no local data for shebang-command@https://registry.npmjs.org/shebang-command/-/shebang-command-2.0.0.tgz. Extracting by manifest.
2865 silly tarball no local data for color-convert@https://registry.npmjs.org/color-convert/-/color-convert-2.0.1.tgz. Extracting by manifest.
2866 silly tarball no local data for color-name@https://registry.npmjs.org/color-name/-/color-name-1.1.4.tgz. Extracting by manifest.
2867 silly tarball no local data for path-key@https://registry.npmjs.org/path-key/-/path-key-3.1.1.tgz. Extracting by manifest.
2868 silly tarball no local data for ansi-styles@https://registry.npmjs.org/ansi-styles/-/ansi-styles-4.3.0.tgz. Extracting by manifest.
2869 silly tarball no local data for supports-color@https://registry.npmjs.org/supports-color/-/supports-color-7.2.0.tgz. Extracting by manifest.
2870 silly tarball no local data for json-schema-traverse@https://registry.npmjs.org/json-schema-traverse/-/json-schema-traverse-0.4.1.tgz. Extracting by manifest.
2871 silly tarball no local data for @humanfs/types@https://registry.npmjs.org/@humanfs/types/-/types-0.15.0.tgz. Extracting by manifest.
2872 silly tarball no local data for uri-js@https://registry.npmjs.org/uri-js/-/uri-js-4.4.1.tgz. Extracting by manifest.
2873 silly tarball no local data for fast-json-stable-stringify@https://registry.npmjs.org/fast-json-stable-stringify/-/fast-json-stable-stringify-2.1.0.tgz. Extracting by manifest.
2874 silly tarball no local data for @humanfs/core@https://registry.npmjs.org/@humanfs/core/-/core-0.19.2.tgz. Extracting by manifest.
2875 silly tarball no local data for levn@https://registry.npmjs.org/levn/-/levn-0.4.1.tgz. Extracting by manifest.
2876 silly tarball no local data for @types/json-schema@https://registry.npmjs.org/@types/json-schema/-/json-schema-7.0.15.tgz. Extracting by manifest.
2877 silly tarball no local data for strip-json-comments@https://registry.npmjs.org/strip-json-comments/-/strip-json-comments-3.1.1.tgz. Extracting by manifest.
2878 silly tarball no local data for import-fresh@https://registry.npmjs.org/import-fresh/-/import-fresh-3.3.1.tgz. Extracting by manifest.
2879 silly tarball no local data for globals@https://registry.npmjs.org/globals/-/globals-14.0.0.tgz. Extracting by manifest.
2880 silly tarball no local data for js-yaml@https://registry.npmjs.org/js-yaml/-/js-yaml-4.3.2.tgz. Extracting by manifest.
2881 silly tarball no local data for @eslint/object-schema@https://registry.npmjs.org/@eslint/object-schema/-/object-schema-2.1.7.tgz. Extracting by manifest.
2882 silly tarball no local data for natural-compare@https://registry.npmjs.org/natural-compare/-/natural-compare-1.4.0.tgz. Extracting by manifest.
2883 silly tarball no local data for optionator@https://registry.npmjs.org/optionator/-/optionator-0.9.4.tgz. Extracting by manifest.
2884 silly tarball no local data for minimatch@https://registry.npmjs.org/minimatch/-/minimatch-3.1.5.tgz. Extracting by manifest.
2885 silly tarball no local data for json-stable-stringify-without-jsonify@https://registry.npmjs.org/json-stable-stringify-without-jsonify/-/json-stable-stringify-without-jsonify-1.0.1.tgz. Extracting by manifest.
2886 silly tarball no local data for lodash.merge@https://registry.npmjs.org/lodash.merge/-/lodash.merge-4.6.2.tgz. Extracting by manifest.
2887 silly tarball no local data for is-glob@https://registry.npmjs.org/is-glob/-/is-glob-4.0.3.tgz. Extracting by manifest.
2888 silly tarball no local data for glob-parent@https://registry.npmjs.org/glob-parent/-/glob-parent-6.0.2.tgz. Extracting by manifest.
2889 silly tarball no local data for ignore@https://registry.npmjs.org/ignore/-/ignore-5.3.2.tgz. Extracting by manifest.
2890 silly tarball no local data for find-up@https://registry.npmjs.org/find-up/-/find-up-5.0.0.tgz. Extracting by manifest.
2891 silly tarball no local data for imurmurhash@https://registry.npmjs.org/imurmurhash/-/imurmurhash-0.1.4.tgz. Extracting by manifest.
2892 silly tarball no local data for esutils@https://registry.npmjs.org/esutils/-/esutils-2.0.3.tgz. Extracting by manifest.
2893 silly tarball no local data for file-entry-cache@https://registry.npmjs.org/file-entry-cache/-/file-entry-cache-8.0.0.tgz. Extracting by manifest.
2894 silly tarball no local data for fast-deep-equal@https://registry.npmjs.org/fast-deep-equal/-/fast-deep-equal-3.1.3.tgz. Extracting by manifest.
2895 silly tarball no local data for eslint-visitor-keys@https://registry.npmjs.org/eslint-visitor-keys/-/eslint-visitor-keys-4.2.1.tgz. Extracting by manifest.
2896 silly tarball no local data for eslint-scope@https://registry.npmjs.org/eslint-scope/-/eslint-scope-8.4.0.tgz. Extracting by manifest.
2897 silly tarball no local data for esquery@https://registry.npmjs.org/esquery/-/esquery-1.7.0.tgz. Extracting by manifest.
2898 silly tarball no local data for escape-string-regexp@https://registry.npmjs.org/escape-string-regexp/-/escape-string-regexp-4.0.0.tgz. Extracting by manifest.
2899 silly tarball no local data for espree@https://registry.npmjs.org/espree/-/espree-10.4.0.tgz. Extracting by manifest.
2900 silly tarball no local data for debug@https://registry.npmjs.org/debug/-/debug-4.4.3.tgz. Extracting by manifest.
2901 silly tarball no local data for ajv@https://registry.npmjs.org/ajv/-/ajv-6.15.0.tgz. Extracting by manifest.
2902 silly tarball no local data for @types/estree@https://registry.npmjs.org/@types/estree/-/estree-1.0.9.tgz. Extracting by manifest.
2903 silly tarball no local data for @humanwhocodes/retry@https://registry.npmjs.org/@humanwhocodes/retry/-/retry-0.4.3.tgz. Extracting by manifest.
2904 silly tarball no local data for cross-spawn@https://registry.npmjs.org/cross-spawn/-/cross-spawn-7.0.6.tgz. Extracting by manifest.
2905 silly tarball no local data for @humanfs/node@https://registry.npmjs.org/@humanfs/node/-/node-0.16.8.tgz. Extracting by manifest.
2906 silly tarball no local data for chalk@https://registry.npmjs.org/chalk/-/chalk-4.1.2.tgz. Extracting by manifest.
2907 silly tarball no local data for @humanwhocodes/module-importer@https://registry.npmjs.org/@humanwhocodes/module-importer/-/module-importer-1.0.1.tgz. Extracting by manifest.
2908 silly tarball no local data for @eslint/js@https://registry.npmjs.org/@eslint/js/-/js-9.39.5.tgz. Extracting by manifest.
2909 silly tarball no local data for @eslint/eslintrc@https://registry.npmjs.org/@eslint/eslintrc/-/eslintrc-3.3.7.tgz. Extracting by manifest.
2910 silly tarball no local data for @eslint/config-helpers@https://registry.npmjs.org/@eslint/config-helpers/-/config-helpers-0.4.2.tgz. Extracting by manifest.
2911 silly tarball no local data for @eslint/config-array@https://registry.npmjs.org/@eslint/config-array/-/config-array-0.21.2.tgz. Extracting by manifest.
2912 silly tarball no local data for tapable@https://registry.npmjs.org/tapable/-/tapable-2.3.3.tgz. Extracting by manifest.
2913 silly tarball no local data for @eslint/plugin-kit@https://registry.npmjs.org/@eslint/plugin-kit/-/plugin-kit-0.4.1.tgz. Extracting by manifest.
2914 silly tarball no local data for @eslint/core@https://registry.npmjs.org/@eslint/core/-/core-0.17.0.tgz. Extracting by manifest.
2915 silly tarball no local data for @tailwindcss/oxide-win32-x64-msvc@https://registry.npmjs.org/@tailwindcss/oxide-win32-x64-msvc/-/oxide-win32-x64-msvc-4.3.3.tgz. Extracting by manifest.
2916 silly tarball no local data for @eslint-community/eslint-utils@https://registry.npmjs.org/@eslint-community/eslint-utils/-/eslint-utils-4.10.1.tgz. Extracting by manifest.
2917 silly tarball no local data for graceful-fs@https://registry.npmjs.org/graceful-fs/-/graceful-fs-4.2.11.tgz. Extracting by manifest.
2918 silly tarball no local data for @eslint-community/regexpp@https://registry.npmjs.org/@eslint-community/regexpp/-/regexpp-4.12.2.tgz. Extracting by manifest.
2919 silly tarball no local data for @jridgewell/resolve-uri@https://registry.npmjs.org/@jridgewell/resolve-uri/-/resolve-uri-3.1.2.tgz. Extracting by manifest.
2920 silly tarball no local data for undici-types@https://registry.npmjs.org/undici-types/-/undici-types-6.21.0.tgz. Extracting by manifest.
2921 silly tarball no local data for csstype@https://registry.npmjs.org/csstype/-/csstype-3.2.3.tgz. Extracting by manifest.
2922 silly tarball no local data for source-map-js@https://registry.npmjs.org/source-map-js/-/source-map-js-1.2.1.tgz. Extracting by manifest.
2923 silly tarball no local data for magic-string@https://registry.npmjs.org/magic-string/-/magic-string-0.30.21.tgz. Extracting by manifest.
2924 silly tarball no local data for @jridgewell/sourcemap-codec@https://registry.npmjs.org/@jridgewell/sourcemap-codec/-/sourcemap-codec-1.6.0.tgz. Extracting by manifest.
2925 silly tarball no local data for @jridgewell/trace-mapping@https://registry.npmjs.org/@jridgewell/trace-mapping/-/trace-mapping-0.3.31.tgz. Extracting by manifest.
2926 silly tarball no local data for lightningcss@https://registry.npmjs.org/lightningcss/-/lightningcss-1.32.0.tgz. Extracting by manifest.
2927 silly tarball no local data for @jridgewell/gen-mapping@https://registry.npmjs.org/@jridgewell/gen-mapping/-/gen-mapping-0.3.13.tgz. Extracting by manifest.
2928 silly tarball no local data for @jridgewell/remapping@https://registry.npmjs.org/@jridgewell/remapping/-/remapping-2.3.5.tgz. Extracting by manifest.
2929 silly tarball no local data for enhanced-resolve@https://registry.npmjs.org/enhanced-resolve/-/enhanced-resolve-5.24.5.tgz. Extracting by manifest.
2930 silly tarball no local data for jiti@https://registry.npmjs.org/jiti/-/jiti-2.7.0.tgz. Extracting by manifest.
2931 silly tarball no local data for postcss@https://registry.npmjs.org/postcss/-/postcss-8.5.28.tgz. Extracting by manifest.
2932 silly tarball no local data for @alloc/quick-lru@https://registry.npmjs.org/@alloc/quick-lru/-/quick-lru-5.3.0.tgz. Extracting by manifest.
2933 silly tarball no local data for @tailwindcss/oxide@https://registry.npmjs.org/@tailwindcss/oxide/-/oxide-4.3.3.tgz. Extracting by manifest.
2934 silly tarball no local data for @tailwindcss/node@https://registry.npmjs.org/@tailwindcss/node/-/node-4.3.3.tgz. Extracting by manifest.
2935 silly tarball no local data for react-dom@https://registry.npmjs.org/react-dom/-/react-dom-19.2.8.tgz. Extracting by manifest.
2936 silly tarball no local data for tailwindcss@https://registry.npmjs.org/tailwindcss/-/tailwindcss-4.3.3.tgz. Extracting by manifest.
2937 silly tarball no local data for eslint-config-next@https://registry.npmjs.org/eslint-config-next/-/eslint-config-next-15.5.25.tgz. Extracting by manifest.
2938 silly tarball no local data for @types/react-dom@https://registry.npmjs.org/@types/react-dom/-/react-dom-19.2.7.tgz. Extracting by manifest.
2939 silly tarball no local data for eslint@https://registry.npmjs.org/eslint/-/eslint-9.39.5.tgz. Extracting by manifest.
2940 silly tarball no local data for react@https://registry.npmjs.org/react/-/react-19.2.8.tgz. Extracting by manifest.
2941 silly tarball no local data for @types/react@https://registry.npmjs.org/@types/react/-/react-19.2.18.tgz. Extracting by manifest.
2942 silly tarball no local data for next@https://registry.npmjs.org/next/-/next-15.5.25.tgz. Extracting by manifest.
2943 silly tarball no local data for @tailwindcss/postcss@https://registry.npmjs.org/@tailwindcss/postcss/-/postcss-4.3.3.tgz. Extracting by manifest.
2944 silly tarball no local data for @types/node@https://registry.npmjs.org/@types/node/-/node-22.20.1.tgz. Extracting by manifest.
2945 silly tarball no local data for typescript@https://registry.npmjs.org/typescript/-/typescript-5.9.3.tgz. Extracting by manifest.
2946 silly tarball no local data for debug@https://registry.npmjs.org/debug/-/debug-3.2.7.tgz. Extracting by manifest.
2947 silly tarball no local data for semver@https://registry.npmjs.org/semver/-/semver-6.3.1.tgz. Extracting by manifest.
2948 silly tarball no local data for picomatch@https://registry.npmjs.org/picomatch/-/picomatch-4.0.7.tgz. Extracting by manifest.
2949 silly tarball no local data for balanced-match@https://registry.npmjs.org/balanced-match/-/balanced-match-4.0.4.tgz. Extracting by manifest.
2950 silly tarball no local data for brace-expansion@https://registry.npmjs.org/brace-expansion/-/brace-expansion-5.0.9.tgz. Extracting by manifest.
2951 silly tarball no local data for fdir@https://registry.npmjs.org/fdir/-/fdir-6.5.0.tgz. Extracting by manifest.
2952 silly tarball no local data for minimatch@https://registry.npmjs.org/minimatch/-/minimatch-10.2.6.tgz. Extracting by manifest.
2953 silly tarball no local data for eslint-visitor-keys@https://registry.npmjs.org/eslint-visitor-keys/-/eslint-visitor-keys-5.0.1.tgz. Extracting by manifest.
2954 silly tarball no local data for semver@https://registry.npmjs.org/semver/-/semver-6.3.1.tgz. Extracting by manifest.
2955 silly tarball no local data for glob-parent@https://registry.npmjs.org/glob-parent/-/glob-parent-5.1.2.tgz. Extracting by manifest.
2956 silly tarball no local data for debug@https://registry.npmjs.org/debug/-/debug-3.2.7.tgz. Extracting by manifest.
2957 silly tarball no local data for ignore@https://registry.npmjs.org/ignore/-/ignore-7.0.9.tgz. Extracting by manifest.
2958 silly tarball no local data for semver@https://registry.npmjs.org/semver/-/semver-6.3.1.tgz. Extracting by manifest.
2959 silly tarball no local data for eslint-visitor-keys@https://registry.npmjs.org/eslint-visitor-keys/-/eslint-visitor-keys-3.4.3.tgz. Extracting by manifest.
2960 silly tarball no local data for postcss@https://registry.npmjs.org/postcss/-/postcss-8.4.31.tgz. Extracting by manifest.
2961 silly tarball no local data for debug@https://registry.npmjs.org/debug/-/debug-3.2.7.tgz. Extracting by manifest.
2962 http fetch POST 200 https://registry.npmjs.org/-/npm/v1/security/advisories/bulk 1266ms
2963 silly audit report {
2963 silly audit report   postcss: [
2963 silly audit report     {
2963 silly audit report       id: 1130709,
2963 silly audit report       url: 'https://github.com/advisories/GHSA-fxqj-rqcc-2cmp',
2963 silly audit report       title: 'PostCSS: incomplete fix of GHSA-6g55-p6wh-862q — attacker-controlled sourceMappingURL reads arbitrary .map files when `from` is unset',
2963 silly audit report       severity: 'moderate',
2963 silly audit report       vulnerable_versions: '<=8.5.22',
2963 silly audit report       cwe: [Array],
2963 silly audit report       cvss: [Object]
2963 silly audit report     },
2963 silly audit report     {
2963 silly audit report       id: 1117015,
2963 silly audit report       url: 'https://github.com/advisories/GHSA-qx2v-qp2m-jg93',
2963 silly audit report       title: 'PostCSS has XSS via Unescaped </style> in its CSS Stringify Output',
2963 silly audit report       severity: 'moderate',
2963 silly audit report       vulnerable_versions: '<8.5.10',
2963 silly audit report       cwe: [Array],
2963 silly audit report       cvss: [Object]
2963 silly audit report     },
2963 silly audit report     {
2963 silly audit report       id: 1124252,
2963 silly audit report       url: 'https://github.com/advisories/GHSA-6g55-p6wh-862q',
2963 silly audit report       title: 'PostCSS: Arbitrary file read and information disclosure via attacker-controlled sourceMappingURL in CSS comments',
2963 silly audit report       severity: 'high',
2963 silly audit report       vulnerable_versions: '<=8.5.11',
2963 silly audit report       cwe: [Array],
2963 silly audit report       cvss: [Object]
2963 silly audit report     },
2963 silly audit report     {
2963 silly audit report       id: 1139510,
2963 silly audit report       url: 'https://github.com/advisories/GHSA-r28c-9q8g-f849',
2963 silly audit report       title: 'PostCSS: Path Traversal in Previous Source Map Auto-Loading (sourceMappingURL) leads to Arbitrary .map File Disclosure',
2963 silly audit report       severity: 'high',
2963 silly audit report       vulnerable_versions: '<=8.5.17',
2963 silly audit report       cwe: [Array],
2963 silly audit report       cvss: [Object]
2963 silly audit report     }
2963 silly audit report   ]
2963 silly audit report }
2964 silly packumentCache corgi:https://registry.npmjs.org/postcss cache-miss
2965 http fetch GET 200 https://registry.npmjs.org/is-finalizationregistry/-/is-finalizationregistry-1.1.1.tgz 864ms (cache miss)
2966 http fetch GET 200 https://registry.npmjs.org/is-weakmap/-/is-weakmap-2.0.2.tgz 872ms (cache miss)
2967 http fetch GET 200 https://registry.npmjs.org/is-map/-/is-map-2.0.3.tgz 872ms (cache miss)
2968 http fetch GET 200 https://registry.npmjs.org/is-number-object/-/is-number-object-1.1.1.tgz 861ms (cache miss)
2969 http fetch GET 200 https://registry.npmjs.org/async-function/-/async-function-1.0.0.tgz 871ms (cache miss)
2970 http fetch GET 200 https://registry.npmjs.org/is-async-function/-/is-async-function-2.1.1.tgz 867ms (cache miss)
2971 http fetch GET 200 https://registry.npmjs.org/is-boolean-object/-/is-boolean-object-1.2.2.tgz 867ms (cache miss)
2972 http fetch GET 200 https://registry.npmjs.org/is-bigint/-/is-bigint-1.1.0.tgz 867ms (cache miss)
2973 http fetch GET 200 https://registry.npmjs.org/is-weakset/-/is-weakset-2.0.4.tgz 892ms (cache miss)
2974 http fetch GET 200 https://registry.npmjs.org/is-generator-function/-/is-generator-function-1.1.2.tgz 887ms (cache miss)
2975 http fetch GET 200 https://registry.npmjs.org/strip-bom/-/strip-bom-3.0.0.tgz 889ms (cache miss)
2976 http fetch GET 200 https://registry.npmjs.org/for-each/-/for-each-0.3.5.tgz 890ms (cache miss)
2977 http fetch GET 200 https://registry.npmjs.org/has-flag/-/has-flag-4.0.0.tgz 882ms (cache miss)
2978 http fetch GET 200 https://registry.npmjs.org/is-number/-/is-number-7.0.0.tgz 891ms (cache miss)
2979 http fetch GET 200 https://registry.npmjs.org/side-channel-list/-/side-channel-list-1.0.1.tgz 888ms (cache miss)
2980 http fetch GET 200 https://registry.npmjs.org/which-boxed-primitive/-/which-boxed-primitive-1.1.1.tgz 912ms (cache miss)
2981 http fetch GET 200 https://registry.npmjs.org/punycode/-/punycode-2.3.1.tgz 914ms (cache miss)
2982 http fetch GET 200 https://registry.npmjs.org/client-only/-/client-only-0.0.1.tgz 895ms (cache miss)
2983 http fetch GET 200 https://registry.npmjs.org/@types/json5/-/json5-0.0.29.tgz 914ms (cache miss)
2984 http fetch GET 200 https://registry.npmjs.org/side-channel-map/-/side-channel-map-1.0.1.tgz 906ms (cache miss)
2985 http fetch GET 200 https://registry.npmjs.org/shebang-regex/-/shebang-regex-3.0.0.tgz 917ms (cache miss)
2986 http fetch GET 200 https://registry.npmjs.org/path-parse/-/path-parse-1.0.7.tgz 912ms (cache miss)
2987 http fetch GET 200 https://registry.npmjs.org/js-tokens/-/js-tokens-4.0.0.tgz 911ms (cache miss)
2988 http fetch GET 200 https://registry.npmjs.org/queue-microtask/-/queue-microtask-1.2.3.tgz 920ms (cache miss)
2989 http fetch GET 200 https://registry.npmjs.org/reflect.getprototypeof/-/reflect.getprototypeof-1.0.10.tgz 954ms (cache miss)
2990 http fetch GET 200 https://registry.npmjs.org/isarray/-/isarray-2.0.5.tgz 938ms (cache miss)
2991 http fetch GET 200 https://registry.npmjs.org/supports-preserve-symlinks-flag/-/supports-preserve-symlinks-flag-1.0.0.tgz 933ms (cache miss)
2992 http fetch GET 200 https://registry.npmjs.org/react-is/-/react-is-16.13.1.tgz 929ms (cache miss)
2993 http fetch GET 200 https://registry.npmjs.org/object-assign/-/object-assign-4.1.1.tgz 931ms (cache miss)
2994 http fetch GET 200 https://registry.npmjs.org/loose-envify/-/loose-envify-1.4.0.tgz 930ms (cache miss)
2995 http fetch GET 200 https://registry.npmjs.org/side-channel-weakmap/-/side-channel-weakmap-1.0.2.tgz 952ms (cache miss)
2996 http fetch GET 200 https://registry.npmjs.org/picocolors/-/picocolors-1.1.1.tgz 942ms (cache miss)
2997 http fetch GET 200 https://registry.npmjs.org/p-limit/-/p-limit-3.1.0.tgz 946ms (cache miss)
2998 http fetch GET 200 https://registry.npmjs.org/yocto-queue/-/yocto-queue-0.1.0.tgz 948ms (cache miss)
2999 http fetch GET 200 https://registry.npmjs.org/callsites/-/callsites-3.1.0.tgz 959ms (cache miss)
3000 http fetch GET 200 https://registry.npmjs.org/nanoid/-/nanoid-3.3.18.tgz 959ms (cache miss)
3001 http fetch GET 200 https://registry.npmjs.org/deep-is/-/deep-is-0.1.4.tgz 959ms (cache miss)
3002 http fetch GET 200 https://registry.npmjs.org/fast-levenshtein/-/fast-levenshtein-2.0.6.tgz 988ms (cache miss)
3003 http fetch GET 200 https://registry.npmjs.org/@img/colour/-/colour-1.1.0.tgz 1008ms (cache miss)
3004 http fetch GET 200 https://registry.npmjs.org/word-wrap/-/word-wrap-1.2.5.tgz 995ms (cache miss)
3005 http fetch GET 200 https://registry.npmjs.org/fill-range/-/fill-range-7.1.1.tgz 1001ms (cache miss)
3006 http fetch GET 200 https://registry.npmjs.org/to-regex-range/-/to-regex-range-5.0.1.tgz 1026ms (cache miss)
3007 http fetch GET 200 https://registry.npmjs.org/p-locate/-/p-locate-5.0.0.tgz 1028ms (cache miss)
3008 http fetch GET 200 https://registry.npmjs.org/isexe/-/isexe-2.0.0.tgz 1085ms (cache miss)
3009 http fetch GET 200 https://registry.npmjs.org/which-builtin-type/-/which-builtin-type-1.2.1.tgz 1089ms (cache miss)
3010 http fetch GET 200 https://registry.npmjs.org/which-collection/-/which-collection-1.0.2.tgz 1105ms (cache miss)
3011 http fetch GET 200 https://registry.npmjs.org/brace-expansion/-/brace-expansion-1.1.18.tgz 1052ms (cache miss)
3012 http fetch GET 200 https://registry.npmjs.org/has-bigints/-/has-bigints-1.1.0.tgz 1107ms (cache miss)
3013 http fetch GET 200 https://registry.npmjs.org/concat-map/-/concat-map-0.0.1.tgz 1069ms (cache miss)
3014 http fetch GET 200 https://registry.npmjs.org/detect-libc/-/detect-libc-2.1.2.tgz 1060ms (cache miss)
3015 http fetch GET 200 https://registry.npmjs.org/type-check/-/type-check-0.4.0.tgz 1064ms (cache miss)
3016 http fetch GET 200 https://registry.npmjs.org/generator-function/-/generator-function-2.0.1.tgz 1151ms (cache miss)
3017 http fetch GET 200 https://registry.npmjs.org/json5/-/json5-1.0.2.tgz 1146ms (cache miss)
3018 http fetch GET 200 https://registry.npmjs.org/braces/-/braces-3.0.3.tgz 1131ms (cache miss)
3019 http fetch GET 200 https://registry.npmjs.org/scheduler/-/scheduler-0.27.0.tgz 1173ms (cache miss)
3020 http fetch GET 200 https://registry.npmjs.org/prelude-ls/-/prelude-ls-1.2.1.tgz 1154ms (cache miss)
3021 http fetch GET 200 https://registry.npmjs.org/balanced-match/-/balanced-match-1.0.2.tgz 1176ms (cache miss)
3022 http fetch GET 200 https://registry.npmjs.org/napi-postinstall/-/napi-postinstall-0.3.4.tgz 1258ms (cache miss)
3023 http fetch GET 200 https://registry.npmjs.org/minimist/-/minimist-1.2.8.tgz 1248ms (cache miss)
3024 http fetch GET 200 https://registry.npmjs.org/styled-jsx/-/styled-jsx-5.1.6.tgz 1250ms (cache miss)
3025 http fetch GET 200 https://registry.npmjs.org/node-exports-info/-/node-exports-info-1.6.2.tgz 1263ms (cache miss)
3026 http fetch GET 200 https://registry.npmjs.org/picomatch/-/picomatch-2.3.2.tgz 1315ms (cache miss)
3027 http fetch GET 200 https://registry.npmjs.org/is-document.all/-/is-document.all-1.0.0.tgz 1312ms (cache miss)
3028 http fetch GET 200 https://registry.npmjs.org/resolve-pkg-maps/-/resolve-pkg-maps-1.0.0.tgz 1343ms (cache miss)
3029 http fetch GET 200 https://registry.npmjs.org/language-subtag-registry/-/language-subtag-registry-0.3.23.tgz 1369ms (cache miss)
3030 http fetch GET 200 https://registry.npmjs.org/side-channel/-/side-channel-1.1.1.tgz 1380ms (cache miss)
3031 http fetch GET 200 https://registry.npmjs.org/@next/env/-/env-15.5.25.tgz 1427ms (cache miss)
3032 http fetch GET 200 https://registry.npmjs.org/is-extglob/-/is-extglob-2.1.1.tgz 1417ms (cache miss)
3033 http fetch GET 200 https://registry.npmjs.org/functions-have-names/-/functions-have-names-1.2.3.tgz 1419ms (cache miss)
3034 http fetch GET 200 https://registry.npmjs.org/resolve-from/-/resolve-from-4.0.0.tgz 1439ms (cache miss)
3035 http fetch GET 200 https://registry.npmjs.org/keyv/-/keyv-4.5.4.tgz 1435ms (cache miss)
3036 http fetch GET 200 https://registry.npmjs.org/path-exists/-/path-exists-4.0.0.tgz 1442ms (cache miss)
3037 http fetch GET 200 https://registry.npmjs.org/json-buffer/-/json-buffer-3.0.1.tgz 1471ms (cache miss)
3038 http fetch GET 200 https://registry.npmjs.org/locate-path/-/locate-path-6.0.0.tgz 1462ms (cache miss)
3039 http fetch GET 200 https://registry.npmjs.org/@nodelib/fs.scandir/-/fs.scandir-2.1.5.tgz 1462ms (cache miss)
3040 http fetch GET 200 https://registry.npmjs.org/reusify/-/reusify-1.1.0.tgz 1462ms (cache miss)
3041 http fetch GET 200 https://registry.npmjs.org/set-function-name/-/set-function-name-2.0.2.tgz 1488ms (cache miss)
3042 http fetch GET 200 https://registry.npmjs.org/@nodelib/fs.walk/-/fs.walk-1.2.8.tgz 1486ms (cache miss)
3043 http fetch GET 200 https://registry.npmjs.org/@nodelib/fs.stat/-/fs.stat-2.0.5.tgz 1495ms (cache miss)
3044 http fetch GET 200 https://registry.npmjs.org/run-parallel/-/run-parallel-1.2.0.tgz 1500ms (cache miss)
3045 http fetch GET 200 https://registry.npmjs.org/parent-module/-/parent-module-1.0.1.tgz 1504ms (cache miss)
3046 http fetch GET 200 https://registry.npmjs.org/acorn-jsx/-/acorn-jsx-5.3.2.tgz 1507ms (cache miss)
3047 http fetch GET 200 https://registry.npmjs.org/micromatch/-/micromatch-4.0.8.tgz 1518ms (cache miss)
3048 http fetch GET 200 https://registry.npmjs.org/flatted/-/flatted-3.4.4.tgz 1536ms (cache miss)
3049 http fetch GET 200 https://registry.npmjs.org/iterator.prototype/-/iterator.prototype-1.1.5.tgz 1520ms (cache miss)
3050 http fetch GET 200 https://registry.npmjs.org/sharp/-/sharp-0.35.4.tgz 1570ms (cache miss)
3051 http fetch GET 200 https://registry.npmjs.org/merge2/-/merge2-1.4.1.tgz 1538ms (cache miss)
3052 http fetch GET 200 https://registry.npmjs.org/esrecurse/-/esrecurse-4.3.0.tgz 1536ms (cache miss)
3053 http fetch GET 200 https://registry.npmjs.org/array.prototype.findlast/-/array.prototype.findlast-1.2.5.tgz 1599ms (cache miss)
3054 http fetch GET 200 https://registry.npmjs.org/string.prototype.repeat/-/string.prototype.repeat-1.0.0.tgz 1617ms (cache miss)
3055 http fetch GET 200 https://registry.npmjs.org/fastq/-/fastq-1.20.3.tgz 1635ms (cache miss)
3056 http fetch GET 200 https://registry.npmjs.org/flat-cache/-/flat-cache-4.0.1.tgz 1657ms (cache miss)
3057 http fetch GET 200 https://registry.npmjs.org/argparse/-/argparse-2.0.1.tgz 1679ms (cache miss)
3058 http fetch GET 200 https://registry.npmjs.org/string.prototype.includes/-/string.prototype.includes-2.0.1.tgz 1640ms (cache miss)
3059 http fetch GET 200 https://registry.npmjs.org/array.prototype.tosorted/-/array.prototype.tosorted-1.1.4.tgz 1656ms (cache miss)
3060 http fetch GET 200 https://registry.npmjs.org/tslib/-/tslib-2.8.1.tgz 1719ms (cache miss)
3061 http fetch GET 200 https://registry.npmjs.org/ast-types-flow/-/ast-types-flow-0.0.8.tgz 1653ms (cache miss)
3062 http fetch GET 200 https://registry.npmjs.org/damerau-levenshtein/-/damerau-levenshtein-1.0.8.tgz 1661ms (cache miss)
3063 http fetch GET 200 https://registry.npmjs.org/@unrs/resolver-binding-win32-x64-msvc/-/resolver-binding-win32-x64-msvc-1.12.2.tgz 1782ms (cache miss)
3064 http fetch GET 200 https://registry.npmjs.org/is-symbol/-/is-symbol-1.1.1.tgz 1687ms (cache miss)
3065 http fetch GET 200 https://registry.npmjs.org/emoji-regex/-/emoji-regex-9.2.2.tgz 1700ms (cache miss)
3066 http fetch GET 200 https://registry.npmjs.org/es-abstract-get/-/es-abstract-get-1.0.0.tgz 1688ms (cache miss)
3067 http fetch GET 200 https://registry.npmjs.org/prop-types/-/prop-types-15.8.1.tgz 1723ms (cache miss)
3068 http fetch GET 200 https://registry.npmjs.org/language-tags/-/language-tags-1.0.9.tgz 1767ms (cache miss)
3069 http fetch GET 200 https://registry.npmjs.org/typed-array-byte-length/-/typed-array-byte-length-1.0.3.tgz 1752ms (cache miss)
3070 http fetch GET 200 https://registry.npmjs.org/possible-typed-array-names/-/possible-typed-array-names-1.1.0.tgz 1760ms (cache miss)
3071 http fetch GET 200 https://registry.npmjs.org/object.entries/-/object.entries-1.1.9.tgz 1789ms (cache miss)
3072 http fetch GET 200 https://registry.npmjs.org/acorn/-/acorn-8.18.0.tgz 1793ms (cache miss)
3073 http fetch GET 200 https://registry.npmjs.org/has-tostringtag/-/has-tostringtag-1.0.2.tgz 1770ms (cache miss)
3074 http fetch GET 200 https://registry.npmjs.org/is-date-object/-/is-date-object-1.1.0.tgz 1780ms (cache miss)
3075 http fetch GET 200 https://registry.npmjs.org/typed-array-buffer/-/typed-array-buffer-1.0.3.tgz 1769ms (cache miss)
3076 http fetch GET 200 https://registry.npmjs.org/dunder-proto/-/dunder-proto-1.0.1.tgz 1776ms (cache miss)
3077 http fetch GET 200 https://registry.npmjs.org/estraverse/-/estraverse-5.3.0.tgz 1817ms (cache miss)
3078 http fetch GET 200 https://registry.npmjs.org/typed-array-byte-offset/-/typed-array-byte-offset-1.0.4.tgz 1791ms (cache miss)
3079 http fetch GET 200 https://registry.npmjs.org/safe-push-apply/-/safe-push-apply-1.0.0.tgz 1817ms (cache miss)
3080 http fetch GET 200 https://registry.npmjs.org/string.prototype.trimstart/-/string.prototype.trimstart-1.0.8.tgz 1824ms (cache miss)
3081 http fetch GET 200 https://registry.npmjs.org/safe-regex-test/-/safe-regex-test-1.1.0.tgz 1823ms (cache miss)
3082 http fetch GET 200 https://registry.npmjs.org/typed-array-length/-/typed-array-length-1.0.8.tgz 1834ms (cache miss)
3083 http fetch GET 200 https://registry.npmjs.org/safe-array-concat/-/safe-array-concat-1.1.4.tgz 1825ms (cache miss)
3084 http fetch GET 200 https://registry.npmjs.org/string.prototype.matchall/-/string.prototype.matchall-4.1.0.tgz 1886ms (cache miss)
3085 http fetch GET 200 https://registry.npmjs.org/set-proto/-/set-proto-1.0.0.tgz 1854ms (cache miss)
3086 http fetch GET 200 https://registry.npmjs.org/stop-iteration-iterator/-/stop-iteration-iterator-1.1.0.tgz 1858ms (cache miss)
3087 http fetch GET 200 https://registry.npmjs.org/is-set/-/is-set-2.0.3.tgz 1853ms (cache miss)
3088 http fetch GET 200 https://registry.npmjs.org/is-regex/-/is-regex-1.2.1.tgz 1855ms (cache miss)
3089 http fetch GET 200 https://registry.npmjs.org/unbox-primitive/-/unbox-primitive-1.1.0.tgz 1896ms (cache miss)
3090 http fetch GET 200 https://registry.npmjs.org/is-weakref/-/is-weakref-1.1.1.tgz 1888ms (cache miss)
3091 http fetch GET 200 https://registry.npmjs.org/is-typed-array/-/is-typed-array-1.1.15.tgz 1900ms (cache miss)
3092 http fetch GET 200 https://registry.npmjs.org/string.prototype.trim/-/string.prototype.trim-1.2.11.tgz 1918ms (cache miss)
3093 http fetch GET 200 https://registry.npmjs.org/is-callable/-/is-callable-1.2.7.tgz 1945ms (cache miss)
3094 http fetch GET 200 https://registry.npmjs.org/regexp.prototype.flags/-/regexp.prototype.flags-1.5.4.tgz 1956ms (cache miss)
3095 http fetch GET 200 https://registry.npmjs.org/own-keys/-/own-keys-1.0.2.tgz 1984ms (cache miss)
3096 http fetch GET 200 https://registry.npmjs.org/is-array-buffer/-/is-array-buffer-3.0.5.tgz 1984ms (cache miss)
3097 http fetch GET 200 https://registry.npmjs.org/has-proto/-/has-proto-1.2.0.tgz 1984ms (cache miss)
3098 http fetch GET 200 https://registry.npmjs.org/is-shared-array-buffer/-/is-shared-array-buffer-1.0.4.tgz 1985ms (cache miss)
3099 http fetch GET 200 https://registry.npmjs.org/internal-slot/-/internal-slot-1.1.0.tgz 2000ms (cache miss)
3100 http fetch GET 200 https://registry.npmjs.org/has-symbols/-/has-symbols-1.1.0.tgz 2007ms (cache miss)
3101 http fetch GET 200 https://registry.npmjs.org/which-typed-array/-/which-typed-array-1.1.22.tgz 2037ms (cache miss)
3102 http fetch GET 200 https://registry.npmjs.org/is-negative-zero/-/is-negative-zero-2.0.3.tgz 2015ms (cache miss)
3103 http fetch GET 200 https://registry.npmjs.org/function.prototype.name/-/function.prototype.name-1.2.0.tgz 2005ms (cache miss)
3104 http fetch GET 200 https://registry.npmjs.org/is-data-view/-/is-data-view-1.0.2.tgz 2029ms (cache miss)
3105 http fetch GET 200 https://registry.npmjs.org/data-view-byte-length/-/data-view-byte-length-1.0.2.tgz 2035ms (cache miss)
3106 http fetch GET 200 https://registry.npmjs.org/get-symbol-description/-/get-symbol-description-1.1.0.tgz 2038ms (cache miss)
3107 http fetch GET 200 https://registry.npmjs.org/es-set-tostringtag/-/es-set-tostringtag-2.1.0.tgz 2036ms (cache miss)
3108 http fetch GET 200 https://registry.npmjs.org/globalthis/-/globalthis-1.0.4.tgz 2050ms (cache miss)
3109 http fetch GET 200 https://registry.npmjs.org/available-typed-arrays/-/available-typed-arrays-1.0.7.tgz 2043ms (cache miss)
3110 http fetch GET 200 https://registry.npmjs.org/data-view-byte-offset/-/data-view-byte-offset-1.0.1.tgz 2053ms (cache miss)
3111 http fetch GET 200 https://registry.npmjs.org/has-property-descriptors/-/has-property-descriptors-1.0.2.tgz 2076ms (cache miss)
3112 http fetch GET 200 https://registry.npmjs.org/es-define-property/-/es-define-property-1.0.1.tgz 2079ms (cache miss)
3113 http fetch GET 200 https://registry.npmjs.org/data-view-buffer/-/data-view-buffer-1.0.2.tgz 2090ms (cache miss)
3114 http fetch GET 200 https://registry.npmjs.org/array-buffer-byte-length/-/array-buffer-byte-length-1.0.2.tgz 2083ms (cache miss)
3115 http fetch GET 200 https://registry.npmjs.org/get-proto/-/get-proto-1.0.1.tgz 2117ms (cache miss)
3116 http fetch GET 200 https://registry.npmjs.org/object-inspect/-/object-inspect-1.13.4.tgz 2177ms (cache miss)
3117 http fetch GET 200 https://registry.npmjs.org/es-to-primitive/-/es-to-primitive-1.3.4.tgz 2166ms (cache miss)
3118 http fetch GET 200 https://registry.npmjs.org/es-shim-unscopables/-/es-shim-unscopables-1.1.0.tgz 2147ms (cache miss)
3119 http fetch GET 200 https://registry.npmjs.org/math-intrinsics/-/math-intrinsics-1.1.0.tgz 2145ms (cache miss)
3120 http fetch GET 200 https://registry.npmjs.org/es-errors/-/es-errors-1.3.0.tgz 2149ms (cache miss)
3121 http fetch GET 200 https://registry.npmjs.org/call-bind-apply-helpers/-/call-bind-apply-helpers-1.0.2.tgz 2160ms (cache miss)
3122 http fetch GET 200 https://registry.npmjs.org/arraybuffer.prototype.slice/-/arraybuffer.prototype.slice-1.0.4.tgz 2173ms (cache miss)
3123 http fetch GET 200 https://registry.npmjs.org/function-bind/-/function-bind-1.1.2.tgz 2180ms (cache miss)
3124 http fetch GET 200 https://registry.npmjs.org/gopd/-/gopd-1.2.0.tgz 2177ms (cache miss)
3125 http fetch GET 200 https://registry.npmjs.org/define-data-property/-/define-data-property-1.1.4.tgz 2180ms (cache miss)
3126 http fetch GET 200 https://registry.npmjs.org/object-keys/-/object-keys-1.1.1.tgz 2186ms (cache miss)
3127 http fetch GET 200 https://registry.npmjs.org/call-bound/-/call-bound-1.0.4.tgz 2178ms (cache miss)
3128 http fetch GET 200 https://registry.npmjs.org/define-properties/-/define-properties-1.2.1.tgz 2177ms (cache miss)
3129 http fetch GET 200 https://registry.npmjs.org/get-intrinsic/-/get-intrinsic-1.3.0.tgz 2183ms (cache miss)
3130 http fetch GET 200 https://registry.npmjs.org/object.assign/-/object.assign-4.1.7.tgz 2245ms (cache miss)
3131 http fetch GET 200 https://registry.npmjs.org/set-function-length/-/set-function-length-1.2.2.tgz 2203ms (cache miss)
3132 http fetch GET 200 https://registry.npmjs.org/hasown/-/hasown-2.0.4.tgz 2261ms (cache miss)
3133 http fetch GET 200 https://registry.npmjs.org/object.fromentries/-/object.fromentries-2.0.8.tgz 2263ms (cache miss)
3134 http fetch GET 200 https://registry.npmjs.org/object.groupby/-/object.groupby-1.0.3.tgz 2284ms (cache miss)
3135 http fetch GET 200 https://registry.npmjs.org/es-object-atoms/-/es-object-atoms-1.1.2.tgz 2313ms (cache miss)
3136 http fetch GET 200 https://registry.npmjs.org/call-bind/-/call-bind-1.0.9.tgz 2421ms (cache miss)
3137 http fetch GET 200 https://registry.npmjs.org/object.values/-/object.values-1.2.1.tgz 2419ms (cache miss)
3138 http fetch GET 200 https://registry.npmjs.org/array-includes/-/array-includes-3.1.9.tgz 2460ms (cache miss)
3139 http fetch GET 200 https://registry.npmjs.org/@nolyfill/is-core-module/-/is-core-module-1.0.39.tgz 2466ms (cache miss)
3140 http fetch GET 200 https://registry.npmjs.org/array.prototype.flatmap/-/array.prototype.flatmap-1.3.3.tgz 2493ms (cache miss)
3141 http fetch GET 200 https://registry.npmjs.org/jsx-ast-utils/-/jsx-ast-utils-3.3.5.tgz 2608ms (cache miss)
3142 http fetch GET 200 https://registry.npmjs.org/is-bun-module/-/is-bun-module-2.0.0.tgz 2514ms (cache miss)
3143 http fetch GET 200 https://registry.npmjs.org/string.prototype.trimend/-/string.prototype.trimend-1.0.10.tgz 2585ms (cache miss)
3144 http fetch GET 200 https://registry.npmjs.org/@typescript-eslint/tsconfig-utils/-/tsconfig-utils-8.70.0.tgz 2573ms (cache miss)
3145 http fetch GET 200 https://registry.npmjs.org/unrs-resolver/-/unrs-resolver-1.12.2.tgz 2599ms (cache miss)
3146 http fetch GET 200 https://registry.npmjs.org/es-iterator-helpers/-/es-iterator-helpers-1.4.0.tgz 2718ms (cache miss)
3147 http fetch GET 200 https://registry.npmjs.org/is-core-module/-/is-core-module-2.16.2.tgz 2606ms (cache miss)
3148 http fetch GET 200 https://registry.npmjs.org/@typescript-eslint/project-service/-/project-service-8.70.0.tgz 2633ms (cache miss)
3149 http fetch GET 200 https://registry.npmjs.org/stable-hash/-/stable-hash-0.0.5.tgz 2787ms (cache miss)
3150 http fetch GET 200 https://registry.npmjs.org/@rtsao/scc/-/scc-1.1.0.tgz 2806ms (cache miss)
3151 http fetch GET 200 https://registry.npmjs.org/axobject-query/-/axobject-query-4.1.0.tgz 2905ms (cache miss)
3152 http fetch GET 200 https://registry.npmjs.org/array.prototype.findlastindex/-/array.prototype.findlastindex-1.2.6.tgz 2825ms (cache miss)
3153 http fetch GET 200 https://registry.npmjs.org/axe-core/-/axe-core-4.13.0.tgz 2932ms (cache miss)
3154 http fetch GET 200 https://registry.npmjs.org/tsconfig-paths/-/tsconfig-paths-3.15.0.tgz 2860ms (cache miss)
3155 http fetch GET 200 https://registry.npmjs.org/semver/-/semver-7.8.5.tgz 2906ms (cache miss)
3156 http fetch GET 200 https://registry.npmjs.org/tinyglobby/-/tinyglobby-0.2.17.tgz 2939ms (cache miss)
3157 http fetch GET 200 https://registry.npmjs.org/eslint-plugin-react-hooks/-/eslint-plugin-react-hooks-5.2.0.tgz 2953ms (cache miss)
3158 http fetch GET 200 https://registry.npmjs.org/@typescript-eslint/visitor-keys/-/visitor-keys-8.70.0.tgz 3014ms (cache miss)
3159 http fetch GET 200 https://registry.npmjs.org/doctrine/-/doctrine-2.1.0.tgz 3041ms (cache miss)
3160 http fetch GET 200 https://registry.npmjs.org/@typescript-eslint/types/-/types-8.70.0.tgz 3026ms (cache miss)
3161 http fetch GET 200 https://registry.npmjs.org/get-tsconfig/-/get-tsconfig-4.14.3.tgz 3043ms (cache miss)
3162 http fetch GET 200 https://registry.npmjs.org/aria-query/-/aria-query-5.3.2.tgz 3174ms (cache miss)
3163 http fetch GET 200 https://registry.npmjs.org/@swc/helpers/-/helpers-0.5.15.tgz 3450ms (cache miss)
3164 http fetch GET 200 https://registry.npmjs.org/ts-api-utils/-/ts-api-utils-2.5.0.tgz 3355ms (cache miss)
3165 http fetch GET 200 https://registry.npmjs.org/eslint-import-resolver-node/-/eslint-import-resolver-node-0.3.10.tgz 3403ms (cache miss)
3166 http fetch GET 200 https://registry.npmjs.org/resolve/-/resolve-2.0.0-next.7.tgz 3487ms (cache miss)
3167 http fetch GET 200 https://registry.npmjs.org/eslint-import-resolver-typescript/-/eslint-import-resolver-typescript-3.10.1.tgz 3519ms (cache miss)
3168 http fetch GET 200 https://registry.npmjs.org/@typescript-eslint/parser/-/parser-8.70.0.tgz 3537ms (cache miss)
3169 http fetch GET 200 https://registry.npmjs.org/@typescript-eslint/typescript-estree/-/typescript-estree-8.70.0.tgz 3577ms (cache miss)
3170 http fetch GET 200 https://registry.npmjs.org/which/-/which-2.0.2.tgz 3567ms (cache miss)
3171 http fetch GET 200 https://registry.npmjs.org/ms/-/ms-2.1.3.tgz 3591ms (cache miss)
3172 http fetch GET 200 https://registry.npmjs.org/fast-glob/-/fast-glob-3.3.1.tgz 3631ms (cache miss)
3173 http fetch GET 200 https://registry.npmjs.org/shebang-command/-/shebang-command-2.0.0.tgz 3662ms (cache miss)
3174 http fetch GET 200 https://registry.npmjs.org/color-name/-/color-name-1.1.4.tgz 3688ms (cache miss)
3175 http fetch GET 200 https://registry.npmjs.org/color-convert/-/color-convert-2.0.1.tgz 3694ms (cache miss)
3176 http fetch GET 200 https://registry.npmjs.org/@typescript-eslint/utils/-/utils-8.70.0.tgz 3726ms (cache miss)
3177 http fetch GET 200 https://registry.npmjs.org/ansi-styles/-/ansi-styles-4.3.0.tgz 3718ms (cache miss)
3178 http fetch GET 200 https://registry.npmjs.org/supports-color/-/supports-color-7.2.0.tgz 3747ms (cache miss)
3179 http fetch GET 200 https://registry.npmjs.org/json-schema-traverse/-/json-schema-traverse-0.4.1.tgz 3776ms (cache miss)
3180 http fetch GET 200 https://registry.npmjs.org/@humanfs/types/-/types-0.15.0.tgz 3845ms (cache miss)
3181 http fetch GET 200 https://registry.npmjs.org/levn/-/levn-0.4.1.tgz 3881ms (cache miss)
3182 http fetch GET 200 https://registry.npmjs.org/fast-json-stable-stringify/-/fast-json-stable-stringify-2.1.0.tgz 3887ms (cache miss)
3183 http fetch GET 200 https://registry.npmjs.org/@types/json-schema/-/json-schema-7.0.15.tgz 3907ms (cache miss)
3184 http fetch GET 200 https://registry.npmjs.org/import-fresh/-/import-fresh-3.3.1.tgz 3930ms (cache miss)
3185 http fetch GET 200 https://registry.npmjs.org/@next/eslint-plugin-next/-/eslint-plugin-next-15.5.25.tgz 3977ms (cache miss)
3186 http fetch GET 200 https://registry.npmjs.org/path-key/-/path-key-3.1.1.tgz 3971ms (cache miss)
3187 http fetch GET 200 https://registry.npmjs.org/@typescript-eslint/type-utils/-/type-utils-8.70.0.tgz 4034ms (cache miss)
3188 http fetch GET 200 https://registry.npmjs.org/globals/-/globals-14.0.0.tgz 4006ms (cache miss)
3189 http fetch GET 200 https://registry.npmjs.org/@humanfs/core/-/core-0.19.2.tgz 4035ms (cache miss)
3190 http fetch GET 200 https://registry.npmjs.org/strip-json-comments/-/strip-json-comments-3.1.1.tgz 4038ms (cache miss)
3191 http fetch GET 200 https://registry.npmjs.org/natural-compare/-/natural-compare-1.4.0.tgz 4035ms (cache miss)
3192 http fetch GET 200 https://registry.npmjs.org/is-string/-/is-string-1.1.1.tgz 4154ms (cache miss)
3193 http fetch GET 200 https://registry.npmjs.org/eslint-module-utils/-/eslint-module-utils-2.14.0.tgz 4138ms (cache miss)
3194 http fetch GET 200 https://registry.npmjs.org/@rushstack/eslint-patch/-/eslint-patch-1.16.1.tgz 4165ms (cache miss)
3195 http fetch GET 200 https://registry.npmjs.org/lodash.merge/-/lodash.merge-4.6.2.tgz 4206ms (cache miss)
3196 http fetch GET 200 https://registry.npmjs.org/optionator/-/optionator-0.9.4.tgz 4232ms (cache miss)
3197 http fetch GET 200 https://registry.npmjs.org/minimatch/-/minimatch-3.1.5.tgz 4232ms (cache miss)
3198 http fetch GET 200 https://registry.npmjs.org/@eslint/object-schema/-/object-schema-2.1.7.tgz 4241ms (cache miss)
3199 http fetch GET 200 https://registry.npmjs.org/is-glob/-/is-glob-4.0.3.tgz 4238ms (cache miss)
3200 http fetch GET 200 https://registry.npmjs.org/imurmurhash/-/imurmurhash-0.1.4.tgz 4403ms (cache miss)
3201 http fetch GET 200 https://registry.npmjs.org/ignore/-/ignore-5.3.2.tgz 4411ms (cache miss)
3202 http fetch GET 200 https://registry.npmjs.org/json-stable-stringify-without-jsonify/-/json-stable-stringify-without-jsonify-1.0.1.tgz 4507ms (cache miss)
3203 http fetch GET 200 https://registry.npmjs.org/find-up/-/find-up-5.0.0.tgz 4505ms (cache miss)
3204 http fetch GET 200 https://registry.npmjs.org/glob-parent/-/glob-parent-6.0.2.tgz 4635ms (cache miss)
3205 http fetch GET 200 https://registry.npmjs.org/fast-deep-equal/-/fast-deep-equal-3.1.3.tgz 4652ms (cache miss)
3206 http fetch GET 200 https://registry.npmjs.org/file-entry-cache/-/file-entry-cache-8.0.0.tgz 4727ms (cache miss)
3207 http fetch GET 200 https://registry.npmjs.org/escape-string-regexp/-/escape-string-regexp-4.0.0.tgz 4749ms (cache miss)
3208 http fetch GET 200 https://registry.npmjs.org/eslint-visitor-keys/-/eslint-visitor-keys-4.2.1.tgz 4786ms (cache miss)
3209 http fetch GET 200 https://registry.npmjs.org/debug/-/debug-4.4.3.tgz 4793ms (cache miss)
3210 http fetch GET 200 https://registry.npmjs.org/@types/estree/-/estree-1.0.9.tgz 4886ms (cache miss)
3211 http fetch GET 200 https://registry.npmjs.org/@humanwhocodes/retry/-/retry-0.4.3.tgz 4904ms (cache miss)
3212 http fetch GET 200 https://registry.npmjs.org/eslint-scope/-/eslint-scope-8.4.0.tgz 4976ms (cache miss)
3213 http fetch GET 200 https://registry.npmjs.org/@humanfs/node/-/node-0.16.8.tgz 5115ms (cache miss)
3214 http fetch GET 200 https://registry.npmjs.org/chalk/-/chalk-4.1.2.tgz 5119ms (cache miss)
3215 http fetch GET 200 https://registry.npmjs.org/espree/-/espree-10.4.0.tgz 5187ms (cache miss)
3216 http fetch GET 200 https://registry.npmjs.org/esquery/-/esquery-1.7.0.tgz 5202ms (cache miss)
3217 http fetch GET 200 https://registry.npmjs.org/eslint-plugin-react/-/eslint-plugin-react-7.37.5.tgz 5282ms (cache miss)
3218 http fetch GET 200 https://registry.npmjs.org/eslint-plugin-jsx-a11y/-/eslint-plugin-jsx-a11y-6.10.2.tgz 5314ms (cache miss)
3219 http fetch GET 200 https://registry.npmjs.org/esutils/-/esutils-2.0.3.tgz 5345ms (cache miss)
3220 http fetch GET 200 https://registry.npmjs.org/js-yaml/-/js-yaml-4.3.2.tgz 5381ms (cache miss)
3221 http fetch GET 200 https://registry.npmjs.org/cross-spawn/-/cross-spawn-7.0.6.tgz 5404ms (cache miss)
3222 http fetch GET 200 https://registry.npmjs.org/lightningcss-win32-x64-msvc/-/lightningcss-win32-x64-msvc-1.32.0.tgz 5639ms (cache miss)
3223 http fetch GET 200 https://registry.npmjs.org/@eslint/js/-/js-9.39.5.tgz 5476ms (cache miss)
3224 http fetch GET 200 https://registry.npmjs.org/@eslint/config-helpers/-/config-helpers-0.4.2.tgz 5478ms (cache miss)
3225 http fetch GET 200 https://registry.npmjs.org/@typescript-eslint/scope-manager/-/scope-manager-8.70.0.tgz 5549ms (cache miss)
3226 http fetch GET 200 https://registry.npmjs.org/@eslint/eslintrc/-/eslintrc-3.3.7.tgz 5535ms (cache miss)
3227 http fetch GET 200 https://registry.npmjs.org/graceful-fs/-/graceful-fs-4.2.11.tgz 5605ms (cache miss)
3228 http fetch GET 200 https://registry.npmjs.org/tapable/-/tapable-2.3.3.tgz 5660ms (cache miss)
3229 http fetch GET 200 https://registry.npmjs.org/@jridgewell/resolve-uri/-/resolve-uri-3.1.2.tgz 5693ms (cache miss)
3230 http fetch GET 200 https://registry.npmjs.org/@eslint/core/-/core-0.17.0.tgz 5711ms (cache miss)
3231 http fetch GET 200 https://registry.npmjs.org/uri-js/-/uri-js-4.4.1.tgz 5796ms (cache miss)
3232 http fetch GET 200 https://registry.npmjs.org/caniuse-lite/-/caniuse-lite-1.0.30001810.tgz 6168ms (cache miss)
3233 http fetch GET 200 https://registry.npmjs.org/@humanwhocodes/module-importer/-/module-importer-1.0.1.tgz 5977ms (cache miss)
3234 http fetch GET 200 https://registry.npmjs.org/source-map-js/-/source-map-js-1.2.1.tgz 6057ms (cache miss)
3235 http fetch GET 200 https://registry.npmjs.org/eslint-plugin-import/-/eslint-plugin-import-2.32.0.tgz 6247ms (cache miss)
3236 http fetch GET 200 https://registry.npmjs.org/undici-types/-/undici-types-6.21.0.tgz 6308ms (cache miss)
3237 http fetch GET 200 https://registry.npmjs.org/@eslint/plugin-kit/-/plugin-kit-0.4.1.tgz 6357ms (cache miss)
3238 http fetch GET 200 https://registry.npmjs.org/@typescript-eslint/eslint-plugin/-/eslint-plugin-8.70.0.tgz 6465ms (cache miss)
3239 http fetch GET 200 https://registry.npmjs.org/@jridgewell/trace-mapping/-/trace-mapping-0.3.31.tgz 6415ms (cache miss)
3240 http fetch GET 200 https://registry.npmjs.org/@eslint/config-array/-/config-array-0.21.2.tgz 6489ms (cache miss)
3241 http fetch GET 200 https://registry.npmjs.org/@jridgewell/sourcemap-codec/-/sourcemap-codec-1.6.0.tgz 6584ms (cache miss)
3242 http fetch GET 200 https://registry.npmjs.org/@eslint-community/eslint-utils/-/eslint-utils-4.10.1.tgz 6645ms (cache miss)
3243 http fetch GET 200 https://registry.npmjs.org/@tailwindcss/oxide-win32-x64-msvc/-/oxide-win32-x64-msvc-4.3.3.tgz 6660ms (cache miss)
3244 http fetch GET 200 https://registry.npmjs.org/@jridgewell/gen-mapping/-/gen-mapping-0.3.13.tgz 6684ms (cache miss)
3245 http fetch GET 200 https://registry.npmjs.org/@jridgewell/remapping/-/remapping-2.3.5.tgz 6714ms (cache miss)
3246 http fetch GET 200 https://registry.npmjs.org/@tailwindcss/oxide/-/oxide-4.3.3.tgz 6716ms (cache miss)
3247 http fetch GET 200 https://registry.npmjs.org/@alloc/quick-lru/-/quick-lru-5.3.0.tgz 6741ms (cache miss)
3248 http fetch GET 200 https://registry.npmjs.org/eslint-config-next/-/eslint-config-next-15.5.25.tgz 6761ms (cache miss)
3249 http fetch GET 200 https://registry.npmjs.org/@tailwindcss/node/-/node-4.3.3.tgz 6767ms (cache miss)
3250 http fetch GET 200 https://registry.npmjs.org/@types/react-dom/-/react-dom-19.2.7.tgz 6874ms (cache miss)
3251 http fetch GET 200 https://registry.npmjs.org/magic-string/-/magic-string-0.30.21.tgz 6918ms (cache miss)
3252 http fetch GET 200 https://registry.npmjs.org/@img/sharp-win32-x64/-/sharp-win32-x64-0.35.4.tgz 7323ms (cache miss)
3253 http fetch GET 200 https://registry.npmjs.org/lightningcss/-/lightningcss-1.32.0.tgz 7036ms (cache miss)
3254 http fetch GET 200 https://registry.npmjs.org/postcss/-/postcss-8.5.28.tgz 7117ms (cache miss)
3255 http fetch GET 200 https://registry.npmjs.org/@tailwindcss/postcss/-/postcss-4.3.3.tgz 7142ms (cache miss)
3256 http fetch GET 200 https://registry.npmjs.org/enhanced-resolve/-/enhanced-resolve-5.24.5.tgz 7196ms (cache miss)
3257 http fetch GET 200 https://registry.npmjs.org/csstype/-/csstype-3.2.3.tgz 7530ms (cache miss)
3258 http fetch GET 200 https://registry.npmjs.org/@eslint-community/regexpp/-/regexpp-4.12.2.tgz 7538ms (cache miss)
3259 http fetch GET 200 https://registry.npmjs.org/react/-/react-19.2.8.tgz 7533ms (cache miss)
3260 http fetch GET 200 https://registry.npmjs.org/balanced-match/-/balanced-match-4.0.4.tgz 7583ms (cache miss)
3261 http fetch GET 200 https://registry.npmjs.org/semver/-/semver-6.3.1.tgz 7614ms (cache miss)
3262 http fetch GET 200 https://registry.npmjs.org/debug/-/debug-3.2.7.tgz 7674ms (cache miss)
3263 http fetch GET 200 https://registry.npmjs.org/eslint-visitor-keys/-/eslint-visitor-keys-5.0.1.tgz 7719ms (cache miss)
3264 http fetch GET 200 https://registry.npmjs.org/fdir/-/fdir-6.5.0.tgz 7732ms (cache miss)
3265 http fetch GET 200 https://registry.npmjs.org/glob-parent/-/glob-parent-5.1.2.tgz 7847ms (cache miss)
3266 http fetch GET 200 https://registry.npmjs.org/@types/react/-/react-19.2.18.tgz 7897ms (cache miss)
3267 http fetch GET 200 https://registry.npmjs.org/semver/-/semver-6.3.1.tgz 7890ms (cache miss)
3268 http fetch GET 200 https://registry.npmjs.org/debug/-/debug-3.2.7.tgz 7891ms (cache miss)
3269 http fetch GET 200 https://registry.npmjs.org/eslint-visitor-keys/-/eslint-visitor-keys-3.4.3.tgz 7969ms (cache miss)
3270 http fetch GET 200 https://registry.npmjs.org/ignore/-/ignore-7.0.9.tgz 8007ms (cache miss)
3271 http fetch GET 200 https://registry.npmjs.org/brace-expansion/-/brace-expansion-5.0.9.tgz 8064ms (cache miss)
3272 http fetch GET 200 https://registry.npmjs.org/minimatch/-/minimatch-10.2.6.tgz 8180ms (cache miss)
3273 http fetch GET 200 https://registry.npmjs.org/debug/-/debug-3.2.7.tgz 8190ms (cache miss)
3274 http fetch GET 200 https://registry.npmjs.org/tailwindcss/-/tailwindcss-4.3.3.tgz 8495ms (cache miss)
3275 http fetch GET 200 https://registry.npmjs.org/postcss 8187ms (cache miss)
3276 silly packumentCache corgi:https://registry.npmjs.org/postcss set size:undefined disposed:false
3277 http fetch GET 200 https://registry.npmjs.org/semver/-/semver-6.3.1.tgz 8518ms (cache miss)
3278 http fetch GET 200 https://registry.npmjs.org/picomatch/-/picomatch-4.0.7.tgz 8544ms (cache miss)
3279 silly packumentCache corgi:https://registry.npmjs.org/next cache-miss
3280 http fetch GET 200 https://registry.npmjs.org/postcss/-/postcss-8.4.31.tgz 8603ms (cache miss)
3281 http fetch GET 200 https://registry.npmjs.org/@types/node/-/node-22.20.1.tgz 9475ms (cache miss)
3282 http fetch GET 200 https://registry.npmjs.org/ajv/-/ajv-6.15.0.tgz 9700ms (cache miss)
3283 http fetch GET 200 https://registry.npmjs.org/array.prototype.flat/-/array.prototype.flat-1.3.3.tgz 9804ms (cache miss)
3284 http fetch GET 200 https://registry.npmjs.org/jiti/-/jiti-2.7.0.tgz 9940ms (cache miss)
3285 http fetch GET 200 https://registry.npmjs.org/eslint/-/eslint-9.39.5.tgz 10321ms (cache miss)
3286 warn deprecated eslint@9.39.5: This version is no longer supported. Please see https://eslint.org/version-support for other options.
3287 warn tar TAR_ENTRY_ERROR ENOENT: no such file or directory, open 'C:\Users\tarrs\Documents\Codex\2026-09-08\build-x20\frontend\node_modules\next\dist\compiled\@babel\runtime\helpers\arrayLikeToArray.js'
3288 silly tar TAR_ENTRY_ERROR ENOENT: no such file or directory, open 'C:\Users\tarrs\Documents\Codex\2026-09-08\build-x20\frontend\node_modules\next\dist\compiled\@babel\runtime\helpers\arrayLikeToArray.js' [Error: ENOENT: no such file or directory, open 'C:\Users\tarrs\Documents\Codex\2026-09-08\build-x20\frontend\node_modules\next\dist\compiled\@babel\runtime\helpers\arrayLikeToArray.js'] {
3288 silly tar   errno: -4058,
3288 silly tar   code: 'ENOENT',
3288 silly tar   syscall: 'open',
3288 silly tar   path: 'C:\\Users\\tarrs\\Documents\\Codex\\2026-09-08\\build-x20\\frontend\\node_modules\\next\\dist\\compiled\\@babel\\runtime\\helpers\\arrayLikeToArray.js',
3288 silly tar   entry: Fs {
3288 silly tar     _events: [Object: null prototype] {},
3288 silly tar     _eventsCount: 0,
3288 silly tar     _maxListeners: undefined,
3288 silly tar     writable: false,
3288 silly tar     readable: false,
3288 silly tar     extended: undefined,
3288 silly tar     globalExtended: undefined,
3288 silly tar     header: As {
3288 silly tar       cksumValid: true,
3288 silly tar       needPax: false,
3288 silly tar       nullBlock: false,
3288 silly tar       block: undefined,
3288 silly tar       path: 'package/dist/compiled/@babel/runtime/helpers/arrayLikeToArray.js',
3288 silly tar       mode: 420,
3288 silly tar       uid: 0,
3288 silly tar       gid: 0,
3288 silly tar       size: 268,
3288 silly tar       cksum: 10011,
3288 silly tar       linkpath: '',
3288 silly tar       uname: '',
3288 silly tar       gname: '',
3288 silly tar       devmaj: 0,
3288 silly tar       devmin: 0,
3288 silly tar       atime: undefined,
3288 silly tar       ctime: undefined,
3288 silly tar       mtime: 1985-10-26T08:15:00.000Z,
3288 silly tar       charset: undefined,
3288 silly tar       comment: undefined
3288 silly tar     },
3288 silly tar     startBlockSize: 512,
3288 silly tar     blockRemain: 0,
3288 silly tar     remain: 0,
3288 silly tar     type: 'File',
3288 silly tar     meta: false,
3288 silly tar     ignore: false,
3288 silly tar     path: 'dist/compiled/@babel/runtime/helpers/arrayLikeToArray.js',
3288 silly tar     mode: 438,
3288 silly tar     uid: 0,
3288 silly tar     gid: 0,
3288 silly tar     uname: '',
3288 silly tar     gname: '',
3288 silly tar     size: 268,
3288 silly tar     mtime: 1985-10-26T08:15:00.000Z,
3288 silly tar     atime: undefined,
3288 silly tar     ctime: undefined,
3288 silly tar     linkpath: undefined,
3288 silly tar     dev: undefined,
3288 silly tar     ino: undefined,
3288 silly tar     nlink: undefined,
3288 silly tar     invalid: false,
3288 silly tar     absolute: 'C:/Users/tarrs/Documents/Codex/2026-09-08/build-x20/frontend/node_modules/next/dist/compiled/@babel/runtime/helpers/arrayLikeToArray.js',
3288 silly tar     unsupported: false,
3288 silly tar     Symbol(shapeMode): false,
3288 silly tar     Symbol(kCapture): false,
3288 silly tar     Symbol(flowing): false,
3288 silly tar     Symbol(paused): true,
3288 silly tar     Symbol(pipes): [ [Gt] ],
3288 silly tar     Symbol(buffer): [],
3288 silly tar     Symbol(objectMode): false,
3288 silly tar     Symbol(encoding): null,
3288 silly tar     Symbol(async): false,
3288 silly tar     Symbol(decoder): null,
3288 silly tar     Symbol(EOF): true,
3288 silly tar     Symbol(emittedEnd): true,
3288 silly tar     Symbol(emittingEnd): false,
3288 silly tar     Symbol(closed): false,
3288 silly tar     Symbol(emittedError): null,
3288 silly tar     Symbol(bufferLength): 0,
3288 silly tar     Symbol(destroyed): false,
3288 silly tar     Symbol(signal): undefined,
3288 silly tar     Symbol(aborted): false,
3288 silly tar     Symbol(dataListeners): 0,
3288 silly tar     Symbol(discarded): false
3288 silly tar   },
3288 silly tar   cwd: 'C:/Users/tarrs/Documents/Codex/2026-09-08/build-x20/frontend/node_modules/next',
3288 silly tar   tarCode: 'TAR_ENTRY_ERROR'
3288 silly tar }
3289 warn tar TAR_ENTRY_ERROR ENOENT: no such file or directory, lstat 'C:\Users\tarrs\Documents\Codex\2026-09-08\build-x20\frontend\node_modules\next\dist'
3290 silly tar TAR_ENTRY_ERROR ENOENT: no such file or directory, lstat 'C:\Users\tarrs\Documents\Codex\2026-09-08\build-x20\frontend\node_modules\next\dist' [Error: ENOENT: no such file or directory, lstat 'C:\Users\tarrs\Documents\Codex\2026-09-08\build-x20\frontend\node_modules\next\dist'] {
3290 silly tar   errno: -4058,
3290 silly tar   code: 'ENOENT',
3290 silly tar   syscall: 'lstat',
3290 silly tar   path: 'C:/Users/tarrs/Documents/Codex/2026-09-08/build-x20/frontend/node_modules/next/dist',
3290 silly tar   entry: Fs {
3290 silly tar     _events: [Object: null prototype] { end: [Function (anonymous)] },
3290 silly tar     _eventsCount: 1,
3290 silly tar     _maxListeners: undefined,
3290 silly tar     writable: false,
3290 silly tar     readable: true,
3290 silly tar     extended: undefined,
3290 silly tar     globalExtended: undefined,
3290 silly tar     header: As {
3290 silly tar       cksumValid: true,
3290 silly tar       needPax: false,
3290 silly tar       nullBlock: false,
3290 silly tar       block: undefined,
3290 silly tar       path: 'package/dist/compiled/@babel/runtime/helpers/esm/arrayLikeToArray.js',
3290 silly tar       mode: 420,
3290 silly tar       uid: 0,
3290 silly tar       gid: 0,
3290 silly tar       size: 195,
3290 silly tar       cksum: 10380,
3290 silly tar       linkpath: '',
3290 silly tar       uname: '',
3290 silly tar       gname: '',
3290 silly tar       devmaj: 0,
3290 silly tar       devmin: 0,
3290 silly tar       atime: undefined,
3290 silly tar       ctime: undefined,
3290 silly tar       mtime: 1985-10-26T08:15:00.000Z,
3290 silly tar       charset: undefined,
3290 silly tar       comment: undefined
3290 silly tar     },
3290 silly tar     startBlockSize: 512,
3290 silly tar     blockRemain: 0,
3290 silly tar     remain: 0,
3290 silly tar     type: 'File',
3290 silly tar     meta: false,
3290 silly tar     ignore: false,
3290 silly tar     path: 'dist/compiled/@babel/runtime/helpers/esm/arrayLikeToArray.js',
3290 silly tar     mode: 438,
3290 silly tar     uid: 0,
3290 silly tar     gid: 0,
3290 silly tar     uname: '',
3290 silly tar     gname: '',
3290 silly tar     size: 195,
3290 silly tar     mtime: 1985-10-26T08:15:00.000Z,
3290 silly tar     atime: undefined,
3290 silly tar     ctime: undefined,
3290 silly tar     linkpath: undefined,
3290 silly tar     dev: undefined,
3290 silly tar     ino: undefined,
3290 silly tar     nlink: undefined,
3290 silly tar     invalid: false,
3290 silly tar     absolute: 'C:/Users/tarrs/Documents/Codex/2026-09-08/build-x20/frontend/node_modules/next/dist/compiled/@babel/runtime/helpers/esm/arrayLikeToArray.js',
3290 silly tar     unsupported: false,
3290 silly tar     Symbol(shapeMode): false,
3290 silly tar     Symbol(kCapture): false,
3290 silly tar     Symbol(flowing): false,
3290 silly tar     Symbol(paused): true,
3290 silly tar     Symbol(pipes): [],
3290 silly tar     Symbol(buffer): [
3290 silly tar       <Buffer 66 75 6e 63 74 69 6f 6e 20 5f 61 72 72 61 79 4c 69 6b 65 54 6f 41 72 72 61 79 28 72 2c 20 61 29 20 7b 0a 20 20 28 6e 75 6c 6c 20 3d 3d 20 61 20 7c 7c ... 145 more bytes>
3290 silly tar     ],
3290 silly tar     Symbol(objectMode): false,
3290 silly tar     Symbol(encoding): null,
3290 silly tar     Symbol(async): false,
3290 silly tar     Symbol(decoder): null,
3290 silly tar     Symbol(EOF): true,
3290 silly tar     Symbol(emittedEnd): false,
3290 silly tar     Symbol(emittingEnd): false,
3290 silly tar     Symbol(closed): false,
3290 silly tar     Symbol(emittedError): null,
3290 silly tar     Symbol(bufferLength): 195,
3290 silly tar     Symbol(destroyed): false,
3290 silly tar     Symbol(signal): undefined,
3290 silly tar     Symbol(aborted): false,
3290 silly tar     Symbol(dataListeners): 0,
3290 silly tar     Symbol(discarded): false
3290 silly tar   },
3290 silly tar   cwd: 'C:/Users/tarrs/Documents/Codex/2026-09-08/build-x20/frontend/node_modules/next',
3290 silly tar   tarCode: 'TAR_ENTRY_ERROR'
3290 silly tar }
3291 warn tar TAR_ENTRY_ERROR ENOENT: no such file or directory, lstat 'C:\Users\tarrs\Documents\Codex\2026-09-08\build-x20\frontend\node_modules\next\dist'
3292 silly tar TAR_ENTRY_ERROR ENOENT: no such file or directory, lstat 'C:\Users\tarrs\Documents\Codex\2026-09-08\build-x20\frontend\node_modules\next\dist' [Error: ENOENT: no such file or directory, lstat 'C:\Users\tarrs\Documents\Codex\2026-09-08\build-x20\frontend\node_modules\next\dist'] {
3292 silly tar   errno: -4058,
3292 silly tar   code: 'ENOENT',
3292 silly tar   syscall: 'lstat',
3292 silly tar   path: 'C:/Users/tarrs/Documents/Codex/2026-09-08/build-x20/frontend/node_modules/next/dist',
3292 silly tar   entry: Fs {
3292 silly tar     _events: [Object: null prototype] { end: [Function (anonymous)] },
3292 silly tar     _eventsCount: 1,
3292 silly tar     _maxListeners: undefined,
3292 silly tar     writable: false,
3292 silly tar     readable: true,
3292 silly tar     extended: undefined,
3292 silly tar     globalExtended: undefined,
3292 silly tar     header: As {
3292 silly tar       cksumValid: true,
3292 silly tar       needPax: false,
3292 silly tar       nullBlock: false,
3292 silly tar       block: undefined,
3292 silly tar       path: 'package/dist/compiled/@babel/runtime/helpers/arrayWithHoles.js',
3292 silly tar       mode: 420,
3292 silly tar       uid: 0,
3292 silly tar       gid: 0,
3292 silly tar       size: 177,
3292 silly tar       cksum: 9835,
3292 silly tar       linkpath: '',
3292 silly tar       uname: '',
3292 silly tar       gname: '',
3292 silly tar       devmaj: 0,
3292 silly tar       devmin: 0,
3292 silly tar       atime: undefined,
3292 silly tar       ctime: undefined,
3292 silly tar       mtime: 1985-10-26T08:15:00.000Z,
3292 silly tar       charset: undefined,
3292 silly tar       comment: undefined
3292 silly tar     },
3292 silly tar     startBlockSize: 512,
3292 silly tar     blockRemain: 0,
3292 silly tar     remain: 0,
3292 silly tar     type: 'File',
3292 silly tar     meta: false,
3292 silly tar     ignore: false,
3292 silly tar     path: 'dist/compiled/@babel/runtime/helpers/arrayWithHoles.js',
3292 silly tar     mode: 438,
3292 silly tar     uid: 0,
3292 silly tar     gid: 0,
3292 silly tar     uname: '',
3292 silly tar     gname: '',
3292 silly tar     size: 177,
3292 silly tar     mtime: 1985-10-26T08:15:00.000Z,
3292 silly tar     atime: undefined,
3292 silly tar     ctime: undefined,
3292 silly tar     linkpath: undefined,
3292 silly tar     dev: undefined,
3292 silly tar     ino: undefined,
3292 silly tar     nlink: undefined,
3292 silly tar     invalid: false,
3292 silly tar     absolute: 'C:/Users/tarrs/Documents/Codex/2026-09-08/build-x20/frontend/node_modules/next/dist/compiled/@babel/runtime/helpers/arrayWithHoles.js',
3292 silly tar     unsupported: false,
3292 silly tar     Symbol(shapeMode): false,
3292 silly tar     Symbol(kCapture): false,
3292 silly tar     Symbol(flowing): false,
3292 silly tar     Symbol(paused): true,
3292 silly tar     Symbol(pipes): [],
3292 silly tar     Symbol(buffer): [
3292 silly tar       <Buffer 66 75 6e 63 74 69 6f 6e 20 5f 61 72 72 61 79 57 69 74 68 48 6f 6c 65 73 28 72 29 20 7b 0a 20 20 69 66 20 28 41 72 72 61 79 2e 69 73 41 72 72 61 79 28 ... 127 more bytes>
3292 silly tar     ],
3292 silly tar     Symbol(objectMode): false,
3292 silly tar     Symbol(encoding): null,
3292 silly tar     Symbol(async): false,
3292 silly tar     Symbol(decoder): null,
3292 silly tar     Symbol(EOF): true,
3292 silly tar     Symbol(emittedEnd): false,
3292 silly tar     Symbol(emittingEnd): false,
3292 silly tar     Symbol(closed): false,
3292 silly tar     Symbol(emittedError): null,
3292 silly tar     Symbol(bufferLength): 177,
3292 silly tar     Symbol(destroyed): false,
3292 silly tar     Symbol(signal): undefined,
3292 silly tar     Symbol(aborted): false,
3292 silly tar     Symbol(dataListeners): 0,
3292 silly tar     Symbol(discarded): false
3292 silly tar   },
3292 silly tar   cwd: 'C:/Users/tarrs/Documents/Codex/2026-09-08/build-x20/frontend/node_modules/next',
3292 silly tar   tarCode: 'TAR_ENTRY_ERROR'
3292 silly tar }
3293 warn tar TAR_ENTRY_ERROR ENOENT: no such file or directory, lstat 'C:\Users\tarrs\Documents\Codex\2026-09-08\build-x20\frontend\node_modules\next\dist'
3294 silly tar TAR_ENTRY_ERROR ENOENT: no such file or directory, lstat 'C:\Users\tarrs\Documents\Codex\2026-09-08\build-x20\frontend\node_modules\next\dist' [Error: ENOENT: no such file or directory, lstat 'C:\Users\tarrs\Documents\Codex\2026-09-08\build-x20\frontend\node_modules\next\dist'] {
3294 silly tar   errno: -4058,
3294 silly tar   code: 'ENOENT',
3294 silly tar   syscall: 'lstat',
3294 silly tar   path: 'C:/Users/tarrs/Documents/Codex/2026-09-08/build-x20/frontend/node_modules/next/dist',
3294 silly tar   entry: Fs {
3294 silly tar     _events: [Object: null prototype] { end: [Function (anonymous)] },
3294 silly tar     _eventsCount: 1,
3294 silly tar     _maxListeners: undefined,
3294 silly tar     writable: false,
3294 silly tar     readable: true,
3294 silly tar     extended: undefined,
3294 silly tar     globalExtended: undefined,
3294 silly tar     header: As {
3294 silly tar       cksumValid: true,
3294 silly tar       needPax: false,
3294 silly tar       nullBlock: false,
3294 silly tar       block: undefined,
3294 silly tar       path: 'package/dist/compiled/@babel/runtime/helpers/esm/arrayWithHoles.js',
3294 silly tar       mode: 420,
3294 silly tar       uid: 0,
3294 silly tar       gid: 0,
3294 silly tar       size: 104,
3294 silly tar       cksum: 10204,
3294 silly tar       linkpath: '',
3294 silly tar       uname: '',
3294 silly tar       gname: '',
3294 silly tar       devmaj: 0,
3294 silly tar       devmin: 0,
3294 silly tar       atime: undefined,
3294 silly tar       ctime: undefined,
3294 silly tar       mtime: 1985-10-26T08:15:00.000Z,
3294 silly tar       charset: undefined,
3294 silly tar       comment: undefined
3294 silly tar     },
3294 silly tar     startBlockSize: 512,
3294 silly tar     blockRemain: 0,
3294 silly tar     remain: 0,
3294 silly tar     type: 'File',
3294 silly tar     meta: false,
3294 silly tar     ignore: false,
3294 silly tar     path: 'dist/compiled/@babel/runtime/helpers/esm/arrayWithHoles.js',
3294 silly tar     mode: 438,
3294 silly tar     uid: 0,
3294 silly tar     gid: 0,
3294 silly tar     uname: '',
3294 silly tar     gname: '',
3294 silly tar     size: 104,
3294 silly tar     mtime: 1985-10-26T08:15:00.000Z,
3294 silly tar     atime: undefined,
3294 silly tar     ctime: undefined,
3294 silly tar     linkpath: undefined,
3294 silly tar     dev: undefined,
3294 silly tar     ino: undefined,
3294 silly tar     nlink: undefined,
3294 silly tar     invalid: false,
3294 silly tar     absolute: 'C:/Users/tarrs/Documents/Codex/2026-09-08/build-x20/frontend/node_modules/next/dist/compiled/@babel/runtime/helpers/esm/arrayWithHoles.js',
3294 silly tar     unsupported: false,
3294 silly tar     Symbol(shapeMode): false,
3294 silly tar     Symbol(kCapture): false,
3294 silly tar     Symbol(flowing): false,
3294 silly tar     Symbol(paused): true,
3294 silly tar     Symbol(pipes): [],
3294 silly tar     Symbol(buffer): [
3294 silly tar       <Buffer 66 75 6e 63 74 69 6f 6e 20 5f 61 72 72 61 79 57 69 74 68 48 6f 6c 65 73 28 72 29 20 7b 0a 20 20 69 66 20 28 41 72 72 61 79 2e 69 73 41 72 72 61 79 28 ... 54 more bytes>
3294 silly tar     ],
3294 silly tar     Symbol(objectMode): false,
3294 silly tar     Symbol(encoding): null,
3294 silly tar     Symbol(async): false,
3294 silly tar     Symbol(decoder): null,
3294 silly tar     Symbol(EOF): true,
3294 silly tar     Symbol(emittedEnd): false,
3294 silly tar     Symbol(emittingEnd): false,
3294 silly tar     Symbol(closed): false,
3294 silly tar     Symbol(emittedError): null,
3294 silly tar     Symbol(bufferLength): 104,
3294 silly tar     Symbol(destroyed): false,
3294 silly tar     Symbol(signal): undefined,
3294 silly tar     Symbol(aborted): false,
3294 silly tar     Symbol(dataListeners): 0,
3294 silly tar     Symbol(discarded): false
3294 silly tar   },
3294 silly tar   cwd: 'C:/Users/tarrs/Documents/Codex/2026-09-08/build-x20/frontend/node_modules/next',
3294 silly tar   tarCode: 'TAR_ENTRY_ERROR'
3294 silly tar }
3295 warn tar TAR_ENTRY_ERROR ENOENT: no such file or directory, lstat 'C:\Users\tarrs\Documents\Codex\2026-09-08\build-x20\frontend\node_modules\next\dist'
3296 silly tar TAR_ENTRY_ERROR ENOENT: no such file or directory, lstat 'C:\Users\tarrs\Documents\Codex\2026-09-08\build-x20\frontend\node_modules\next\dist' [Error: ENOENT: no such file or directory, lstat 'C:\Users\tarrs\Documents\Codex\2026-09-08\build-x20\frontend\node_modules\next\dist'] {
3296 silly tar   errno: -4058,
3296 silly tar   code: 'ENOENT',
3296 silly tar   syscall: 'lstat',
3296 silly tar   path: 'C:/Users/tarrs/Documents/Codex/2026-09-08/build-x20/frontend/node_modules/next/dist',
3296 silly tar   entry: Fs {
3296 silly tar     _events: [Object: null prototype] { end: [Function (anonymous)] },
3296 silly tar     _eventsCount: 1,
3296 silly tar     _maxListeners: undefined,
3296 silly tar     writable: false,
3296 silly tar     readable: true,
3296 silly tar     extended: undefined,
3296 silly tar     globalExtended: undefined,
3296 silly tar     header: As {
3296 silly tar       cksumValid: true,
3296 silly tar       needPax: false,
3296 silly tar       nullBlock: false,
3296 silly tar       block: undefined,
3296 silly tar       path: 'package/dist/compiled/@babel/runtime/helpers/arrayWithoutHoles.js',
3296 silly tar       mode: 420,
3296 silly tar       uid: 0,
3296 silly tar       gid: 0,
3296 silly tar       size: 258,
3296 silly tar       cksum: 10176,
3296 silly tar       linkpath: '',
3296 silly tar       uname: '',
3296 silly tar       gname: '',
3296 silly tar       devmaj: 0,
3296 silly tar       devmin: 0,
3296 silly tar       atime: undefined,
3296 silly tar       ctime: undefined,
3296 silly tar       mtime: 1985-10-26T08:15:00.000Z,
3296 silly tar       charset: undefined,
3296 silly tar       comment: undefined
3296 silly tar     },
3296 silly tar     startBlockSize: 512,
3296 silly tar     blockRemain: 0,
3296 silly tar     remain: 0,
3296 silly tar     type: 'File',
3296 silly tar     meta: false,
3296 silly tar     ignore: false,
3296 silly tar     path: 'dist/compiled/@babel/runtime/helpers/arrayWithoutHoles.js',
3296 silly tar     mode: 438,
3296 silly tar     uid: 0,
3296 silly tar     gid: 0,
3296 silly tar     uname: '',
3296 silly tar     gname: '',
3296 silly tar     size: 258,
3296 silly tar     mtime: 1985-10-26T08:15:00.000Z,
3296 silly tar     atime: undefined,
3296 silly tar     ctime: undefined,
3296 silly tar     linkpath: undefined,
3296 silly tar     dev: undefined,
3296 silly tar     ino: undefined,
3296 silly tar     nlink: undefined,
3296 silly tar     invalid: false,
3296 silly tar     absolute: 'C:/Users/tarrs/Documents/Codex/2026-09-08/build-x20/frontend/node_modules/next/dist/compiled/@babel/runtime/helpers/arrayWithoutHoles.js',
3296 silly tar     unsupported: false,
3296 silly tar     Symbol(shapeMode): false,
3296 silly tar     Symbol(kCapture): false,
3296 silly tar     Symbol(flowing): false,
3296 silly tar     Symbol(paused): true,
3296 silly tar     Symbol(pipes): [],
3296 silly tar     Symbol(buffer): [
3296 silly tar       <Buffer 76 61 72 20 61 72 72 61 79 4c 69 6b 65 54 6f 41 72 72 61 79 20 3d 20 72 65 71 75 69 72 65 28 22 2e 2f 61 72 72 61 79 4c 69 6b 65 54 6f 41 72 72 61 79 ... 208 more bytes>
3296 silly tar     ],
3296 silly tar     Symbol(objectMode): false,
3296 silly tar     Symbol(encoding): null,
3296 silly tar     Symbol(async): false,
3296 silly tar     Symbol(decoder): null,
3296 silly tar     Symbol(EOF): true,
3296 silly tar     Symbol(emittedEnd): false,
3296 silly tar     Symbol(emittingEnd): false,
3296 silly tar     Symbol(closed): false,
3296 silly tar     Symbol(emittedError): null,
3296 silly tar     Symbol(bufferLength): 258,
3296 silly tar     Symbol(destroyed): false,
3296 silly tar     Symbol(signal): undefined,
3296 silly tar     Symbol(aborted): false,
3296 silly tar     Symbol(dataListeners): 0,
3296 silly tar     Symbol(discarded): false
3296 silly tar   },
3296 silly tar   cwd: 'C:/Users/tarrs/Documents/Codex/2026-09-08/build-x20/frontend/node_modules/next',
3296 silly tar   tarCode: 'TAR_ENTRY_ERROR'
3296 silly tar }
3297 warn tar TAR_ENTRY_ERROR ENOENT: no such file or directory, lstat 'C:\Users\tarrs\Documents\Codex\2026-09-08\build-x20\frontend\node_modules\next\dist'
3298 silly tar TAR_ENTRY_ERROR ENOENT: no such file or directory, lstat 'C:\Users\tarrs\Documents\Codex\2026-09-08\build-x20\frontend\node_modules\next\dist' [Error: ENOENT: no such file or directory, lstat 'C:\Users\tarrs\Documents\Codex\2026-09-08\build-x20\frontend\node_modules\next\dist'] {
3298 silly tar   errno: -4058,
3298 silly tar   code: 'ENOENT',
3298 silly tar   syscall: 'lstat',
3298 silly tar   path: 'C:/Users/tarrs/Documents/Codex/2026-09-08/build-x20/frontend/node_modules/next/dist',
3298 silly tar   entry: Fs {
3298 silly tar     _events: [Object: null prototype] { end: [Function (anonymous)] },
3298 silly tar     _eventsCount: 1,
3298 silly tar     _maxListeners: undefined,
3298 silly tar     writable: false,
3298 silly tar     readable: true,
3298 silly tar     extended: undefined,
3298 silly tar     globalExtended: undefined,
3298 silly tar     header: As {
3298 silly tar       cksumValid: true,
3298 silly tar       needPax: false,
3298 silly tar       nullBlock: false,
3298 silly tar       block: undefined,
3298 silly tar       path: 'package/dist/compiled/@babel/runtime/helpers/esm/arrayWithoutHoles.js',
3298 silly tar       mode: 420,
3298 silly tar       uid: 0,
3298 silly tar       gid: 0,
3298 silly tar       size: 182,
3298 silly tar       cksum: 10556,
3298 silly tar       linkpath: '',
3298 silly tar       uname: '',
3298 silly tar       gname: '',
3298 silly tar       devmaj: 0,
3298 silly tar       devmin: 0,
3298 silly tar       atime: undefined,
3298 silly tar       ctime: undefined,
3298 silly tar       mtime: 1985-10-26T08:15:00.000Z,
3298 silly tar       charset: undefined,
3298 silly tar       comment: undefined
3298 silly tar     },
3298 silly tar     startBlockSize: 512,
3298 silly tar     blockRemain: 0,
3298 silly tar     remain: 0,
3298 silly tar     type: 'File',
3298 silly tar     meta: false,
3298 silly tar     ignore: false,
3298 silly tar     path: 'dist/compiled/@babel/runtime/helpers/esm/arrayWithoutHoles.js',
3298 silly tar     mode: 438,
3298 silly tar     uid: 0,
3298 silly tar     gid: 0,
3298 silly tar     uname: '',
3298 silly tar     gname: '',
3298 silly tar     size: 182,
3298 silly tar     mtime: 1985-10-26T08:15:00.000Z,
3298 silly tar     atime: undefined,
3298 silly tar     ctime: undefined,
3298 silly tar     linkpath: undefined,
3298 silly tar     dev: undefined,
3298 silly tar     ino: undefined,
3298 silly tar     nlink: undefined,
3298 silly tar     invalid: false,
3298 silly tar     absolute: 'C:/Users/tarrs/Documents/Codex/2026-09-08/build-x20/frontend/node_modules/next/dist/compiled/@babel/runtime/helpers/esm/arrayWithoutHoles.js',
3298 silly tar     unsupported: false,
3298 silly tar     Symbol(shapeMode): false,
3298 silly tar     Symbol(kCapture): false,
3298 silly tar     Symbol(flowing): false,
3298 silly tar     Symbol(paused): true,
3298 silly tar     Symbol(pipes): [],
3298 silly tar     Symbol(buffer): [
3298 silly tar       <Buffer 69 6d 70 6f 72 74 20 61 72 72 61 79 4c 69 6b 65 54 6f 41 72 72 61 79 20 66 72 6f 6d 20 22 2e 2f 61 72 72 61 79 4c 69 6b 65 54 6f 41 72 72 61 79 2e 6a ... 132 more bytes>
3298 silly tar     ],
3298 silly tar     Symbol(objectMode): false,
3298 silly tar     Symbol(encoding): null,
3298 silly tar     Symbol(async): false,
3298 silly tar     Symbol(decoder): null,
3298 silly tar     Symbol(EOF): true,
3298 silly tar     Symbol(emittedEnd): false,
3298 silly tar     Symbol(emittingEnd): false,
3298 silly tar     Symbol(closed): false,
3298 silly tar     Symbol(emittedError): null,
3298 silly tar     Symbol(bufferLength): 182,
3298 silly tar     Symbol(destroyed): false,
3298 silly tar     Symbol(signal): undefined,
3298 silly tar     Symbol(aborted): false,
3298 silly tar     Symbol(dataListeners): 0,
3298 silly tar     Symbol(discarded): false
3298 silly tar   },
3298 silly tar   cwd: 'C:/Users/tarrs/Documents/Codex/2026-09-08/build-x20/frontend/node_modules/next',
3298 silly tar   tarCode: 'TAR_ENTRY_ERROR'
3298 silly tar }
3299 warn tar TAR_ENTRY_ERROR ENOENT: no such file or directory, lstat 'C:\Users\tarrs\Documents\Codex\2026-09-08\build-x20\frontend\node_modules\react-dom\cjs'
3300 silly tar TAR_ENTRY_ERROR ENOENT: no such file or directory, lstat 'C:\Users\tarrs\Documents\Codex\2026-09-08\build-x20\frontend\node_modules\react-dom\cjs' [Error: ENOENT: no such file or directory, lstat 'C:\Users\tarrs\Documents\Codex\2026-09-08\build-x20\frontend\node_modules\react-dom\cjs'] {
3300 silly tar   errno: -4058,
3300 silly tar   code: 'ENOENT',
3300 silly tar   syscall: 'lstat',
3300 silly tar   path: 'C:/Users/tarrs/Documents/Codex/2026-09-08/build-x20/frontend/node_modules/react-dom/cjs',
3300 silly tar   entry: Fs {
3300 silly tar     _events: [Object: null prototype] {
3300 silly tar       end: [Function (anonymous)],
3300 silly tar       drain: [Function]
3300 silly tar     },
3300 silly tar     _eventsCount: 2,
3300 silly tar     _maxListeners: undefined,
3300 silly tar     writable: true,
3300 silly tar     readable: true,
3300 silly tar     extended: undefined,
3300 silly tar     globalExtended: undefined,
3300 silly tar     header: As {
3300 silly tar       cksumValid: true,
3300 silly tar       needPax: false,
3300 silly tar       nullBlock: false,
3300 silly tar       block: undefined,
3300 silly tar       path: 'package/cjs/react-dom-server.bun.development.js',
3300 silly tar       mode: 420,
3300 silly tar       uid: undefined,
3300 silly tar       gid: undefined,
3300 silly tar       size: 354659,
3300 silly tar       cksum: 7615,
3300 silly tar       linkpath: '',
3300 silly tar       uname: '',
3300 silly tar       gname: '',
3300 silly tar       devmaj: 0,
3300 silly tar       devmin: 0,
3300 silly tar       atime: undefined,
3300 silly tar       ctime: undefined,
3300 silly tar       mtime: 1985-10-26T08:15:00.000Z,
3300 silly tar       charset: undefined,
3300 silly tar       comment: undefined
3300 silly tar     },
3300 silly tar     startBlockSize: 354816,
3300 silly tar     blockRemain: 347331,
3300 silly tar     remain: 347174,
3300 silly tar     type: 'File',
3300 silly tar     meta: false,
3300 silly tar     ignore: false,
3300 silly tar     path: 'cjs/react-dom-server.bun.development.js',
3300 silly tar     mode: 438,
3300 silly tar     uid: undefined,
3300 silly tar     gid: undefined,
3300 silly tar     uname: '',
3300 silly tar     gname: '',
3300 silly tar     size: 354659,
3300 silly tar     mtime: 1985-10-26T08:15:00.000Z,
3300 silly tar     atime: undefined,
3300 silly tar     ctime: undefined,
3300 silly tar     linkpath: undefined,
3300 silly tar     dev: undefined,
3300 silly tar     ino: undefined,
3300 silly tar     nlink: undefined,
3300 silly tar     invalid: false,
3300 silly tar     absolute: 'C:/Users/tarrs/Documents/Codex/2026-09-08/build-x20/frontend/node_modules/react-dom/cjs/react-dom-server.bun.development.js',
3300 silly tar     unsupported: false,
3300 silly tar     Symbol(shapeMode): false,
3300 silly tar     Symbol(kCapture): false,
3300 silly tar     Symbol(flowing): false,
3300 silly tar     Symbol(paused): true,
3300 silly tar     Symbol(pipes): [],
3300 silly tar     Symbol(buffer): [
3300 silly tar       <Buffer 2f 2a 2a 0a 2a 20 40 6c 69 63 65 6e 73 65 20 52 65 61 63 74 0a 20 2a 20 72 65 61 63 74 2d 64 6f 6d 2d 73 65 72 76 65 72 2e 62 75 6e 2e 64 65 76 65 6c ... 7435 more bytes>
3300 silly tar     ],
3300 silly tar     Symbol(objectMode): false,
3300 silly tar     Symbol(encoding): null,
3300 silly tar     Symbol(async): false,
3300 silly tar     Symbol(decoder): null,
3300 silly tar     Symbol(EOF): false,
3300 silly tar     Symbol(emittedEnd): false,
3300 silly tar     Symbol(emittingEnd): false,
3300 silly tar     Symbol(closed): false,
3300 silly tar     Symbol(emittedError): null,
3300 silly tar     Symbol(bufferLength): 7485,
3300 silly tar     Symbol(destroyed): false,
3300 silly tar     Symbol(signal): undefined,
3300 silly tar     Symbol(aborted): false,
3300 silly tar     Symbol(dataListeners): 0,
3300 silly tar     Symbol(discarded): false
3300 silly tar   },
3300 silly tar   cwd: 'C:/Users/tarrs/Documents/Codex/2026-09-08/build-x20/frontend/node_modules/react-dom',
3300 silly tar   tarCode: 'TAR_ENTRY_ERROR'
3300 silly tar }
3301 warn tar TAR_ENTRY_ERROR ENOENT: no such file or directory, lstat 'C:\Users\tarrs\Documents\Codex\2026-09-08\build-x20\frontend\node_modules\next\dist'
3302 silly tar TAR_ENTRY_ERROR ENOENT: no such file or directory, lstat 'C:\Users\tarrs\Documents\Codex\2026-09-08\build-x20\frontend\node_modules\next\dist' [Error: ENOENT: no such file or directory, lstat 'C:\Users\tarrs\Documents\Codex\2026-09-08\build-x20\frontend\node_modules\next\dist'] {
3302 silly tar   errno: -4058,
3302 silly tar   code: 'ENOENT',
3302 silly tar   syscall: 'lstat',
3302 silly tar   path: 'C:/Users/tarrs/Documents/Codex/2026-09-08/build-x20/frontend/node_modules/next/dist',
3302 silly tar   entry: Fs {
3302 silly tar     _events: [Object: null prototype] { end: [Function (anonymous)] },
3302 silly tar     _eventsCount: 1,
3302 silly tar     _maxListeners: undefined,
3302 silly tar     writable: false,
3302 silly tar     readable: true,
3302 silly tar     extended: undefined,
3302 silly tar     globalExtended: undefined,
3302 silly tar     header: As {
3302 silly tar       cksumValid: true,
3302 silly tar       needPax: false,
3302 silly tar       nullBlock: false,
3302 silly tar       block: undefined,
3302 silly tar       path: 'package/dist/esm/shared/lib/router/utils/as-path-to-search-params.js',
3302 silly tar       mode: 420,
3302 silly tar       uid: 0,
3302 silly tar       gid: 0,
3302 silly tar       size: 262,
3302 silly tar       cksum: 10306,
3302 silly tar       linkpath: '',
3302 silly tar       uname: '',
3302 silly tar       gname: '',
3302 silly tar       devmaj: 0,
3302 silly tar       devmin: 0,
3302 silly tar       atime: undefined,
3302 silly tar       ctime: undefined,
3302 silly tar       mtime: 1985-10-26T08:15:00.000Z,
3302 silly tar       charset: undefined,
3302 silly tar       comment: undefined
3302 silly tar     },
3302 silly tar     startBlockSize: 512,
3302 silly tar     blockRemain: 0,
3302 silly tar     remain: 0,
3302 silly tar     type: 'File',
3302 silly tar     meta: false,
3302 silly tar     ignore: false,
3302 silly tar     path: 'dist/esm/shared/lib/router/utils/as-path-to-search-params.js',
3302 silly tar     mode: 438,
3302 silly tar     uid: 0,
3302 silly tar     gid: 0,
3302 silly tar     uname: '',
3302 silly tar     gname: '',
3302 silly tar     size: 262,
3302 silly tar     mtime: 1985-10-26T08:15:00.000Z,
3302 silly tar     atime: undefined,
3302 silly tar     ctime: undefined,
3302 silly tar     linkpath: undefined,
3302 silly tar     dev: undefined,
3302 silly tar     ino: undefined,
3302 silly tar     nlink: undefined,
3302 silly tar     invalid: false,
3302 silly tar     absolute: 'C:/Users/tarrs/Documents/Codex/2026-09-08/build-x20/frontend/node_modules/next/dist/esm/shared/lib/router/utils/as-path-to-search-params.js',
3302 silly tar     unsupported: false,
3302 silly tar     Symbol(shapeMode): false,
3302 silly tar     Symbol(kCapture): false,
3302 silly tar     Symbol(flowing): false,
3302 silly tar     Symbol(paused): true,
3302 silly tar     Symbol(pipes): [],
3302 silly tar     Symbol(buffer): [
3302 silly tar       <Buffer 2f 2f 20 43 6f 6e 76 65 72 74 20 72 6f 75 74 65 72 2e 61 73 50 61 74 68 20 74 6f 20 61 20 55 52 4c 53 65 61 72 63 68 50 61 72 61 6d 73 20 6f 62 6a 65 ... 212 more bytes>
3302 silly tar     ],
3302 silly tar     Symbol(objectMode): false,
3302 silly tar     Symbol(encoding): null,
3302 silly tar     Symbol(async): false,
3302 silly tar     Symbol(decoder): null,
3302 silly tar     Symbol(EOF): true,
3302 silly tar     Symbol(emittedEnd): false,
3302 silly tar     Symbol(emittingEnd): false,
3302 silly tar     Symbol(closed): false,
3302 silly tar     Symbol(emittedError): null,
3302 silly tar     Symbol(bufferLength): 262,
3302 silly tar     Symbol(destroyed): false,
3302 silly tar     Symbol(signal): undefined,
3302 silly tar     Symbol(aborted): false,
3302 silly tar     Symbol(dataListeners): 0,
3302 silly tar     Symbol(discarded): false
3302 silly tar   },
3302 silly tar   cwd: 'C:/Users/tarrs/Documents/Codex/2026-09-08/build-x20/frontend/node_modules/next',
3302 silly tar   tarCode: 'TAR_ENTRY_ERROR'
3302 silly tar }
3303 warn tar TAR_ENTRY_ERROR ENOENT: no such file or directory, lstat 'C:\Users\tarrs\Documents\Codex\2026-09-08\build-x20\frontend\node_modules\next\dist'
3304 silly tar TAR_ENTRY_ERROR ENOENT: no such file or directory, lstat 'C:\Users\tarrs\Documents\Codex\2026-09-08\build-x20\frontend\node_modules\next\dist' [Error: ENOENT: no such file or directory, lstat 'C:\Users\tarrs\Documents\Codex\2026-09-08\build-x20\frontend\node_modules\next\dist'] {
3304 silly tar   errno: -4058,
3304 silly tar   code: 'ENOENT',
3304 silly tar   syscall: 'lstat',
3304 silly tar   path: 'C:/Users/tarrs/Documents/Codex/2026-09-08/build-x20/frontend/node_modules/next/dist',
3304 silly tar   entry: Fs {
3304 silly tar     _events: [Object: null prototype] { end: [Function (anonymous)] },
3304 silly tar     _eventsCount: 1,
3304 silly tar     _maxListeners: undefined,
3304 silly tar     writable: false,
3304 silly tar     readable: true,
3304 silly tar     extended: undefined,
3304 silly tar     globalExtended: undefined,
3304 silly tar     header: As {
3304 silly tar       cksumValid: true,
3304 silly tar       needPax: false,
3304 silly tar       nullBlock: false,
3304 silly tar       block: undefined,
3304 silly tar       path: 'package/dist/shared/lib/router/utils/as-path-to-search-params.js',
3304 silly tar       mode: 420,
3304 silly tar       uid: 0,
3304 silly tar       gid: 0,
3304 silly tar       size: 484,
3304 silly tar       cksum: 9939,
3304 silly tar       linkpath: '',
3304 silly tar       uname: '',
3304 silly tar       gname: '',
3304 silly tar       devmaj: 0,
3304 silly tar       devmin: 0,
3304 silly tar       atime: undefined,
3304 silly tar       ctime: undefined,
3304 silly tar       mtime: 1985-10-26T08:15:00.000Z,
3304 silly tar       charset: undefined,
3304 silly tar       comment: undefined
3304 silly tar     },
3304 silly tar     startBlockSize: 512,
3304 silly tar     blockRemain: 0,
3304 silly tar     remain: 0,
3304 silly tar     type: 'File',
3304 silly tar     meta: false,
3304 silly tar     ignore: false,
3304 silly tar     path: 'dist/shared/lib/router/utils/as-path-to-search-params.js',
3304 silly tar     mode: 438,
3304 silly tar     uid: 0,
3304 silly tar     gid: 0,
3304 silly tar     uname: '',
3304 silly tar     gname: '',
3304 silly tar     size: 484,
3304 silly tar     mtime: 1985-10-26T08:15:00.000Z,
3304 silly tar     atime: undefined,
3304 silly tar     ctime: undefined,
3304 silly tar     linkpath: undefined,
3304 silly tar     dev: undefined,
3304 silly tar     ino: undefined,
3304 silly tar     nlink: undefined,
3304 silly tar     invalid: false,
3304 silly tar     absolute: 'C:/Users/tarrs/Documents/Codex/2026-09-08/build-x20/frontend/node_modules/next/dist/shared/lib/router/utils/as-path-to-search-params.js',
3304 silly tar     unsupported: false,
3304 silly tar     Symbol(shapeMode): false,
3304 silly tar     Symbol(kCapture): false,
3304 silly tar     Symbol(flowing): false,
3304 silly tar     Symbol(paused): true,
3304 silly tar     Symbol(pipes): [],
3304 silly tar     Symbol(buffer): [
3304 silly tar       <Buffer 2f 2f 20 43 6f 6e 76 65 72 74 20 72 6f 75 74 65 72 2e 61 73 50 61 74 68 20 74 6f 20 61 20 55 52 4c 53 65 61 72 63 68 50 61 72 61 6d 73 20 6f 62 6a 65 ... 434 more bytes>
3304 silly tar     ],
3304 silly tar     Symbol(objectMode): false,
3304 silly tar     Symbol(encoding): null,
3304 silly tar     Symbol(async): false,
3304 silly tar     Symbol(decoder): null,
3304 silly tar     Symbol(EOF): true,
3304 silly tar     Symbol(emittedEnd): false,
3304 silly tar     Symbol(emittingEnd): false,
3304 silly tar     Symbol(closed): false,
3304 silly tar     Symbol(emittedError): null,
3304 silly tar     Symbol(bufferLength): 484,
3304 silly tar     Symbol(destroyed): false,
3304 silly tar     Symbol(signal): undefined,
3304 silly tar     Symbol(aborted): false,
3304 silly tar     Symbol(dataListeners): 0,
3304 silly tar     Symbol(discarded): false
3304 silly tar   },
3304 silly tar   cwd: 'C:/Users/tarrs/Documents/Codex/2026-09-08/build-x20/frontend/node_modules/next',
3304 silly tar   tarCode: 'TAR_ENTRY_ERROR'
3304 silly tar }
3305 warn tar TAR_ENTRY_ERROR ENOENT: no such file or directory, lstat 'C:\Users\tarrs\Documents\Codex\2026-09-08\build-x20\frontend\node_modules\next\dist'
3306 silly tar TAR_ENTRY_ERROR ENOENT: no such file or directory, lstat 'C:\Users\tarrs\Documents\Codex\2026-09-08\build-x20\frontend\node_modules\next\dist' [Error: ENOENT: no such file or directory, lstat 'C:\Users\tarrs\Documents\Codex\2026-09-08\build-x20\frontend\node_modules\next\dist'] {
3306 silly tar   errno: -4058,
3306 silly tar   code: 'ENOENT',
3306 silly tar   syscall: 'lstat',
3306 silly tar   path: 'C:/Users/tarrs/Documents/Codex/2026-09-08/build-x20/frontend/node_modules/next/dist',
3306 silly tar   entry: Fs {
3306 silly tar     _events: [Object: null prototype] {
3306 silly tar       end: [Function (anonymous)],
3306 silly tar       drain: [Function]
3306 silly tar     },
3306 silly tar     _eventsCount: 2,
3306 silly tar     _maxListeners: undefined,
3306 silly tar     writable: true,
3306 silly tar     readable: true,
3306 silly tar     extended: undefined,
3306 silly tar     globalExtended: undefined,
3306 silly tar     header: As {
3306 silly tar       cksumValid: true,
3306 silly tar       needPax: false,
3306 silly tar       nullBlock: false,
3306 silly tar       block: undefined,
3306 silly tar       path: 'package/dist/compiled/assert/assert.js',
3306 silly tar       mode: 420,
3306 silly tar       uid: 0,
3306 silly tar       gid: 0,
3306 silly tar       size: 71076,
3306 silly tar       cksum: 7512,
3306 silly tar       linkpath: '',
3306 silly tar       uname: '',
3306 silly tar       gname: '',
3306 silly tar       devmaj: 0,
3306 silly tar       devmin: 0,
3306 silly tar       atime: undefined,
3306 silly tar       ctime: undefined,
3306 silly tar       mtime: 1985-10-26T08:15:00.000Z,
3306 silly tar       charset: undefined,
3306 silly tar       comment: undefined
3306 silly tar     },
3306 silly tar     startBlockSize: 71168,
3306 silly tar     blockRemain: 16848,
3306 silly tar     remain: 16756,
3306 silly tar     type: 'File',
3306 silly tar     meta: false,
3306 silly tar     ignore: false,
3306 silly tar     path: 'dist/compiled/assert/assert.js',
3306 silly tar     mode: 438,
3306 silly tar     uid: 0,
3306 silly tar     gid: 0,
3306 silly tar     uname: '',
3306 silly tar     gname: '',
3306 silly tar     size: 71076,
3306 silly tar     mtime: 1985-10-26T08:15:00.000Z,
3306 silly tar     atime: undefined,
3306 silly tar     ctime: undefined,
3306 silly tar     linkpath: undefined,
3306 silly tar     dev: undefined,
3306 silly tar     ino: undefined,
3306 silly tar     nlink: undefined,
3306 silly tar     invalid: false,
3306 silly tar     absolute: 'C:/Users/tarrs/Documents/Codex/2026-09-08/build-x20/frontend/node_modules/next/dist/compiled/assert/assert.js',
3306 silly tar     unsupported: false,
3306 silly tar     Symbol(shapeMode): false,
3306 silly tar     Symbol(kCapture): false,
3306 silly tar     Symbol(flowing): false,
3306 silly tar     Symbol(paused): true,
3306 silly tar     Symbol(pipes): [],
3306 silly tar     Symbol(buffer): [
3306 silly tar       <Buffer 28 66 75 6e 63 74 69 6f 6e 28 29 7b 76 61 72 20 65 3d 7b 39 39 32 3a 66 75 6e 63 74 69 6f 6e 28 65 29 7b 65 2e 65 78 70 6f 72 74 73 3d 66 75 6e 63 74 ... 7081 more bytes>,
3306 silly tar       <Buffer 70 65 72 61 74 6f 72 3a 65 2e 6e 61 6d 65 2c 6d 65 73 73 61 67 65 3a 22 4d 69 73 73 69 6e 67 20 65 78 70 65 63 74 65 64 20 22 2e 63 6f 6e 63 61 74 28 ... 16334 more bytes>,
3306 silly tar       <Buffer 72 6e 20 5f 61 72 72 61 79 57 69 74 68 48 6f 6c 65 73 28 65 29 7c 7c 5f 69 74 65 72 61 62 6c 65 54 6f 41 72 72 61 79 4c 69 6d 69 74 28 65 2c 74 29 7c ... 16334 more bytes>,
3306 silly tar       <Buffer 64 65 66 69 6e 65 64 22 3f 6e 3a 57 65 61 6b 4d 61 70 2c 22 25 57 65 61 6b 52 65 66 25 22 3a 74 79 70 65 6f 66 20 57 65 61 6b 52 65 66 3d 3d 3d 22 75 ... 14371 more bytes>
3306 silly tar     ],
3306 silly tar     Symbol(objectMode): false,
3306 silly tar     Symbol(encoding): null,
3306 silly tar     Symbol(async): false,
3306 silly tar     Symbol(decoder): null,
3306 silly tar     Symbol(EOF): false,
3306 silly tar     Symbol(emittedEnd): false,
3306 silly tar     Symbol(emittingEnd): false,
3306 silly tar     Symbol(closed): false,
3306 silly tar     Symbol(emittedError): null,
3306 silly tar     Symbol(bufferLength): 54320,
3306 silly tar     Symbol(destroyed): false,
3306 silly tar     Symbol(signal): undefined,
3306 silly tar     Symbol(aborted): false,
3306 silly tar     Symbol(dataListeners): 0,
3306 silly tar     Symbol(discarded): false
3306 silly tar   },
3306 silly tar   cwd: 'C:/Users/tarrs/Documents/Codex/2026-09-08/build-x20/frontend/node_modules/next',
3306 silly tar   tarCode: 'TAR_ENTRY_ERROR'
3306 silly tar }
3307 warn tar TAR_ENTRY_ERROR ENOENT: no such file or directory, lstat 'C:\Users\tarrs\Documents\Codex\2026-09-08\build-x20\frontend\node_modules\next\dist'
3308 silly tar TAR_ENTRY_ERROR ENOENT: no such file or directory, lstat 'C:\Users\tarrs\Documents\Codex\2026-09-08\build-x20\frontend\node_modules\next\dist' [Error: ENOENT: no such file or directory, lstat 'C:\Users\tarrs\Documents\Codex\2026-09-08\build-x20\frontend\node_modules\next\dist'] {
3308 silly tar   errno: -4058,
3308 silly tar   code: 'ENOENT',
3308 silly tar   syscall: 'lstat',
3308 silly tar   path: 'C:/Users/tarrs/Documents/Codex/2026-09-08/build-x20/frontend/node_modules/next/dist',
3308 silly tar   entry: Fs {
3308 silly tar     _events: [Object: null prototype] { end: [Function (anonymous)] },
3308 silly tar     _eventsCount: 1,
3308 silly tar     _maxListeners: undefined,
3308 silly tar     writable: false,
3308 silly tar     readable: true,
3308 silly tar     extended: undefined,
3308 silly tar     globalExtended: undefined,
3308 silly tar     header: As {
3308 silly tar       cksumValid: true,
3308 silly tar       needPax: false,
3308 silly tar       nullBlock: false,
3308 silly tar       block: undefined,
3308 silly tar       path: 'package/dist/compiled/@babel/runtime/helpers/assertClassBrand.js',
3308 silly tar       mode: 420,
3308 silly tar       uid: 0,
3308 silly tar       gid: 0,
3308 silly tar       size: 313,
3308 silly tar       cksum: 10023,
3308 silly tar       linkpath: '',
3308 silly tar       uname: '',
3308 silly tar       gname: '',
3308 silly tar       devmaj: 0,
3308 silly tar       devmin: 0,
3308 silly tar       atime: undefined,
3308 silly tar       ctime: undefined,
3308 silly tar       mtime: 1985-10-26T08:15:00.000Z,
3308 silly tar       charset: undefined,
3308 silly tar       comment: undefined
3308 silly tar     },
3308 silly tar     startBlockSize: 512,
3308 silly tar     blockRemain: 0,
3308 silly tar     remain: 0,
3308 silly tar     type: 'File',
3308 silly tar     meta: false,
3308 silly tar     ignore: false,
3308 silly tar     path: 'dist/compiled/@babel/runtime/helpers/assertClassBrand.js',
3308 silly tar     mode: 438,
3308 silly tar     uid: 0,
3308 silly tar     gid: 0,
3308 silly tar     uname: '',
3308 silly tar     gname: '',
3308 silly tar     size: 313,
3308 silly tar     mtime: 1985-10-26T08:15:00.000Z,
3308 silly tar     atime: undefined,
3308 silly tar     ctime: undefined,
3308 silly tar     linkpath: undefined,
3308 silly tar     dev: undefined,
3308 silly tar     ino: undefined,
3308 silly tar     nlink: undefined,
3308 silly tar     invalid: false,
3308 silly tar     absolute: 'C:/Users/tarrs/Documents/Codex/2026-09-08/build-x20/frontend/node_modules/next/dist/compiled/@babel/runtime/helpers/assertClassBrand.js',
3308 silly tar     unsupported: false,
3308 silly tar     Symbol(shapeMode): false,
3308 silly tar     Symbol(kCapture): false,
3308 silly tar     Symbol(flowing): false,
3308 silly tar     Symbol(paused): true,
3308 silly tar     Symbol(pipes): [],
3308 silly tar     Symbol(buffer): [
3308 silly tar       <Buffer 66 75 6e 63 74 69 6f 6e 20 5f 61 73 73 65 72 74 43 6c 61 73 73 42 72 61 6e 64 28 65 2c 20 74 2c 20 6e 29 20 7b 0a 20 20 69 66 20 28 22 66 75 6e 63 74 ... 263 more bytes>
3308 silly tar     ],
3308 silly tar     Symbol(objectMode): false,
3308 silly tar     Symbol(encoding): null,
3308 silly tar     Symbol(async): false,
3308 silly tar     Symbol(decoder): null,
3308 silly tar     Symbol(EOF): true,
3308 silly tar     Symbol(emittedEnd): false,
3308 silly tar     Symbol(emittingEnd): false,
3308 silly tar     Symbol(closed): false,
3308 silly tar     Symbol(emittedError): null,
3308 silly tar     Symbol(bufferLength): 313,
3308 silly tar     Symbol(destroyed): false,
3308 silly tar     Symbol(signal): undefined,
3308 silly tar     Symbol(aborted): false,
3308 silly tar     Symbol(dataListeners): 0,
3308 silly tar     Symbol(discarded): false
3308 silly tar   },
3308 silly tar   cwd: 'C:/Users/tarrs/Documents/Codex/2026-09-08/build-x20/frontend/node_modules/next',
3308 silly tar   tarCode: 'TAR_ENTRY_ERROR'
3308 silly tar }
3309 http fetch GET 200 https://registry.npmjs.org/react-dom/-/react-dom-19.2.8.tgz 12953ms (cache miss)
3310 http fetch GET 200 https://registry.npmjs.org/next 4531ms (cache miss)
3311 silly packumentCache corgi:https://registry.npmjs.org/next set size:undefined disposed:false
3312 http fetch GET 200 https://registry.npmjs.org/es-abstract/-/es-abstract-1.24.2.tgz 15457ms (cache miss)
3313 http fetch GET 200 https://registry.npmjs.org/typescript/-/typescript-5.9.3.tgz 18077ms (cache miss)
3314 http fetch GET 200 https://registry.npmjs.org/@next/swc-win32-x64-msvc/-/swc-win32-x64-msvc-15.5.25.tgz 33472ms (cache miss)
3315 http fetch GET 200 https://registry.npmjs.org/next/-/next-15.5.25.tgz 48644ms (cache miss)
3316 info run unrs-resolver@1.12.2 postinstall node_modules/unrs-resolver node postinstall.js
3317 info run unrs-resolver@1.12.2 postinstall { code: 0, signal: null }
3318 silly ADD node_modules/is-weakset
3319 silly ADD node_modules/is-weakmap
3320 silly ADD node_modules/is-map
3321 silly ADD node_modules/generator-function
3322 silly ADD node_modules/async-function
3323 silly ADD node_modules/which-collection
3324 silly ADD node_modules/is-generator-function
3325 silly ADD node_modules/is-finalizationregistry
3326 silly ADD node_modules/is-async-function
3327 silly ADD node_modules/is-number-object
3328 silly ADD node_modules/is-boolean-object
3329 silly ADD node_modules/is-bigint
3330 silly ADD node_modules/isexe
3331 silly ADD node_modules/punycode
3332 silly ADD node_modules/napi-postinstall
3333 silly ADD node_modules/@unrs/resolver-binding-win32-x64-msvc
3334 silly ADD node_modules/which-boxed-primitive
3335 silly ADD node_modules/has-bigints
3336 silly ADD node_modules/which-builtin-type
3337 silly ADD node_modules/reflect.getprototypeof
3338 silly ADD node_modules/for-each
3339 silly ADD node_modules/strip-bom
3340 silly ADD node_modules/minimist
3341 silly ADD node_modules/json5
3342 silly ADD node_modules/@types/json5
3343 silly ADD node_modules/is-number
3344 silly ADD node_modules/has-flag
3345 silly ADD node_modules/client-only
3346 silly ADD node_modules/side-channel-weakmap
3347 silly ADD node_modules/side-channel-map
3348 silly ADD node_modules/side-channel-list
3349 silly ADD node_modules/shebang-regex
3350 silly ADD node_modules/@img/sharp-win32-x64
3351 silly ADD node_modules/@img/colour
3352 silly ADD node_modules/isarray
3353 silly ADD node_modules/queue-microtask
3354 silly ADD node_modules/supports-preserve-symlinks-flag
3355 silly ADD node_modules/path-parse
3356 silly ADD node_modules/node-exports-info
3357 silly ADD node_modules/node-exports-info/node_modules/semver
3358 silly ADD node_modules/scheduler
3359 silly ADD node_modules/js-tokens
3360 silly ADD node_modules/react-is
3361 silly ADD node_modules/object-assign
3362 silly ADD node_modules/loose-envify
3363 silly ADD node_modules/picocolors
3364 silly ADD node_modules/nanoid
3365 silly ADD node_modules/callsites
3366 silly ADD node_modules/yocto-queue
3367 silly ADD node_modules/p-limit
3368 silly ADD node_modules/word-wrap
3369 silly ADD node_modules/fast-levenshtein
3370 silly ADD node_modules/deep-is
3371 silly ADD node_modules/tslib
3372 silly ADD node_modules/styled-jsx
3373 silly ADD node_modules/sharp
3374 silly ADD node_modules/caniuse-lite
3375 silly ADD node_modules/@swc/helpers
3376 silly ADD node_modules/@next/swc-win32-x64-msvc
3377 silly ADD node_modules/@next/env
3378 silly ADD node_modules/concat-map
3379 silly ADD node_modules/balanced-match
3380 silly ADD node_modules/brace-expansion
3381 silly ADD node_modules/to-regex-range
3382 silly ADD node_modules/fill-range
3383 silly ADD node_modules/picomatch
3384 silly ADD node_modules/braces
3385 silly ADD node_modules/p-locate
3386 silly ADD node_modules/lightningcss-win32-x64-msvc
3387 silly ADD node_modules/detect-libc
3388 silly ADD node_modules/type-check
3389 silly ADD node_modules/prelude-ls
3390 silly ADD node_modules/language-subtag-registry
3391 silly ADD node_modules/json-buffer
3392 silly ADD node_modules/argparse
3393 silly ADD node_modules/set-function-name
3394 silly ADD node_modules/is-extglob
3395 silly ADD node_modules/side-channel
3396 silly ADD node_modules/resolve-from
3397 silly ADD node_modules/parent-module
3398 silly ADD node_modules/resolve-pkg-maps
3399 silly ADD node_modules/dunder-proto
3400 silly ADD node_modules/is-document.all
3401 silly ADD node_modules/functions-have-names
3402 silly ADD node_modules/keyv
3403 silly ADD node_modules/flatted
3404 silly ADD node_modules/path-exists
3405 silly ADD node_modules/locate-path
3406 silly ADD node_modules/flat-cache
3407 silly ADD node_modules/reusify
3408 silly ADD node_modules/run-parallel
3409 silly ADD node_modules/fastq
3410 silly ADD node_modules/@nodelib/fs.scandir
3411 silly ADD node_modules/micromatch
3412 silly ADD node_modules/merge2
3413 silly ADD node_modules/@nodelib/fs.walk
3414 silly ADD node_modules/@nodelib/fs.stat
3415 silly ADD node_modules/acorn-jsx
3416 silly ADD node_modules/acorn
3417 silly ADD node_modules/esrecurse
3418 silly ADD node_modules/iterator.prototype
3419 silly ADD node_modules/string.prototype.repeat
3420 silly ADD node_modules/string.prototype.matchall
3421 silly ADD node_modules/prop-types
3422 silly ADD node_modules/object.entries
3423 silly ADD node_modules/estraverse
3424 silly ADD node_modules/es-iterator-helpers
3425 silly ADD node_modules/array.prototype.tosorted
3426 silly ADD node_modules/array.prototype.findlast
3427 silly ADD node_modules/string.prototype.includes
3428 silly ADD node_modules/language-tags
3429 silly ADD node_modules/jsx-ast-utils
3430 silly ADD node_modules/emoji-regex
3431 silly ADD node_modules/damerau-levenshtein
3432 silly ADD node_modules/axobject-query
3433 silly ADD node_modules/axe-core
3434 silly ADD node_modules/ast-types-flow
3435 silly ADD node_modules/aria-query
3436 silly ADD node_modules/is-symbol
3437 silly ADD node_modules/is-date-object
3438 silly ADD node_modules/es-abstract-get
3439 silly ADD node_modules/has-tostringtag
3440 silly ADD node_modules/possible-typed-array-names
3441 silly ADD node_modules/which-typed-array
3442 silly ADD node_modules/unbox-primitive
3443 silly ADD node_modules/typed-array-length
3444 silly ADD node_modules/typed-array-byte-offset
3445 silly ADD node_modules/typed-array-byte-length
3446 silly ADD node_modules/typed-array-buffer
3447 silly ADD node_modules/string.prototype.trimstart
3448 silly ADD node_modules/string.prototype.trim
3449 silly ADD node_modules/stop-iteration-iterator
3450 silly ADD node_modules/set-proto
3451 silly ADD node_modules/safe-regex-test
3452 silly ADD node_modules/safe-push-apply
3453 silly ADD node_modules/safe-array-concat
3454 silly ADD node_modules/regexp.prototype.flags
3455 silly ADD node_modules/own-keys
3456 silly ADD node_modules/object.assign
3457 silly ADD node_modules/object-inspect
3458 silly ADD node_modules/is-weakref
3459 silly ADD node_modules/is-typed-array
3460 silly ADD node_modules/is-shared-array-buffer
3461 silly ADD node_modules/is-set
3462 silly ADD node_modules/is-regex
3463 silly ADD node_modules/is-negative-zero
3464 silly ADD node_modules/is-data-view
3465 silly ADD node_modules/is-callable
3466 silly ADD node_modules/is-array-buffer
3467 silly ADD node_modules/internal-slot
3468 silly ADD node_modules/has-symbols
3469 silly ADD node_modules/has-proto
3470 silly ADD node_modules/globalthis
3471 silly ADD node_modules/get-symbol-description
3472 silly ADD node_modules/get-proto
3473 silly ADD node_modules/function.prototype.name
3474 silly ADD node_modules/es-to-primitive
3475 silly ADD node_modules/es-set-tostringtag
3476 silly ADD node_modules/data-view-byte-offset
3477 silly ADD node_modules/data-view-byte-length
3478 silly ADD node_modules/data-view-buffer
3479 silly ADD node_modules/available-typed-arrays
3480 silly ADD node_modules/arraybuffer.prototype.slice
3481 silly ADD node_modules/array-buffer-byte-length
3482 silly ADD node_modules/gopd
3483 silly ADD node_modules/object-keys
3484 silly ADD node_modules/has-property-descriptors
3485 silly ADD node_modules/define-data-property
3486 silly ADD node_modules/function-bind
3487 silly ADD node_modules/set-function-length
3488 silly ADD node_modules/es-define-property
3489 silly ADD node_modules/call-bind-apply-helpers
3490 silly ADD node_modules/es-shim-unscopables
3491 silly ADD node_modules/es-errors
3492 silly ADD node_modules/math-intrinsics
3493 silly ADD node_modules/is-string
3494 silly ADD node_modules/get-intrinsic
3495 silly ADD node_modules/es-object-atoms
3496 silly ADD node_modules/es-abstract
3497 silly ADD node_modules/define-properties
3498 silly ADD node_modules/call-bound
3499 silly ADD node_modules/call-bind
3500 silly ADD node_modules/tsconfig-paths
3501 silly ADD node_modules/string.prototype.trimend
3502 silly ADD node_modules/object.values
3503 silly ADD node_modules/object.groupby
3504 silly ADD node_modules/object.fromentries
3505 silly ADD node_modules/hasown
3506 silly ADD node_modules/eslint-module-utils
3507 silly ADD node_modules/eslint-module-utils/node_modules/debug
3508 silly ADD node_modules/doctrine
3509 silly ADD node_modules/array.prototype.flatmap
3510 silly ADD node_modules/array.prototype.flat
3511 silly ADD node_modules/array.prototype.findlastindex
3512 silly ADD node_modules/array-includes
3513 silly ADD node_modules/@rtsao/scc
3514 silly ADD node_modules/unrs-resolver
3515 silly ADD node_modules/stable-hash
3516 silly ADD node_modules/is-bun-module
3517 silly ADD node_modules/get-tsconfig
3518 silly ADD node_modules/@nolyfill/is-core-module
3519 silly ADD node_modules/resolve
3520 silly ADD node_modules/is-core-module
3521 silly ADD node_modules/tinyglobby
3522 silly ADD node_modules/tinyglobby/node_modules/picomatch
3523 silly ADD node_modules/tinyglobby/node_modules/fdir
3524 silly ADD node_modules/semver
3525 silly ADD node_modules/@typescript-eslint/tsconfig-utils
3526 silly ADD node_modules/@typescript-eslint/project-service
3527 silly ADD node_modules/@typescript-eslint/typescript-estree
3528 silly ADD node_modules/@typescript-eslint/typescript-estree/node_modules/balanced-match
3529 silly ADD node_modules/@typescript-eslint/typescript-estree/node_modules/brace-expansion
3530 silly ADD node_modules/@typescript-eslint/typescript-estree/node_modules/minimatch
3531 silly ADD node_modules/@typescript-eslint/types
3532 silly ADD node_modules/ts-api-utils
3533 silly ADD node_modules/@typescript-eslint/visitor-keys
3534 silly ADD node_modules/@typescript-eslint/visitor-keys/node_modules/eslint-visitor-keys
3535 silly ADD node_modules/@typescript-eslint/utils
3536 silly ADD node_modules/@typescript-eslint/type-utils
3537 silly ADD node_modules/@typescript-eslint/scope-manager
3538 silly ADD node_modules/fast-glob
3539 silly ADD node_modules/fast-glob/node_modules/glob-parent
3540 silly ADD node_modules/eslint-plugin-react-hooks
3541 silly ADD node_modules/eslint-plugin-react
3542 silly ADD node_modules/eslint-plugin-react/node_modules/semver
3543 silly ADD node_modules/eslint-plugin-jsx-a11y
3544 silly ADD node_modules/eslint-plugin-import
3545 silly ADD node_modules/eslint-plugin-import/node_modules/semver
3546 silly ADD node_modules/eslint-plugin-import/node_modules/debug
3547 silly ADD node_modules/eslint-import-resolver-typescript
3548 silly ADD node_modules/eslint-import-resolver-node
3549 silly ADD node_modules/eslint-import-resolver-node/node_modules/debug
3550 silly ADD node_modules/@typescript-eslint/parser
3551 silly ADD node_modules/@typescript-eslint/eslint-plugin
3552 silly ADD node_modules/@typescript-eslint/eslint-plugin/node_modules/ignore
3553 silly ADD node_modules/@rushstack/eslint-patch
3554 silly ADD node_modules/@next/eslint-plugin-next
3555 silly ADD node_modules/ms
3556 silly ADD node_modules/which
3557 silly ADD node_modules/shebang-command
3558 silly ADD node_modules/path-key
3559 silly ADD node_modules/color-name
3560 silly ADD node_modules/color-convert
3561 silly ADD node_modules/supports-color
3562 silly ADD node_modules/ansi-styles
3563 silly ADD node_modules/uri-js
3564 silly ADD node_modules/json-schema-traverse
3565 silly ADD node_modules/fast-json-stable-stringify
3566 silly ADD node_modules/@humanfs/types
3567 silly ADD node_modules/@humanfs/core
3568 silly ADD node_modules/levn
3569 silly ADD node_modules/strip-json-comments
3570 silly ADD node_modules/js-yaml
3571 silly ADD node_modules/import-fresh
3572 silly ADD node_modules/globals
3573 silly ADD node_modules/@types/json-schema
3574 silly ADD node_modules/@eslint/object-schema
3575 silly ADD node_modules/optionator
3576 silly ADD node_modules/natural-compare
3577 silly ADD node_modules/minimatch
3578 silly ADD node_modules/lodash.merge
3579 silly ADD node_modules/json-stable-stringify-without-jsonify
3580 silly ADD node_modules/is-glob
3581 silly ADD node_modules/imurmurhash
3582 silly ADD node_modules/ignore
3583 silly ADD node_modules/glob-parent
3584 silly ADD node_modules/find-up
3585 silly ADD node_modules/file-entry-cache
3586 silly ADD node_modules/fast-deep-equal
3587 silly ADD node_modules/esutils
3588 silly ADD node_modules/esquery
3589 silly ADD node_modules/espree
3590 silly ADD node_modules/eslint-visitor-keys
3591 silly ADD node_modules/eslint-scope
3592 silly ADD node_modules/escape-string-regexp
3593 silly ADD node_modules/debug
3594 silly ADD node_modules/cross-spawn
3595 silly ADD node_modules/chalk
3596 silly ADD node_modules/ajv
3597 silly ADD node_modules/@types/estree
3598 silly ADD node_modules/@humanwhocodes/retry
3599 silly ADD node_modules/@humanwhocodes/module-importer
3600 silly ADD node_modules/@humanfs/node
3601 silly ADD node_modules/@eslint/plugin-kit
3602 silly ADD node_modules/@eslint/js
3603 silly ADD node_modules/@eslint/eslintrc
3604 silly ADD node_modules/@eslint/core
3605 silly ADD node_modules/@eslint/config-helpers
3606 silly ADD node_modules/@eslint/config-array
3607 silly ADD node_modules/@eslint-community/regexpp
3608 silly ADD node_modules/@eslint-community/eslint-utils
3609 silly ADD node_modules/@eslint-community/eslint-utils/node_modules/eslint-visitor-keys
3610 silly ADD node_modules/tapable
3611 silly ADD node_modules/graceful-fs
3612 silly ADD node_modules/csstype
3613 silly ADD node_modules/undici-types
3614 silly ADD node_modules/@tailwindcss/oxide-win32-x64-msvc
3615 silly ADD node_modules/@jridgewell/resolve-uri
3616 silly ADD node_modules/@jridgewell/sourcemap-codec
3617 silly ADD node_modules/@jridgewell/trace-mapping
3618 silly ADD node_modules/@jridgewell/gen-mapping
3619 silly ADD node_modules/source-map-js
3620 silly ADD node_modules/magic-string
3621 silly ADD node_modules/lightningcss
3622 silly ADD node_modules/jiti
3623 silly ADD node_modules/enhanced-resolve
3624 silly ADD node_modules/@jridgewell/remapping
3625 silly ADD node_modules/postcss
3626 silly ADD node_modules/@tailwindcss/oxide
3627 silly ADD node_modules/@tailwindcss/node
3628 silly ADD node_modules/@alloc/quick-lru
3629 silly ADD node_modules/typescript
3630 silly ADD node_modules/tailwindcss
3631 silly ADD node_modules/react-dom
3632 silly ADD node_modules/react
3633 silly ADD node_modules/next
3634 silly ADD node_modules/next/node_modules/postcss
3635 silly ADD node_modules/eslint-config-next
3636 silly ADD node_modules/eslint
3637 silly ADD node_modules/@types/react-dom
3638 silly ADD node_modules/@types/react
3639 silly ADD node_modules/@types/node
3640 silly ADD node_modules/@tailwindcss/postcss
3641 warn install-scripts 1 package has install scripts not yet covered by allowScripts:
3641 warn install-scripts   unrs-resolver@1.12.2 (postinstall: node postinstall.js)
3641 warn install-scripts
3641 warn install-scripts Run `npm install-scripts ls` to review, or `npm install-scripts approve <pkg>` to allow.
3642 verbose cwd C:\Users\tarrs\Documents\Codex\2026-09-08\build-x20\frontend
3643 verbose os Windows_NT 10.0.26200
3644 verbose node v24.20.0
3645 verbose npm  v11.19.0
3646 notice
3646 notice New major version of npm available! 11.19.0 -> 12.0.2
3646 notice Changelog: https://github.com/npm/cli/releases/tag/v12.0.2
3646 notice To update run: npm install -g npm@12.0.2
3646 notice  { force: true, Symbol(proc-log.meta): true }
3647 verbose exit 0
3648 info ok
