0 verbose cli C:\Program Files\nodejs\node.exe C:\Program Files\nodejs\node_modules\npm\bin\npm-cli.js
1 info using npm@11.19.0
2 info using node@v24.20.0
3 silly config load:file:C:\Program Files\nodejs\node_modules\npm\npmrc
4 silly config load:file:C:\Users\tarrs\Documents\Codex\2026-09-08\build-x20\frontend\.npmrc
5 silly config load:file:C:\Users\tarrs\.npmrc
6 silly config load:file:C:\Users\tarrs\AppData\Roaming\npm\etc\npmrc
7 verbose title npm install
8 verbose argv "install" "--cache" ".npm-cache" "--loglevel" "verbose"
9 verbose logfile logs-max:10 dir:C:\Users\tarrs\Documents\Codex\2026-09-08\build-x20\frontend\.npm-cache\_logs\2026-09-08T16_28_18_800Z-
10 verbose logfile C:\Users\tarrs\Documents\Codex\2026-09-08\build-x20\frontend\.npm-cache\_logs\2026-09-08T16_28_18_800Z-debug-0.log
11 silly logfile done cleaning log files
12 silly packumentCache heap:4496293888 maxSize:1124073472 maxEntrySize:562036736
13 silly idealTree buildDeps
14 silly fetch manifest @tailwindcss/postcss@^4.0.0
15 silly packumentCache full:https://registry.npmjs.org/@tailwindcss%2fpostcss cache-miss
16 http cache https://registry.npmjs.org/@tailwindcss%2fpostcss 27ms (cache hit)
17 silly packumentCache full:https://registry.npmjs.org/@tailwindcss%2fpostcss set size:2506705 disposed:false
18 silly fetch manifest next@^15.1.6
19 silly packumentCache full:https://registry.npmjs.org/next cache-miss
20 http cache https://registry.npmjs.org/next 60ms (cache hit)
21 silly packumentCache full:https://registry.npmjs.org/next set size:31210938 disposed:false
22 silly fetch manifest @opentelemetry/api@^1.1.0
23 silly packumentCache full:https://registry.npmjs.org/@opentelemetry%2fapi cache-miss
24 http cache https://registry.npmjs.org/@opentelemetry%2fapi 10ms (cache hit)
25 silly packumentCache full:https://registry.npmjs.org/@opentelemetry%2fapi set size:272967 disposed:false
26 silly fetch manifest @playwright/test@^1.51.1
27 silly packumentCache full:https://registry.npmjs.org/@playwright%2ftest cache-miss
28 http cache https://registry.npmjs.org/@playwright%2ftest 22ms (cache hit)
29 silly packumentCache full:https://registry.npmjs.org/@playwright%2ftest set size:9509164 disposed:false
30 silly fetch manifest babel-plugin-react-compiler@*
31 silly packumentCache full:https://registry.npmjs.org/babel-plugin-react-compiler cache-miss
32 http cache https://registry.npmjs.org/babel-plugin-react-compiler 23ms (cache hit)
33 silly packumentCache full:https://registry.npmjs.org/babel-plugin-react-compiler set size:1356999 disposed:false
34 silly fetch manifest react@^19.0.0
35 silly packumentCache full:https://registry.npmjs.org/react cache-miss
36 http cache https://registry.npmjs.org/react 17ms (cache hit)
37 silly packumentCache full:https://registry.npmjs.org/react set size:6958478 disposed:false
38 silly fetch manifest react-dom@^19.0.0
39 silly packumentCache full:https://registry.npmjs.org/react-dom cache-miss
40 http cache https://registry.npmjs.org/react-dom 19ms (cache hit)
41 silly packumentCache full:https://registry.npmjs.org/react-dom set size:9359832 disposed:false
42 silly fetch manifest sass@^1.3.0
43 silly packumentCache full:https://registry.npmjs.org/sass cache-miss
44 http cache https://registry.npmjs.org/sass 5ms (cache hit)
45 silly packumentCache full:https://registry.npmjs.org/sass set size:750020 disposed:false
46 silly fetch manifest tailwindcss@^4.0.0
47 silly packumentCache full:https://registry.npmjs.org/tailwindcss cache-miss
48 http cache https://registry.npmjs.org/tailwindcss 33ms (cache hit)
49 silly packumentCache full:https://registry.npmjs.org/tailwindcss set size:10879261 disposed:false
50 silly fetch manifest @types/node@^22
51 silly packumentCache full:https://registry.npmjs.org/@types%2fnode cache-miss
52 http cache https://registry.npmjs.org/@types%2fnode 26ms (cache hit)
53 silly packumentCache full:https://registry.npmjs.org/@types%2fnode set size:11103927 disposed:false
54 silly fetch manifest @types/react@^19
55 silly packumentCache full:https://registry.npmjs.org/@types%2freact cache-miss
56 http cache https://registry.npmjs.org/@types%2freact 18ms (cache hit)
57 silly packumentCache full:https://registry.npmjs.org/@types%2freact set size:2637439 disposed:false
58 silly fetch manifest @types/react-dom@^19
59 silly packumentCache full:https://registry.npmjs.org/@types%2freact-dom cache-miss
60 http cache https://registry.npmjs.org/@types%2freact-dom 6ms (cache hit)
61 silly packumentCache full:https://registry.npmjs.org/@types%2freact-dom set size:441868 disposed:false
62 silly fetch manifest typescript@^5.7.3
63 silly packumentCache full:https://registry.npmjs.org/typescript cache-miss
64 http cache https://registry.npmjs.org/typescript 31ms (cache hit)
65 silly packumentCache full:https://registry.npmjs.org/typescript set size:15652097 disposed:false
66 silly fetch manifest eslint@^9.18.0
67 silly packumentCache full:https://registry.npmjs.org/eslint cache-miss
68 http cache https://registry.npmjs.org/eslint 9ms (cache hit)
69 silly packumentCache full:https://registry.npmjs.org/eslint set size:2077457 disposed:false
70 silly fetch manifest jiti@*
71 silly packumentCache full:https://registry.npmjs.org/jiti cache-miss
72 http cache https://registry.npmjs.org/jiti 8ms (cache hit)
73 silly packumentCache full:https://registry.npmjs.org/jiti set size:387989 disposed:false
74 silly fetch manifest eslint-config-next@^15.1.6
75 silly packumentCache full:https://registry.npmjs.org/eslint-config-next cache-miss
76 http cache https://registry.npmjs.org/eslint-config-next 27ms (cache hit)
77 silly packumentCache full:https://registry.npmjs.org/eslint-config-next set size:7173377 disposed:false
78 silly placeDep ROOT @tailwindcss/postcss@4.3.3 REPLACE for:  want: ^4.0.0
79 silly placeDep ROOT @types/node@22.20.1 REPLACE for:  want: ^22
80 silly placeDep ROOT @types/react@19.2.18 REPLACE for:  want: ^19
81 silly placeDep ROOT @types/react-dom@19.2.7 REPLACE for:  want: ^19
82 silly placeDep ROOT eslint@9.39.5 REPLACE for:  want: ^9.18.0
83 silly placeDep ROOT eslint-config-next@15.5.25 REPLACE for:  want: ^15.1.6
84 silly placeDep ROOT next@15.5.25 REPLACE for:  want: ^15.1.6
85 silly placeDep ROOT react@19.2.8 OK for: next@15.5.25 want: ^18.2.0 || 19.0.0-rc-de68d2f4-20241204 || ^19.0.0
86 silly placeDep ROOT react-dom@19.2.8 OK for: next@15.5.25 want: ^18.2.0 || 19.0.0-rc-de68d2f4-20241204 || ^19.0.0
87 silly placeDep ROOT tailwindcss@4.3.3 OK for:  want: ^4.0.0
88 silly placeDep ROOT typescript@5.9.3 OK for:  want: ^5.7.3
89 silly fetch manifest postcss@^8.5.16
90 silly packumentCache full:https://registry.npmjs.org/postcss cache-miss
91 silly fetch manifest tailwindcss@4.3.3
92 silly packumentCache full:https://registry.npmjs.org/tailwindcss cache-miss
93 silly fetch manifest @alloc/quick-lru@^5.2.0
94 silly packumentCache full:https://registry.npmjs.org/@alloc%2fquick-lru cache-miss
95 silly fetch manifest @tailwindcss/node@4.3.3
96 silly packumentCache full:https://registry.npmjs.org/@tailwindcss%2fnode cache-miss
97 silly fetch manifest @tailwindcss/oxide@4.3.3
98 silly packumentCache full:https://registry.npmjs.org/@tailwindcss%2foxide cache-miss
99 silly fetch manifest undici-types@~6.21.0
100 silly packumentCache full:https://registry.npmjs.org/undici-types cache-miss
101 silly fetch manifest csstype@^3.2.2
102 silly packumentCache full:https://registry.npmjs.org/csstype cache-miss
103 silly fetch manifest ajv@^6.14.0
104 silly packumentCache full:https://registry.npmjs.org/ajv cache-miss
105 silly fetch manifest @eslint/core@^0.17.0
106 silly packumentCache full:https://registry.npmjs.org/@eslint%2fcore cache-miss
107 silly fetch manifest @eslint/plugin-kit@^0.4.1
108 silly packumentCache full:https://registry.npmjs.org/@eslint%2fplugin-kit cache-miss
109 silly fetch manifest @eslint/config-array@^0.21.2
110 silly packumentCache full:https://registry.npmjs.org/@eslint%2fconfig-array cache-miss
111 silly fetch manifest @eslint-community/regexpp@^4.12.1
112 silly packumentCache full:https://registry.npmjs.org/@eslint-community%2fregexpp cache-miss
113 silly fetch manifest @eslint-community/eslint-utils@^4.8.0
114 silly packumentCache full:https://registry.npmjs.org/@eslint-community%2feslint-utils cache-miss
115 http cache https://registry.npmjs.org/@alloc%2fquick-lru 23ms (cache hit)
116 silly packumentCache full:https://registry.npmjs.org/@alloc%2fquick-lru set size:10833 disposed:false
117 silly fetch manifest @humanwhocodes/module-importer@^1.0.1
118 silly packumentCache full:https://registry.npmjs.org/@humanwhocodes%2fmodule-importer cache-miss
119 http cache https://registry.npmjs.org/postcss 29ms (cache hit)
120 silly packumentCache full:https://registry.npmjs.org/postcss set size:766699 disposed:false
121 silly fetch manifest eslint-plugin-import@^2.31.0
122 silly packumentCache full:https://registry.npmjs.org/eslint-plugin-import cache-miss
123 http cache https://registry.npmjs.org/@tailwindcss%2fnode 52ms (cache hit)
124 silly packumentCache full:https://registry.npmjs.org/@tailwindcss%2fnode set size:2368915 disposed:false
125 silly fetch manifest @typescript-eslint/eslint-plugin@^5.4.2 || ^6.0.0 || ^7.0.0 || ^8.0.0
126 silly packumentCache full:https://registry.npmjs.org/@typescript-eslint%2feslint-plugin cache-miss
127 http cache https://registry.npmjs.org/tailwindcss 116ms (cache hit)
128 silly packumentCache full:https://registry.npmjs.org/tailwindcss set size:10879261 disposed:false
129 silly fetch manifest postcss@8.4.31
130 silly packumentCache full:https://registry.npmjs.org/postcss cache-hit
131 silly fetch manifest caniuse-lite@^1.0.30001579
132 silly packumentCache full:https://registry.npmjs.org/caniuse-lite cache-miss
133 http cache https://registry.npmjs.org/undici-types 282ms (cache hit)
134 silly packumentCache full:https://registry.npmjs.org/undici-types set size:258898 disposed:false
135 silly fetch manifest @next/swc-darwin-x64@15.5.25
136 silly packumentCache full:https://registry.npmjs.org/@next%2fswc-darwin-x64 cache-miss
137 http cache https://registry.npmjs.org/ajv 293ms (cache hit)
138 silly packumentCache full:https://registry.npmjs.org/ajv set size:1142658 disposed:false
139 silly fetch manifest @next/swc-darwin-arm64@15.5.25
140 silly packumentCache full:https://registry.npmjs.org/@next%2fswc-darwin-arm64 cache-miss
141 http cache https://registry.npmjs.org/csstype 316ms (cache hit)
142 silly packumentCache full:https://registry.npmjs.org/csstype set size:274189 disposed:false
143 silly fetch manifest @next/swc-linux-x64-gnu@15.5.25
144 silly packumentCache full:https://registry.npmjs.org/@next%2fswc-linux-x64-gnu cache-miss
145 http cache https://registry.npmjs.org/@tailwindcss%2foxide 338ms (cache hit)
146 silly packumentCache full:https://registry.npmjs.org/@tailwindcss%2foxide set size:4765158 disposed:false
147 silly fetch manifest @next/swc-linux-x64-musl@15.5.25
148 silly packumentCache full:https://registry.npmjs.org/@next%2fswc-linux-x64-musl cache-miss
149 http cache https://registry.npmjs.org/@eslint%2fplugin-kit 384ms (cache hit)
150 silly packumentCache full:https://registry.npmjs.org/@eslint%2fplugin-kit set size:79166 disposed:false
151 silly fetch manifest @next/swc-linux-arm64-gnu@15.5.25
152 silly packumentCache full:https://registry.npmjs.org/@next%2fswc-linux-arm64-gnu cache-miss
153 http cache https://registry.npmjs.org/@eslint%2fcore 394ms (cache hit)
154 silly packumentCache full:https://registry.npmjs.org/@eslint%2fcore set size:58023 disposed:false
155 silly fetch manifest @next/swc-linux-arm64-musl@15.5.25
156 silly packumentCache full:https://registry.npmjs.org/@next%2fswc-linux-arm64-musl cache-miss
157 http cache https://registry.npmjs.org/@eslint%2fconfig-array 400ms (cache hit)
158 silly packumentCache full:https://registry.npmjs.org/@eslint%2fconfig-array set size:74140 disposed:false
159 silly fetch manifest @next/swc-win32-arm64-msvc@15.5.25
160 silly packumentCache full:https://registry.npmjs.org/@next%2fswc-win32-arm64-msvc cache-miss
161 http cache https://registry.npmjs.org/@eslint-community%2fregexpp 405ms (cache hit)
162 silly packumentCache full:https://registry.npmjs.org/@eslint-community%2fregexpp set size:106609 disposed:false
163 http cache https://registry.npmjs.org/@eslint-community%2feslint-utils 409ms (cache hit)
164 silly packumentCache full:https://registry.npmjs.org/@eslint-community%2feslint-utils set size:108339 disposed:false
165 http cache https://registry.npmjs.org/@humanwhocodes%2fmodule-importer 412ms (cache hit)
166 silly packumentCache full:https://registry.npmjs.org/@humanwhocodes%2fmodule-importer set size:9516 disposed:false
167 http cache https://registry.npmjs.org/eslint-plugin-import 399ms (cache hit)
168 silly packumentCache full:https://registry.npmjs.org/eslint-plugin-import set size:484928 disposed:false
169 http cache https://registry.npmjs.org/caniuse-lite 182ms (cache hit)
170 silly packumentCache full:https://registry.npmjs.org/caniuse-lite set size:2313344 disposed:false
171 http cache https://registry.npmjs.org/@typescript-eslint%2feslint-plugin 461ms (cache hit)
172 silly packumentCache full:https://registry.npmjs.org/@typescript-eslint%2feslint-plugin set size:18756174 disposed:false
173 http cache https://registry.npmjs.org/@next%2fswc-darwin-x64 439ms (cache hit)
174 silly packumentCache full:https://registry.npmjs.org/@next%2fswc-darwin-x64 set size:5537827 disposed:false
175 http cache https://registry.npmjs.org/@next%2fswc-darwin-arm64 477ms (cache hit)
176 silly packumentCache full:https://registry.npmjs.org/@next%2fswc-darwin-arm64 set size:5598130 disposed:false
177 http cache https://registry.npmjs.org/@next%2fswc-linux-x64-musl 479ms (cache hit)
178 silly packumentCache full:https://registry.npmjs.org/@next%2fswc-linux-x64-musl set size:5407351 disposed:false
179 http cache https://registry.npmjs.org/@next%2fswc-linux-x64-gnu 603ms (cache hit)
180 silly packumentCache full:https://registry.npmjs.org/@next%2fswc-linux-x64-gnu set size:5651712 disposed:false
181 http cache https://registry.npmjs.org/@next%2fswc-linux-arm64-gnu 618ms (cache hit)
182 silly packumentCache full:https://registry.npmjs.org/@next%2fswc-linux-arm64-gnu set size:5456623 disposed:false
183 http cache https://registry.npmjs.org/@next%2fswc-linux-arm64-musl 703ms (cache hit)
184 silly packumentCache full:https://registry.npmjs.org/@next%2fswc-linux-arm64-musl set size:5476173 disposed:false
185 http cache https://registry.npmjs.org/@next%2fswc-win32-arm64-msvc 772ms (cache hit)
186 silly packumentCache full:https://registry.npmjs.org/@next%2fswc-win32-arm64-msvc set size:5437754 disposed:false
187 silly placeDep ROOT @alloc/quick-lru@5.3.0 OK for: @tailwindcss/postcss@4.3.3 want: ^5.2.0
188 silly placeDep ROOT @tailwindcss/node@4.3.3 OK for: @tailwindcss/postcss@4.3.3 want: 4.3.3
189 silly placeDep ROOT @tailwindcss/oxide@4.3.3 OK for: @tailwindcss/postcss@4.3.3 want: 4.3.3
190 silly placeDep ROOT postcss@8.5.28 OK for: @tailwindcss/postcss@4.3.3 want: ^8.5.16
191 silly fetch manifest jiti@^2.7.0
192 silly packumentCache full:https://registry.npmjs.org/jiti cache-hit
193 silly fetch manifest lightningcss@1.32.0
194 silly packumentCache full:https://registry.npmjs.org/lightningcss cache-miss
195 silly fetch manifest magic-string@^0.30.21
196 silly packumentCache full:https://registry.npmjs.org/magic-string cache-miss
197 silly fetch manifest source-map-js@^1.2.1
198 silly packumentCache full:https://registry.npmjs.org/source-map-js cache-miss
199 silly fetch manifest enhanced-resolve@^5.24.1
200 silly packumentCache full:https://registry.npmjs.org/enhanced-resolve cache-miss
201 silly fetch manifest @jridgewell/remapping@^2.3.5
202 silly packumentCache full:https://registry.npmjs.org/@jridgewell%2fremapping cache-miss
203 silly fetch manifest @tailwindcss/oxide-darwin-x64@4.3.3
204 silly packumentCache full:https://registry.npmjs.org/@tailwindcss%2foxide-darwin-x64 cache-miss
205 silly fetch manifest @tailwindcss/oxide-freebsd-x64@4.3.3
206 silly packumentCache full:https://registry.npmjs.org/@tailwindcss%2foxide-freebsd-x64 cache-miss
207 silly fetch manifest @tailwindcss/oxide-wasm32-wasi@4.3.3
208 silly packumentCache full:https://registry.npmjs.org/@tailwindcss%2foxide-wasm32-wasi cache-miss
209 silly fetch manifest @tailwindcss/oxide-darwin-arm64@4.3.3
210 silly packumentCache full:https://registry.npmjs.org/@tailwindcss%2foxide-darwin-arm64 cache-miss
211 silly fetch manifest @tailwindcss/oxide-android-arm64@4.3.3
212 silly packumentCache full:https://registry.npmjs.org/@tailwindcss%2foxide-android-arm64 cache-miss
213 silly fetch manifest @tailwindcss/oxide-linux-x64-gnu@4.3.3
214 silly packumentCache full:https://registry.npmjs.org/@tailwindcss%2foxide-linux-x64-gnu cache-miss
215 silly fetch manifest @tailwindcss/oxide-linux-x64-musl@4.3.3
216 silly packumentCache full:https://registry.npmjs.org/@tailwindcss%2foxide-linux-x64-musl cache-miss
217 silly fetch manifest @tailwindcss/oxide-linux-arm64-gnu@4.3.3
218 silly packumentCache full:https://registry.npmjs.org/@tailwindcss%2foxide-linux-arm64-gnu cache-miss
219 http cache https://registry.npmjs.org/lightningcss 71ms (cache hit)
220 silly packumentCache full:https://registry.npmjs.org/lightningcss set size:191065 disposed:false
221 silly fetch manifest @tailwindcss/oxide-linux-arm64-musl@4.3.3
222 silly packumentCache full:https://registry.npmjs.org/@tailwindcss%2foxide-linux-arm64-musl cache-miss
223 http cache https://registry.npmjs.org/enhanced-resolve 79ms (cache hit)
224 silly packumentCache full:https://registry.npmjs.org/enhanced-resolve set size:482889 disposed:false
225 silly fetch manifest @tailwindcss/oxide-win32-arm64-msvc@4.3.3
226 silly packumentCache full:https://registry.npmjs.org/@tailwindcss%2foxide-win32-arm64-msvc cache-miss
227 http cache https://registry.npmjs.org/magic-string 93ms (cache hit)
228 silly packumentCache full:https://registry.npmjs.org/magic-string set size:352504 disposed:false
229 silly fetch manifest @tailwindcss/oxide-linux-arm-gnueabihf@4.3.3
230 silly packumentCache full:https://registry.npmjs.org/@tailwindcss%2foxide-linux-arm-gnueabihf cache-miss
231 http cache https://registry.npmjs.org/source-map-js 104ms (cache hit)
232 silly packumentCache full:https://registry.npmjs.org/source-map-js set size:62640 disposed:false
233 http cache https://registry.npmjs.org/@tailwindcss%2foxide-freebsd-x64 133ms (cache hit)
234 silly packumentCache full:https://registry.npmjs.org/@tailwindcss%2foxide-freebsd-x64 set size:2996873 disposed:false
235 http cache https://registry.npmjs.org/@tailwindcss%2foxide-wasm32-wasi 173ms (cache hit)
236 silly packumentCache full:https://registry.npmjs.org/@tailwindcss%2foxide-wasm32-wasi set size:1597796 disposed:false
237 http cache https://registry.npmjs.org/@tailwindcss%2foxide-darwin-x64 213ms (cache hit)
238 silly packumentCache full:https://registry.npmjs.org/@tailwindcss%2foxide-darwin-x64 set size:2981681 disposed:false
239 http cache https://registry.npmjs.org/@jridgewell%2fremapping 247ms (cache hit)
240 silly packumentCache full:https://registry.npmjs.org/@jridgewell%2fremapping set size:23809 disposed:false
241 http cache https://registry.npmjs.org/@tailwindcss%2foxide-android-arm64 269ms (cache hit)
242 silly packumentCache full:https://registry.npmjs.org/@tailwindcss%2foxide-android-arm64 set size:2159100 disposed:false
243 http cache https://registry.npmjs.org/@tailwindcss%2foxide-darwin-arm64 336ms (cache hit)
244 silly packumentCache full:https://registry.npmjs.org/@tailwindcss%2foxide-darwin-arm64 set size:3017995 disposed:false
245 http cache https://registry.npmjs.org/@tailwindcss%2foxide-linux-x64-musl 374ms (cache hit)
246 silly packumentCache full:https://registry.npmjs.org/@tailwindcss%2foxide-linux-x64-musl set size:3052621 disposed:false
247 http cache https://registry.npmjs.org/@tailwindcss%2foxide-linux-x64-gnu 432ms (cache hit)
248 silly packumentCache full:https://registry.npmjs.org/@tailwindcss%2foxide-linux-x64-gnu set size:3043317 disposed:false
249 http cache https://registry.npmjs.org/@tailwindcss%2foxide-linux-arm64-gnu 510ms (cache hit)
250 silly packumentCache full:https://registry.npmjs.org/@tailwindcss%2foxide-linux-arm64-gnu set size:3070738 disposed:false
251 http cache https://registry.npmjs.org/@tailwindcss%2foxide-win32-arm64-msvc 502ms (cache hit)
252 silly packumentCache full:https://registry.npmjs.org/@tailwindcss%2foxide-win32-arm64-msvc set size:2136387 disposed:false
253 http cache https://registry.npmjs.org/@tailwindcss%2foxide-linux-arm-gnueabihf 522ms (cache hit)
254 silly packumentCache full:https://registry.npmjs.org/@tailwindcss%2foxide-linux-arm-gnueabihf set size:3097011 disposed:false
255 http cache https://registry.npmjs.org/@tailwindcss%2foxide-linux-arm64-musl 601ms (cache hit)
256 silly packumentCache full:https://registry.npmjs.org/@tailwindcss%2foxide-linux-arm64-musl set size:3082296 disposed:false
257 silly placeDep node_modules/@tailwindcss/node @jridgewell/remapping@2.3.5 OK for: @tailwindcss/node@4.3.3 want: ^2.3.5
258 silly placeDep node_modules/@tailwindcss/node enhanced-resolve@5.24.5 OK for: @tailwindcss/node@4.3.3 want: ^5.24.1
259 silly placeDep node_modules/@tailwindcss/node jiti@2.7.0 OK for: @tailwindcss/node@4.3.3 want: ^2.7.0
260 silly placeDep node_modules/@tailwindcss/node lightningcss@1.32.0 OK for: @tailwindcss/node@4.3.3 want: 1.32.0
261 silly placeDep node_modules/@tailwindcss/node magic-string@0.30.21 OK for: @tailwindcss/node@4.3.3 want: ^0.30.21
262 silly placeDep node_modules/@tailwindcss/node source-map-js@1.2.1 OK for: @tailwindcss/node@4.3.3 want: ^1.2.1
263 silly fetch manifest @jridgewell/gen-mapping@^0.3.5
264 silly packumentCache full:https://registry.npmjs.org/@jridgewell%2fgen-mapping cache-miss
265 silly fetch manifest @jridgewell/trace-mapping@^0.3.24
266 silly packumentCache full:https://registry.npmjs.org/@jridgewell%2ftrace-mapping cache-miss
267 silly fetch manifest tapable@^2.3.3
268 silly packumentCache full:https://registry.npmjs.org/tapable cache-miss
269 silly fetch manifest graceful-fs@^4.2.4
270 silly packumentCache full:https://registry.npmjs.org/graceful-fs cache-miss
271 silly fetch manifest lightningcss-darwin-x64@1.32.0
272 silly packumentCache full:https://registry.npmjs.org/lightningcss-darwin-x64 cache-miss
273 silly fetch manifest lightningcss-freebsd-x64@1.32.0
274 silly packumentCache full:https://registry.npmjs.org/lightningcss-freebsd-x64 cache-miss
275 silly fetch manifest lightningcss-darwin-arm64@1.32.0
276 silly packumentCache full:https://registry.npmjs.org/lightningcss-darwin-arm64 cache-miss
277 silly fetch manifest lightningcss-android-arm64@1.32.0
278 silly packumentCache full:https://registry.npmjs.org/lightningcss-android-arm64 cache-miss
279 silly fetch manifest lightningcss-linux-x64-gnu@1.32.0
280 silly packumentCache full:https://registry.npmjs.org/lightningcss-linux-x64-gnu cache-miss
281 silly fetch manifest lightningcss-linux-x64-musl@1.32.0
282 silly packumentCache full:https://registry.npmjs.org/lightningcss-linux-x64-musl cache-miss
283 silly fetch manifest lightningcss-linux-arm64-gnu@1.32.0
284 silly packumentCache full:https://registry.npmjs.org/lightningcss-linux-arm64-gnu cache-miss
285 silly fetch manifest lightningcss-linux-arm64-musl@1.32.0
286 silly packumentCache full:https://registry.npmjs.org/lightningcss-linux-arm64-musl cache-miss
287 silly fetch manifest lightningcss-win32-arm64-msvc@1.32.0
288 silly packumentCache full:https://registry.npmjs.org/lightningcss-win32-arm64-msvc cache-miss
289 http cache https://registry.npmjs.org/@jridgewell%2fgen-mapping 82ms (cache hit)
290 silly packumentCache full:https://registry.npmjs.org/@jridgewell%2fgen-mapping set size:75941 disposed:false
291 silly fetch manifest lightningcss-linux-arm-gnueabihf@1.32.0
292 silly packumentCache full:https://registry.npmjs.org/lightningcss-linux-arm-gnueabihf cache-miss
293 http cache https://registry.npmjs.org/graceful-fs 93ms (cache hit)
294 silly packumentCache full:https://registry.npmjs.org/graceful-fs set size:124285 disposed:false
295 silly fetch manifest @jridgewell/sourcemap-codec@^1.5.5
296 silly packumentCache full:https://registry.npmjs.org/@jridgewell%2fsourcemap-codec cache-miss
297 http cache https://registry.npmjs.org/tapable 106ms (cache hit)
298 silly packumentCache full:https://registry.npmjs.org/tapable set size:141233 disposed:false
299 http cache https://registry.npmjs.org/@jridgewell%2ftrace-mapping 113ms (cache hit)
300 silly packumentCache full:https://registry.npmjs.org/@jridgewell%2ftrace-mapping set size:170909 disposed:false
301 http cache https://registry.npmjs.org/lightningcss-freebsd-x64 115ms (cache hit)
302 silly packumentCache full:https://registry.npmjs.org/lightningcss-freebsd-x64 set size:44564 disposed:false
303 http cache https://registry.npmjs.org/lightningcss-darwin-arm64 118ms (cache hit)
304 silly packumentCache full:https://registry.npmjs.org/lightningcss-darwin-arm64 set size:80970 disposed:false
305 http cache https://registry.npmjs.org/lightningcss-android-arm64 120ms (cache hit)
306 silly packumentCache full:https://registry.npmjs.org/lightningcss-android-arm64 set size:9371 disposed:false
307 http cache https://registry.npmjs.org/lightningcss-darwin-x64 130ms (cache hit)
308 silly packumentCache full:https://registry.npmjs.org/lightningcss-darwin-x64 set size:80374 disposed:false
309 http cache https://registry.npmjs.org/lightningcss-linux-x64-gnu 130ms (cache hit)
310 silly packumentCache full:https://registry.npmjs.org/lightningcss-linux-x64-gnu set size:81819 disposed:false
311 http cache https://registry.npmjs.org/lightningcss-linux-x64-musl 134ms (cache hit)
312 silly packumentCache full:https://registry.npmjs.org/lightningcss-linux-x64-musl set size:82032 disposed:false
313 http cache https://registry.npmjs.org/lightningcss-win32-arm64-msvc 131ms (cache hit)
314 silly packumentCache full:https://registry.npmjs.org/lightningcss-win32-arm64-msvc set size:28346 disposed:false
315 http cache https://registry.npmjs.org/lightningcss-linux-arm64-gnu 137ms (cache hit)
316 silly packumentCache full:https://registry.npmjs.org/lightningcss-linux-arm64-gnu set size:82397 disposed:false
317 http cache https://registry.npmjs.org/lightningcss-linux-arm64-musl 142ms (cache hit)
318 silly packumentCache full:https://registry.npmjs.org/lightningcss-linux-arm64-musl set size:82617 disposed:false
319 http cache https://registry.npmjs.org/@jridgewell%2fsourcemap-codec 73ms (cache hit)
320 silly packumentCache full:https://registry.npmjs.org/@jridgewell%2fsourcemap-codec set size:65255 disposed:false
321 http cache https://registry.npmjs.org/lightningcss-linux-arm-gnueabihf 88ms (cache hit)
322 silly packumentCache full:https://registry.npmjs.org/lightningcss-linux-arm-gnueabihf set size:82635 disposed:false
323 silly placeDep ROOT @tailwindcss/oxide-android-arm64@4.3.3 OK for: @tailwindcss/oxide@4.3.3 want: 4.3.3
324 silly placeDep ROOT @tailwindcss/oxide-darwin-arm64@4.3.3 OK for: @tailwindcss/oxide@4.3.3 want: 4.3.3
325 silly placeDep ROOT @tailwindcss/oxide-darwin-x64@4.3.3 OK for: @tailwindcss/oxide@4.3.3 want: 4.3.3
326 silly placeDep ROOT @tailwindcss/oxide-freebsd-x64@4.3.3 OK for: @tailwindcss/oxide@4.3.3 want: 4.3.3
327 silly placeDep ROOT @tailwindcss/oxide-linux-arm-gnueabihf@4.3.3 OK for: @tailwindcss/oxide@4.3.3 want: 4.3.3
328 silly placeDep ROOT @tailwindcss/oxide-linux-arm64-gnu@4.3.3 OK for: @tailwindcss/oxide@4.3.3 want: 4.3.3
329 silly placeDep ROOT @tailwindcss/oxide-linux-arm64-musl@4.3.3 OK for: @tailwindcss/oxide@4.3.3 want: 4.3.3
330 silly placeDep ROOT @tailwindcss/oxide-linux-x64-gnu@4.3.3 OK for: @tailwindcss/oxide@4.3.3 want: 4.3.3
331 silly placeDep ROOT @tailwindcss/oxide-linux-x64-musl@4.3.3 OK for: @tailwindcss/oxide@4.3.3 want: 4.3.3
332 silly placeDep ROOT @tailwindcss/oxide-wasm32-wasi@4.3.3 OK for: @tailwindcss/oxide@4.3.3 want: 4.3.3
333 silly placeDep ROOT @tailwindcss/oxide-win32-arm64-msvc@4.3.3 OK for: @tailwindcss/oxide@4.3.3 want: 4.3.3
334 silly placeDep ROOT undici-types@6.21.0 OK for: @types/node@22.20.1 want: ~6.21.0
335 silly placeDep ROOT csstype@3.2.3 OK for: @types/react@19.2.18 want: ^3.2.2
336 silly fetch manifest eslint@^6.0.0 || ^7.0.0 || >=8.0.0
337 silly packumentCache full:https://registry.npmjs.org/eslint cache-miss
338 http cache https://registry.npmjs.org/eslint 29ms (cache hit)
339 silly packumentCache full:https://registry.npmjs.org/eslint set size:2077457 disposed:false
340 silly placeDep ROOT @eslint-community/eslint-utils@4.10.1 OK for: eslint@9.39.5 want: ^4.8.0
341 silly placeDep ROOT @eslint-community/regexpp@4.12.2 OK for: eslint@9.39.5 want: ^4.12.1
342 silly placeDep ROOT @eslint/config-array@0.21.2 OK for: eslint@9.39.5 want: ^0.21.2
343 silly placeDep ROOT @eslint/core@0.17.0 OK for: eslint@9.39.5 want: ^0.17.0
344 silly placeDep ROOT @eslint/plugin-kit@0.4.1 OK for: eslint@9.39.5 want: ^0.4.1
345 silly placeDep ROOT @humanwhocodes/module-importer@1.0.1 OK for: eslint@9.39.5 want: ^1.0.1
346 silly placeDep ROOT ajv@6.15.0 OK for: eslint@9.39.5 want: ^6.14.0
347 silly fetch manifest eslint-visitor-keys@^3.4.3
348 silly packumentCache full:https://registry.npmjs.org/eslint-visitor-keys cache-miss
349 http cache https://registry.npmjs.org/eslint-visitor-keys 15ms (cache hit)
350 silly packumentCache full:https://registry.npmjs.org/eslint-visitor-keys set size:69949 disposed:false
351 silly placeDep node_modules/@eslint-community/eslint-utils eslint-visitor-keys@3.4.3 OK for: @eslint-community/eslint-utils@4.10.1 want: ^3.4.3
352 silly fetch manifest eslint@^7.23.0 || ^8.0.0 || ^9.0.0
353 silly packumentCache full:https://registry.npmjs.org/eslint cache-miss
354 http cache https://registry.npmjs.org/eslint 23ms (cache hit)
355 silly packumentCache full:https://registry.npmjs.org/eslint set size:2077457 disposed:false
356 silly fetch manifest @typescript-eslint/parser@^5.4.2 || ^6.0.0 || ^7.0.0 || ^8.0.0
357 silly packumentCache full:https://registry.npmjs.org/@typescript-eslint%2fparser cache-miss
358 http cache https://registry.npmjs.org/@typescript-eslint%2fparser 93ms (cache hit)
359 silly packumentCache full:https://registry.npmjs.org/@typescript-eslint%2fparser set size:15786603 disposed:false
360 silly fetch manifest typescript@>=3.3.1
361 silly packumentCache full:https://registry.npmjs.org/typescript cache-miss
362 http cache https://registry.npmjs.org/typescript 125ms (cache hit)
363 silly packumentCache full:https://registry.npmjs.org/typescript set size:15652097 disposed:false
364 silly fetch manifest typescript@>=4.8.4 <6.1.0
365 silly packumentCache full:https://registry.npmjs.org/typescript cache-miss
366 http cache https://registry.npmjs.org/typescript 109ms (cache hit)
367 silly packumentCache full:https://registry.npmjs.org/typescript set size:15652097 disposed:false
368 silly placeDep ROOT @typescript-eslint/eslint-plugin@8.70.0 OK for: eslint-config-next@15.5.25 want: ^5.4.2 || ^6.0.0 || ^7.0.0 || ^8.0.0
369 silly placeDep node_modules/eslint-config-next eslint-plugin-import@2.32.0 OK for: eslint-config-next@15.5.25 want: ^2.31.0
370 silly fetch manifest ignore@^7.0.5
371 silly packumentCache full:https://registry.npmjs.org/ignore cache-miss
372 silly fetch manifest array.prototype.flat@^1.3.3
373 silly packumentCache full:https://registry.npmjs.org/array.prototype.flat cache-miss
374 silly fetch manifest debug@^3.2.7
375 silly packumentCache full:https://registry.npmjs.org/debug cache-miss
376 silly fetch manifest semver@^6.3.1
377 silly packumentCache full:https://registry.npmjs.org/semver cache-miss
378 http cache https://registry.npmjs.org/ignore 29ms (cache hit)
379 silly packumentCache full:https://registry.npmjs.org/ignore set size:255101 disposed:false
380 http cache https://registry.npmjs.org/array.prototype.flat 36ms (cache hit)
381 silly packumentCache full:https://registry.npmjs.org/array.prototype.flat set size:38327 disposed:false
382 http cache https://registry.npmjs.org/semver 39ms (cache hit)
383 silly packumentCache full:https://registry.npmjs.org/semver set size:246069 disposed:false
384 http cache https://registry.npmjs.org/debug 47ms (cache hit)
385 silly packumentCache full:https://registry.npmjs.org/debug set size:195840 disposed:false
386 silly placeDep node_modules/@typescript-eslint/eslint-plugin ignore@7.0.9 OK for: @typescript-eslint/eslint-plugin@8.70.0 want: ^7.0.5
387 silly placeDep ROOT @next/swc-darwin-arm64@15.5.25 OK for: next@15.5.25 want: 15.5.25
388 silly placeDep ROOT @next/swc-darwin-x64@15.5.25 OK for: next@15.5.25 want: 15.5.25
389 silly placeDep ROOT @next/swc-linux-arm64-gnu@15.5.25 OK for: next@15.5.25 want: 15.5.25
390 silly placeDep ROOT @next/swc-linux-arm64-musl@15.5.25 OK for: next@15.5.25 want: 15.5.25
391 silly placeDep ROOT @next/swc-linux-x64-gnu@15.5.25 OK for: next@15.5.25 want: 15.5.25
392 silly placeDep ROOT @next/swc-linux-x64-musl@15.5.25 OK for: next@15.5.25 want: 15.5.25
393 silly placeDep ROOT @next/swc-win32-arm64-msvc@15.5.25 OK for: next@15.5.25 want: 15.5.25
394 silly placeDep ROOT caniuse-lite@1.0.30001810 OK for: next@15.5.25 want: ^1.0.30001579
395 silly placeDep node_modules/next postcss@8.4.31 OK for: next@15.5.25 want: 8.4.31
396 silly fetch manifest source-map-js@^1.0.2
397 silly packumentCache full:https://registry.npmjs.org/source-map-js cache-hit
398 silly placeDep node_modules/postcss source-map-js@1.2.1 OK for: postcss@8.5.28 want: ^1.2.1
399 silly placeDep node_modules/@tailwindcss/node @jridgewell/gen-mapping@0.3.13 OK for: @jridgewell/remapping@2.3.5 want: ^0.3.5
400 silly placeDep node_modules/@tailwindcss/node @jridgewell/trace-mapping@0.3.31 OK for: @jridgewell/remapping@2.3.5 want: ^0.3.24
401 silly fetch manifest @jridgewell/sourcemap-codec@^1.5.0
402 silly packumentCache full:https://registry.npmjs.org/@jridgewell%2fsourcemap-codec cache-hit
403 silly fetch manifest @jridgewell/resolve-uri@^3.1.0
404 silly packumentCache full:https://registry.npmjs.org/@jridgewell%2fresolve-uri cache-miss
405 silly fetch manifest @jridgewell/sourcemap-codec@^1.4.14
406 silly packumentCache full:https://registry.npmjs.org/@jridgewell%2fsourcemap-codec cache-hit
407 http cache https://registry.npmjs.org/@jridgewell%2fresolve-uri 13ms (cache hit)
408 silly packumentCache full:https://registry.npmjs.org/@jridgewell%2fresolve-uri set size:57361 disposed:false
409 silly placeDep node_modules/@tailwindcss/node @jridgewell/sourcemap-codec@1.6.0 OK for: @jridgewell/gen-mapping@0.3.13 want: ^1.5.0
410 silly placeDep node_modules/@tailwindcss/node @jridgewell/resolve-uri@3.1.2 OK for: @jridgewell/trace-mapping@0.3.31 want: ^3.1.0
411 silly placeDep node_modules/@tailwindcss/node graceful-fs@4.2.11 OK for: enhanced-resolve@5.24.5 want: ^4.2.4
412 silly placeDep node_modules/@tailwindcss/node tapable@2.3.3 OK for: enhanced-resolve@5.24.5 want: ^2.3.3
413 silly placeDep ROOT lightningcss-android-arm64@1.32.0 OK for: lightningcss@1.32.0 want: 1.32.0
414 silly placeDep ROOT lightningcss-darwin-arm64@1.32.0 OK for: lightningcss@1.32.0 want: 1.32.0
415 silly placeDep ROOT lightningcss-darwin-x64@1.32.0 OK for: lightningcss@1.32.0 want: 1.32.0
416 silly placeDep ROOT lightningcss-freebsd-x64@1.32.0 OK for: lightningcss@1.32.0 want: 1.32.0
417 silly placeDep ROOT lightningcss-linux-arm-gnueabihf@1.32.0 OK for: lightningcss@1.32.0 want: 1.32.0
418 silly placeDep ROOT lightningcss-linux-arm64-gnu@1.32.0 OK for: lightningcss@1.32.0 want: 1.32.0
419 silly placeDep ROOT lightningcss-linux-arm64-musl@1.32.0 OK for: lightningcss@1.32.0 want: 1.32.0
420 silly placeDep ROOT lightningcss-linux-x64-gnu@1.32.0 OK for: lightningcss@1.32.0 want: 1.32.0
421 silly placeDep ROOT lightningcss-linux-x64-musl@1.32.0 OK for: lightningcss@1.32.0 want: 1.32.0
422 silly placeDep ROOT lightningcss-win32-arm64-msvc@1.32.0 OK for: lightningcss@1.32.0 want: 1.32.0
423 silly placeDep node_modules/eslint-config-next array.prototype.flat@1.3.3 OK for: eslint-plugin-import@2.32.0 want: ^1.3.3
424 silly placeDep node_modules/eslint-config-next debug@3.2.7 OK for: eslint-plugin-import@2.32.0 want: ^3.2.7
425 silly placeDep node_modules/eslint-config-next semver@6.3.1 OK for: eslint-plugin-import@2.32.0 want: ^6.3.1
426 silly fetch manifest es-abstract@^1.23.5
427 silly packumentCache full:https://registry.npmjs.org/es-abstract cache-miss
428 http cache https://registry.npmjs.org/es-abstract 19ms (cache hit)
429 silly packumentCache full:https://registry.npmjs.org/es-abstract set size:384124 disposed:false
430 silly placeDep node_modules/eslint-config-next es-abstract@1.24.2 OK for: array.prototype.flat@1.3.3 want: ^1.23.5
431 silly placeDep node_modules/next source-map-js@1.2.1 OK for: postcss@8.4.31 want: ^1.0.2
432 silly reify mark retired [
432 silly reify   'C:\\Users\\tarrs\\Documents\\Codex\\2026-09-08\\build-x20\\frontend\\node_modules\\ajv'
432 silly reify ]
433 silly reify mark retired [
433 silly reify   'C:\\Users\\tarrs\\Documents\\Codex\\2026-09-08\\build-x20\\frontend\\node_modules\\caniuse-lite'
433 silly reify ]
434 silly reify mark retired [
434 silly reify   'C:\\Users\\tarrs\\Documents\\Codex\\2026-09-08\\build-x20\\frontend\\node_modules\\chalk'
434 silly reify ]
435 silly reify mark retired [
435 silly reify   'C:\\Users\\tarrs\\Documents\\Codex\\2026-09-08\\build-x20\\frontend\\node_modules\\cross-spawn'
435 silly reify ]
436 silly reify mark retired [
436 silly reify   'C:\\Users\\tarrs\\Documents\\Codex\\2026-09-08\\build-x20\\frontend\\node_modules\\csstype'
436 silly reify ]
437 silly reify mark retired [
437 silly reify   'C:\\Users\\tarrs\\Documents\\Codex\\2026-09-08\\build-x20\\frontend\\node_modules\\enhanced-resolve'
437 silly reify ]
438 silly reify mark retired [
438 silly reify   'C:\\Users\\tarrs\\Documents\\Codex\\2026-09-08\\build-x20\\frontend\\node_modules\\eslint'
438 silly reify ]
439 silly reify mark retired [
439 silly reify   'C:\\Users\\tarrs\\Documents\\Codex\\2026-09-08\\build-x20\\frontend\\node_modules\\eslint-config-next'
439 silly reify ]
440 silly reify mark retired [
440 silly reify   'C:\\Users\\tarrs\\Documents\\Codex\\2026-09-08\\build-x20\\frontend\\node_modules\\eslint-plugin-import'
440 silly reify ]
441 silly reify mark retired [
441 silly reify   'C:\\Users\\tarrs\\Documents\\Codex\\2026-09-08\\build-x20\\frontend\\node_modules\\eslint-scope'
441 silly reify ]
442 silly reify mark retired [
442 silly reify   'C:\\Users\\tarrs\\Documents\\Codex\\2026-09-08\\build-x20\\frontend\\node_modules\\espree'
442 silly reify ]
443 silly reify mark retired [
443 silly reify   'C:\\Users\\tarrs\\Documents\\Codex\\2026-09-08\\build-x20\\frontend\\node_modules\\esquery'
443 silly reify ]
444 silly reify mark retired [
444 silly reify   'C:\\Users\\tarrs\\Documents\\Codex\\2026-09-08\\build-x20\\frontend\\node_modules\\esutils'
444 silly reify ]
445 silly reify mark retired [
445 silly reify   'C:\\Users\\tarrs\\Documents\\Codex\\2026-09-08\\build-x20\\frontend\\node_modules\\graceful-fs'
445 silly reify ]
446 silly reify mark retired [
446 silly reify   'C:\\Users\\tarrs\\Documents\\Codex\\2026-09-08\\build-x20\\frontend\\node_modules\\jiti'
446 silly reify ]
447 silly reify mark retired [
447 silly reify   'C:\\Users\\tarrs\\Documents\\Codex\\2026-09-08\\build-x20\\frontend\\node_modules\\lightningcss'
447 silly reify ]
448 silly reify mark retired [
448 silly reify   'C:\\Users\\tarrs\\Documents\\Codex\\2026-09-08\\build-x20\\frontend\\node_modules\\magic-string'
448 silly reify ]
449 silly reify mark retired [
449 silly reify   'C:\\Users\\tarrs\\Documents\\Codex\\2026-09-08\\build-x20\\frontend\\node_modules\\next'
449 silly reify ]
450 silly reify mark retired [
450 silly reify   'C:\\Users\\tarrs\\Documents\\Codex\\2026-09-08\\build-x20\\frontend\\node_modules\\postcss'
450 silly reify ]
451 silly reify mark retired [
451 silly reify   'C:\\Users\\tarrs\\Documents\\Codex\\2026-09-08\\build-x20\\frontend\\node_modules\\react'
451 silly reify ]
452 silly reify mark retired [
452 silly reify   'C:\\Users\\tarrs\\Documents\\Codex\\2026-09-08\\build-x20\\frontend\\node_modules\\react-dom'
452 silly reify ]
453 silly reify mark retired [
453 silly reify   'C:\\Users\\tarrs\\Documents\\Codex\\2026-09-08\\build-x20\\frontend\\node_modules\\source-map-js'
453 silly reify ]
454 silly reify mark retired [
454 silly reify   'C:\\Users\\tarrs\\Documents\\Codex\\2026-09-08\\build-x20\\frontend\\node_modules\\tailwindcss'
454 silly reify ]
455 silly reify mark retired [
455 silly reify   'C:\\Users\\tarrs\\Documents\\Codex\\2026-09-08\\build-x20\\frontend\\node_modules\\tapable'
455 silly reify ]
456 silly reify mark retired [
456 silly reify   'C:\\Users\\tarrs\\Documents\\Codex\\2026-09-08\\build-x20\\frontend\\node_modules\\typescript'
456 silly reify ]
457 silly reify mark retired [
457 silly reify   'C:\\Users\\tarrs\\Documents\\Codex\\2026-09-08\\build-x20\\frontend\\node_modules\\undici-types'
457 silly reify ]
458 silly reify mark retired [
458 silly reify   'C:\\Users\\tarrs\\Documents\\Codex\\2026-09-08\\build-x20\\frontend\\node_modules\\@alloc\\quick-lru'
458 silly reify ]
459 silly reify mark retired [
459 silly reify   'C:\\Users\\tarrs\\Documents\\Codex\\2026-09-08\\build-x20\\frontend\\node_modules\\@eslint\\config-array'
459 silly reify ]
460 silly reify mark retired [
460 silly reify   'C:\\Users\\tarrs\\Documents\\Codex\\2026-09-08\\build-x20\\frontend\\node_modules\\@eslint\\config-helpers'
460 silly reify ]
461 silly reify mark retired [
461 silly reify   'C:\\Users\\tarrs\\Documents\\Codex\\2026-09-08\\build-x20\\frontend\\node_modules\\@eslint\\core'
461 silly reify ]
462 silly reify mark retired [
462 silly reify   'C:\\Users\\tarrs\\Documents\\Codex\\2026-09-08\\build-x20\\frontend\\node_modules\\@eslint\\eslintrc'
462 silly reify ]
463 silly reify mark retired [
463 silly reify   'C:\\Users\\tarrs\\Documents\\Codex\\2026-09-08\\build-x20\\frontend\\node_modules\\@eslint\\js'
463 silly reify ]
464 silly reify mark retired [
464 silly reify   'C:\\Users\\tarrs\\Documents\\Codex\\2026-09-08\\build-x20\\frontend\\node_modules\\@eslint\\plugin-kit'
464 silly reify ]
465 silly reify mark retired [
465 silly reify   'C:\\Users\\tarrs\\Documents\\Codex\\2026-09-08\\build-x20\\frontend\\node_modules\\@humanwhocodes\\module-importer'
465 silly reify ]
466 silly reify mark retired [
466 silly reify   'C:\\Users\\tarrs\\Documents\\Codex\\2026-09-08\\build-x20\\frontend\\node_modules\\@eslint-community\\eslint-utils'
466 silly reify ]
467 silly reify mark retired [
467 silly reify   'C:\\Users\\tarrs\\Documents\\Codex\\2026-09-08\\build-x20\\frontend\\node_modules\\@eslint-community\\regexpp'
467 silly reify ]
468 silly reify mark retired [
468 silly reify   'C:\\Users\\tarrs\\Documents\\Codex\\2026-09-08\\build-x20\\frontend\\node_modules\\@jridgewell\\gen-mapping'
468 silly reify ]
469 silly reify mark retired [
469 silly reify   'C:\\Users\\tarrs\\Documents\\Codex\\2026-09-08\\build-x20\\frontend\\node_modules\\@jridgewell\\remapping'
469 silly reify ]
470 silly reify mark retired [
470 silly reify   'C:\\Users\\tarrs\\Documents\\Codex\\2026-09-08\\build-x20\\frontend\\node_modules\\@jridgewell\\resolve-uri'
470 silly reify ]
471 silly reify mark retired [
471 silly reify   'C:\\Users\\tarrs\\Documents\\Codex\\2026-09-08\\build-x20\\frontend\\node_modules\\@jridgewell\\sourcemap-codec'
471 silly reify ]
472 silly reify mark retired [
472 silly reify   'C:\\Users\\tarrs\\Documents\\Codex\\2026-09-08\\build-x20\\frontend\\node_modules\\@jridgewell\\trace-mapping'
472 silly reify ]
473 silly reify mark retired [
473 silly reify   'C:\\Users\\tarrs\\Documents\\Codex\\2026-09-08\\build-x20\\frontend\\node_modules\\@tailwindcss\\node'
473 silly reify ]
474 silly reify mark retired [
474 silly reify   'C:\\Users\\tarrs\\Documents\\Codex\\2026-09-08\\build-x20\\frontend\\node_modules\\@tailwindcss\\oxide'
474 silly reify ]
475 silly reify mark retired [
475 silly reify   'C:\\Users\\tarrs\\Documents\\Codex\\2026-09-08\\build-x20\\frontend\\node_modules\\@tailwindcss\\oxide-win32-x64-msvc'
475 silly reify ]
476 silly reify mark retired [
476 silly reify   'C:\\Users\\tarrs\\Documents\\Codex\\2026-09-08\\build-x20\\frontend\\node_modules\\@tailwindcss\\postcss'
476 silly reify ]
477 silly reify mark retired [
477 silly reify   'C:\\Users\\tarrs\\Documents\\Codex\\2026-09-08\\build-x20\\frontend\\node_modules\\@types\\node'
477 silly reify ]
478 silly reify mark retired [
478 silly reify   'C:\\Users\\tarrs\\Documents\\Codex\\2026-09-08\\build-x20\\frontend\\node_modules\\@types\\react'
478 silly reify ]
479 silly reify mark retired [
479 silly reify   'C:\\Users\\tarrs\\Documents\\Codex\\2026-09-08\\build-x20\\frontend\\node_modules\\@types\\react-dom'
479 silly reify ]
480 silly reify mark retired [
480 silly reify   'C:\\Users\\tarrs\\Documents\\Codex\\2026-09-08\\build-x20\\frontend\\node_modules\\@typescript-eslint\\eslint-plugin'
480 silly reify ]
481 silly reify mark retired [
481 silly reify   'C:\\Users\\tarrs\\Documents\\Codex\\2026-09-08\\build-x20\\frontend\\node_modules\\@typescript-eslint\\scope-manager'
481 silly reify ]
482 silly reify mark retired [
482 silly reify   'C:\\Users\\tarrs\\Documents\\Codex\\2026-09-08\\build-x20\\frontend\\node_modules\\acorn',
482 silly reify   'C:\\Users\\tarrs\\Documents\\Codex\\2026-09-08\\build-x20\\frontend\\node_modules\\.bin\\acorn',
482 silly reify   'C:\\Users\\tarrs\\Documents\\Codex\\2026-09-08\\build-x20\\frontend\\node_modules\\.bin\\acorn.cmd',
482 silly reify   'C:\\Users\\tarrs\\Documents\\Codex\\2026-09-08\\build-x20\\frontend\\node_modules\\.bin\\acorn.ps1'
482 silly reify ]
483 silly reify mark retired [
483 silly reify   'C:\\Users\\tarrs\\Documents\\Codex\\2026-09-08\\build-x20\\frontend\\node_modules\\js-yaml',
483 silly reify   'C:\\Users\\tarrs\\Documents\\Codex\\2026-09-08\\build-x20\\frontend\\node_modules\\.bin\\js-yaml',
483 silly reify   'C:\\Users\\tarrs\\Documents\\Codex\\2026-09-08\\build-x20\\frontend\\node_modules\\.bin\\js-yaml.cmd',
483 silly reify   'C:\\Users\\tarrs\\Documents\\Codex\\2026-09-08\\build-x20\\frontend\\node_modules\\.bin\\js-yaml.ps1'
483 silly reify ]
484 silly reify mark retired [
484 silly reify   'C:\\Users\\tarrs\\Documents\\Codex\\2026-09-08\\build-x20\\frontend\\node_modules\\json5',
484 silly reify   'C:\\Users\\tarrs\\Documents\\Codex\\2026-09-08\\build-x20\\frontend\\node_modules\\.bin\\json5',
484 silly reify   'C:\\Users\\tarrs\\Documents\\Codex\\2026-09-08\\build-x20\\frontend\\node_modules\\.bin\\json5.cmd',
484 silly reify   'C:\\Users\\tarrs\\Documents\\Codex\\2026-09-08\\build-x20\\frontend\\node_modules\\.bin\\json5.ps1'
484 silly reify ]
485 silly reify mark retired [
485 silly reify   'C:\\Users\\tarrs\\Documents\\Codex\\2026-09-08\\build-x20\\frontend\\node_modules\\loose-envify',
485 silly reify   'C:\\Users\\tarrs\\Documents\\Codex\\2026-09-08\\build-x20\\frontend\\node_modules\\.bin\\loose-envify',
485 silly reify   'C:\\Users\\tarrs\\Documents\\Codex\\2026-09-08\\build-x20\\frontend\\node_modules\\.bin\\loose-envify.cmd',
485 silly reify   'C:\\Users\\tarrs\\Documents\\Codex\\2026-09-08\\build-x20\\frontend\\node_modules\\.bin\\loose-envify.ps1'
485 silly reify ]
486 silly reify mark retired [
486 silly reify   'C:\\Users\\tarrs\\Documents\\Codex\\2026-09-08\\build-x20\\frontend\\node_modules\\napi-postinstall',
486 silly reify   'C:\\Users\\tarrs\\Documents\\Codex\\2026-09-08\\build-x20\\frontend\\node_modules\\.bin\\napi-postinstall',
486 silly reify   'C:\\Users\\tarrs\\Documents\\Codex\\2026-09-08\\build-x20\\frontend\\node_modules\\.bin\\napi-postinstall.cmd',
486 silly reify   'C:\\Users\\tarrs\\Documents\\Codex\\2026-09-08\\build-x20\\frontend\\node_modules\\.bin\\napi-postinstall.ps1'
486 silly reify ]
487 silly reify mark retired [
487 silly reify   'C:\\Users\\tarrs\\Documents\\Codex\\2026-09-08\\build-x20\\frontend\\node_modules\\nanoid',
487 silly reify   'C:\\Users\\tarrs\\Documents\\Codex\\2026-09-08\\build-x20\\frontend\\node_modules\\.bin\\nanoid',
487 silly reify   'C:\\Users\\tarrs\\Documents\\Codex\\2026-09-08\\build-x20\\frontend\\node_modules\\.bin\\nanoid.cmd',
487 silly reify   'C:\\Users\\tarrs\\Documents\\Codex\\2026-09-08\\build-x20\\frontend\\node_modules\\.bin\\nanoid.ps1'
487 silly reify ]
488 silly reify mark retired [
488 silly reify   'C:\\Users\\tarrs\\Documents\\Codex\\2026-09-08\\build-x20\\frontend\\node_modules\\resolve',
488 silly reify   'C:\\Users\\tarrs\\Documents\\Codex\\2026-09-08\\build-x20\\frontend\\node_modules\\.bin\\resolve',
488 silly reify   'C:\\Users\\tarrs\\Documents\\Codex\\2026-09-08\\build-x20\\frontend\\node_modules\\.bin\\resolve.cmd',
488 silly reify   'C:\\Users\\tarrs\\Documents\\Codex\\2026-09-08\\build-x20\\frontend\\node_modules\\.bin\\resolve.ps1'
488 silly reify ]
489 silly reify mark retired [
489 silly reify   'C:\\Users\\tarrs\\Documents\\Codex\\2026-09-08\\build-x20\\frontend\\node_modules\\semver',
489 silly reify   'C:\\Users\\tarrs\\Documents\\Codex\\2026-09-08\\build-x20\\frontend\\node_modules\\.bin\\semver',
489 silly reify   'C:\\Users\\tarrs\\Documents\\Codex\\2026-09-08\\build-x20\\frontend\\node_modules\\.bin\\semver.cmd',
489 silly reify   'C:\\Users\\tarrs\\Documents\\Codex\\2026-09-08\\build-x20\\frontend\\node_modules\\.bin\\semver.ps1'
489 silly reify ]
490 silly reify mark retired [
490 silly reify   'C:\\Users\\tarrs\\Documents\\Codex\\2026-09-08\\build-x20\\frontend\\node_modules\\which',
490 silly reify   'C:\\Users\\tarrs\\Documents\\Codex\\2026-09-08\\build-x20\\frontend\\node_modules\\.bin\\node-which',
490 silly reify   'C:\\Users\\tarrs\\Documents\\Codex\\2026-09-08\\build-x20\\frontend\\node_modules\\.bin\\node-which.cmd',
490 silly reify   'C:\\Users\\tarrs\\Documents\\Codex\\2026-09-08\\build-x20\\frontend\\node_modules\\.bin\\node-which.ps1'
490 silly reify ]
491 silly reify mark retired [
491 silly reify   'C:\\Users\\tarrs\\Documents\\Codex\\2026-09-08\\build-x20\\frontend\\node_modules\\@typescript-eslint\\typescript-estree\\node_modules\\balanced-match'
491 silly reify ]
492 silly reify mark retired [
492 silly reify   'C:\\Users\\tarrs\\Documents\\Codex\\2026-09-08\\build-x20\\frontend\\node_modules\\@typescript-eslint\\typescript-estree\\node_modules\\brace-expansion'
492 silly reify ]
493 silly reify moves {
493 silly reify   'C:\\Users\\tarrs\\Documents\\Codex\\2026-09-08\\build-x20\\frontend\\node_modules\\ajv': 'C:\\Users\\tarrs\\Documents\\Codex\\2026-09-08\\build-x20\\frontend\\node_modules\\.ajv-SyNI8g0m',
493 silly reify   'C:\\Users\\tarrs\\Documents\\Codex\\2026-09-08\\build-x20\\frontend\\node_modules\\caniuse-lite': 'C:\\Users\\tarrs\\Documents\\Codex\\2026-09-08\\build-x20\\frontend\\node_modules\\.caniuse-lite-uezwoFrB',
493 silly reify   'C:\\Users\\tarrs\\Documents\\Codex\\2026-09-08\\build-x20\\frontend\\node_modules\\chalk': 'C:\\Users\\tarrs\\Documents\\Codex\\2026-09-08\\build-x20\\frontend\\node_modules\\.chalk-CLzdMCbe',
493 silly reify   'C:\\Users\\tarrs\\Documents\\Codex\\2026-09-08\\build-x20\\frontend\\node_modules\\cross-spawn': 'C:\\Users\\tarrs\\Documents\\Codex\\2026-09-08\\build-x20\\frontend\\node_modules\\.cross-spawn-o3UWqnsA',
493 silly reify   'C:\\Users\\tarrs\\Documents\\Codex\\2026-09-08\\build-x20\\frontend\\node_modules\\csstype': 'C:\\Users\\tarrs\\Documents\\Codex\\2026-09-08\\build-x20\\frontend\\node_modules\\.csstype-1UMpN0oK',
493 silly reify   'C:\\Users\\tarrs\\Documents\\Codex\\2026-09-08\\build-x20\\frontend\\node_modules\\enhanced-resolve': 'C:\\Users\\tarrs\\Documents\\Codex\\2026-09-08\\build-x20\\frontend\\node_modules\\.enhanced-resolve-J8hnqGBG',
493 silly reify   'C:\\Users\\tarrs\\Documents\\Codex\\2026-09-08\\build-x20\\frontend\\node_modules\\eslint': 'C:\\Users\\tarrs\\Documents\\Codex\\2026-09-08\\build-x20\\frontend\\node_modules\\.eslint-QTYGPvJD',
493 silly reify   'C:\\Users\\tarrs\\Documents\\Codex\\2026-09-08\\build-x20\\frontend\\node_modules\\eslint-config-next': 'C:\\Users\\tarrs\\Documents\\Codex\\2026-09-08\\build-x20\\frontend\\node_modules\\.eslint-config-next-BYREuLzh',
493 silly reify   'C:\\Users\\tarrs\\Documents\\Codex\\2026-09-08\\build-x20\\frontend\\node_modules\\eslint-plugin-import': 'C:\\Users\\tarrs\\Documents\\Codex\\2026-09-08\\build-x20\\frontend\\node_modules\\.eslint-plugin-import-Ffbma8jG',
493 silly reify   'C:\\Users\\tarrs\\Documents\\Codex\\2026-09-08\\build-x20\\frontend\\node_modules\\eslint-scope': 'C:\\Users\\tarrs\\Documents\\Codex\\2026-09-08\\build-x20\\frontend\\node_modules\\.eslint-scope-NEgKRDFn',
493 silly reify   'C:\\Users\\tarrs\\Documents\\Codex\\2026-09-08\\build-x20\\frontend\\node_modules\\espree': 'C:\\Users\\tarrs\\Documents\\Codex\\2026-09-08\\build-x20\\frontend\\node_modules\\.espree-LMVPKEIi',
493 silly reify   'C:\\Users\\tarrs\\Documents\\Codex\\2026-09-08\\build-x20\\frontend\\node_modules\\esquery': 'C:\\Users\\tarrs\\Documents\\Codex\\2026-09-08\\build-x20\\frontend\\node_modules\\.esquery-PVunJHbU',
493 silly reify   'C:\\Users\\tarrs\\Documents\\Codex\\2026-09-08\\build-x20\\frontend\\node_modules\\esutils': 'C:\\Users\\tarrs\\Documents\\Codex\\2026-09-08\\build-x20\\frontend\\node_modules\\.esutils-YZTsIDu3',
493 silly reify   'C:\\Users\\tarrs\\Documents\\Codex\\2026-09-08\\build-x20\\frontend\\node_modules\\graceful-fs': 'C:\\Users\\tarrs\\Documents\\Codex\\2026-09-08\\build-x20\\frontend\\node_modules\\.graceful-fs-1RLQUFgY',
493 silly reify   'C:\\Users\\tarrs\\Documents\\Codex\\2026-09-08\\build-x20\\frontend\\node_modules\\jiti': 'C:\\Users\\tarrs\\Documents\\Codex\\2026-09-08\\build-x20\\frontend\\node_modules\\.jiti-5KNjZt0z',
493 silly reify   'C:\\Users\\tarrs\\Documents\\Codex\\2026-09-08\\build-x20\\frontend\\node_modules\\lightningcss': 'C:\\Users\\tarrs\\Documents\\Codex\\2026-09-08\\build-x20\\frontend\\node_modules\\.lightningcss-Erc3isD5',
493 silly reify   'C:\\Users\\tarrs\\Documents\\Codex\\2026-09-08\\build-x20\\frontend\\node_modules\\magic-string': 'C:\\Users\\tarrs\\Documents\\Codex\\2026-09-08\\build-x20\\frontend\\node_modules\\.magic-string-i0bq5A5q',
493 silly reify   'C:\\Users\\tarrs\\Documents\\Codex\\2026-09-08\\build-x20\\frontend\\node_modules\\next': 'C:\\Users\\tarrs\\Documents\\Codex\\2026-09-08\\build-x20\\frontend\\node_modules\\.next-FNipHBKh',
493 silly reify   'C:\\Users\\tarrs\\Documents\\Codex\\2026-09-08\\build-x20\\frontend\\node_modules\\postcss': 'C:\\Users\\tarrs\\Documents\\Codex\\2026-09-08\\build-x20\\frontend\\node_modules\\.postcss-JETtSUvb',
493 silly reify   'C:\\Users\\tarrs\\Documents\\Codex\\2026-09-08\\build-x20\\frontend\\node_modules\\react': 'C:\\Users\\tarrs\\Documents\\Codex\\2026-09-08\\build-x20\\frontend\\node_modules\\.react-tlJPRGuM',
493 silly reify   'C:\\Users\\tarrs\\Documents\\Codex\\2026-09-08\\build-x20\\frontend\\node_modules\\react-dom': 'C:\\Users\\tarrs\\Documents\\Codex\\2026-09-08\\build-x20\\frontend\\node_modules\\.react-dom-s4dvvYVM',
493 silly reify   'C:\\Users\\tarrs\\Documents\\Codex\\2026-09-08\\build-x20\\frontend\\node_modules\\source-map-js': 'C:\\Users\\tarrs\\Documents\\Codex\\2026-09-08\\build-x20\\frontend\\node_modules\\.source-map-js-bfL0rAbR',
493 silly reify   'C:\\Users\\tarrs\\Documents\\Codex\\2026-09-08\\build-x20\\frontend\\node_modules\\tailwindcss': 'C:\\Users\\tarrs\\Documents\\Codex\\2026-09-08\\build-x20\\frontend\\node_modules\\.tailwindcss-TVGTOXb5',
493 silly reify   'C:\\Users\\tarrs\\Documents\\Codex\\2026-09-08\\build-x20\\frontend\\node_modules\\tapable': 'C:\\Users\\tarrs\\Documents\\Codex\\2026-09-08\\build-x20\\frontend\\node_modules\\.tapable-LRBACy9G',
493 silly reify   'C:\\Users\\tarrs\\Documents\\Codex\\2026-09-08\\build-x20\\frontend\\node_modules\\typescript': 'C:\\Users\\tarrs\\Documents\\Codex\\2026-09-08\\build-x20\\frontend\\node_modules\\.typescript-ZwR6eDCe',
493 silly reify   'C:\\Users\\tarrs\\Documents\\Codex\\2026-09-08\\build-x20\\frontend\\node_modules\\undici-types': 'C:\\Users\\tarrs\\Documents\\Codex\\2026-09-08\\build-x20\\frontend\\node_modules\\.undici-types-0lQiL0By',
493 silly reify   'C:\\Users\\tarrs\\Documents\\Codex\\2026-09-08\\build-x20\\frontend\\node_modules\\@alloc\\quick-lru': 'C:\\Users\\tarrs\\Documents\\Codex\\2026-09-08\\build-x20\\frontend\\node_modules\\@alloc\\.quick-lru-iNULuHo2',
493 silly reify   'C:\\Users\\tarrs\\Documents\\Codex\\2026-09-08\\build-x20\\frontend\\node_modules\\@eslint\\config-array': 'C:\\Users\\tarrs\\Documents\\Codex\\2026-09-08\\build-x20\\frontend\\node_modules\\@eslint\\.config-array-RyCH2SmF',
493 silly reify   'C:\\Users\\tarrs\\Documents\\Codex\\2026-09-08\\build-x20\\frontend\\node_modules\\@eslint\\config-helpers': 'C:\\Users\\tarrs\\Documents\\Codex\\2026-09-08\\build-x20\\frontend\\node_modules\\@eslint\\.config-helpers-Ja4pFFVG',
493 silly reify   'C:\\Users\\tarrs\\Documents\\Codex\\2026-09-08\\build-x20\\frontend\\node_modules\\@eslint\\core': 'C:\\Users\\tarrs\\Documents\\Codex\\2026-09-08\\build-x20\\frontend\\node_modules\\@eslint\\.core-3zLwV3z4',
493 silly reify   'C:\\Users\\tarrs\\Documents\\Codex\\2026-09-08\\build-x20\\frontend\\node_modules\\@eslint\\eslintrc': 'C:\\Users\\tarrs\\Documents\\Codex\\2026-09-08\\build-x20\\frontend\\node_modules\\@eslint\\.eslintrc-0w80zdZZ',
493 silly reify   'C:\\Users\\tarrs\\Documents\\Codex\\2026-09-08\\build-x20\\frontend\\node_modules\\@eslint\\js': 'C:\\Users\\tarrs\\Documents\\Codex\\2026-09-08\\build-x20\\frontend\\node_modules\\@eslint\\.js-4UUeAwtx',
493 silly reify   'C:\\Users\\tarrs\\Documents\\Codex\\2026-09-08\\build-x20\\frontend\\node_modules\\@eslint\\plugin-kit': 'C:\\Users\\tarrs\\Documents\\Codex\\2026-09-08\\build-x20\\frontend\\node_modules\\@eslint\\.plugin-kit-JIG3447a',
493 silly reify   'C:\\Users\\tarrs\\Documents\\Codex\\2026-09-08\\build-x20\\frontend\\node_modules\\@humanwhocodes\\module-importer': 'C:\\Users\\tarrs\\Documents\\Codex\\2026-09-08\\build-x20\\frontend\\node_modules\\@humanwhocodes\\.module-importer-RGFMxiX0',
493 silly reify   'C:\\Users\\tarrs\\Documents\\Codex\\2026-09-08\\build-x20\\frontend\\node_modules\\@eslint-community\\eslint-utils': 'C:\\Users\\tarrs\\Documents\\Codex\\2026-09-08\\build-x20\\frontend\\node_modules\\@eslint-community\\.eslint-utils-PQg5S9uY',
493 silly reify   'C:\\Users\\tarrs\\Documents\\Codex\\2026-09-08\\build-x20\\frontend\\node_modules\\@eslint-community\\regexpp': 'C:\\Users\\tarrs\\Documents\\Codex\\2026-09-08\\build-x20\\frontend\\node_modules\\@eslint-community\\.regexpp-UkBIPOYs',
493 silly reify   'C:\\Users\\tarrs\\Documents\\Codex\\2026-09-08\\build-x20\\frontend\\node_modules\\@jridgewell\\gen-mapping': 'C:\\Users\\tarrs\\Documents\\Codex\\2026-09-08\\build-x20\\frontend\\node_modules\\@jridgewell\\.gen-mapping-x1mM8svP',
493 silly reify   'C:\\Users\\tarrs\\Documents\\Codex\\2026-09-08\\build-x20\\frontend\\node_modules\\@jridgewell\\remapping': 'C:\\Users\\tarrs\\Documents\\Codex\\2026-09-08\\build-x20\\frontend\\node_modules\\@jridgewell\\.remapping-a8bLQ3Ce',
493 silly reify   'C:\\Users\\tarrs\\Documents\\Codex\\2026-09-08\\build-x20\\frontend\\node_modules\\@jridgewell\\resolve-uri': 'C:\\Users\\tarrs\\Documents\\Codex\\2026-09-08\\build-x20\\frontend\\node_modules\\@jridgewell\\.resolve-uri-rwYzSSx8',
493 silly reify   'C:\\Users\\tarrs\\Documents\\Codex\\2026-09-08\\build-x20\\frontend\\node_modules\\@jridgewell\\sourcemap-codec': 'C:\\Users\\tarrs\\Documents\\Codex\\2026-09-08\\build-x20\\frontend\\node_modules\\@jridgewell\\.sourcemap-codec-fxOuaCoH',
493 silly reify   'C:\\Users\\tarrs\\Documents\\Codex\\2026-09-08\\build-x20\\frontend\\node_modules\\@jridgewell\\trace-mapping': 'C:\\Users\\tarrs\\Documents\\Codex\\2026-09-08\\build-x20\\frontend\\node_modules\\@jridgewell\\.trace-mapping-QXquJTjQ',
493 silly reify   'C:\\Users\\tarrs\\Documents\\Codex\\2026-09-08\\build-x20\\frontend\\node_modules\\@tailwindcss\\node': 'C:\\Users\\tarrs\\Documents\\Codex\\2026-09-08\\build-x20\\frontend\\node_modules\\@tailwindcss\\.node-9dU8pll8',
493 silly reify   'C:\\Users\\tarrs\\Documents\\Codex\\2026-09-08\\build-x20\\frontend\\node_modules\\@tailwindcss\\oxide': 'C:\\Users\\tarrs\\Documents\\Codex\\2026-09-08\\build-x20\\frontend\\node_modules\\@tailwindcss\\.oxide-R6yV4DHZ',
493 silly reify   'C:\\Users\\tarrs\\Documents\\Codex\\2026-09-08\\build-x20\\frontend\\node_modules\\@tailwindcss\\oxide-win32-x64-msvc': 'C:\\Users\\tarrs\\Documents\\Codex\\2026-09-08\\build-x20\\frontend\\node_modules\\@tailwindcss\\.oxide-win32-x64-msvc-AQggkkGY',
493 silly reify   'C:\\Users\\tarrs\\Documents\\Codex\\2026-09-08\\build-x20\\frontend\\node_modules\\@tailwindcss\\postcss': 'C:\\Users\\tarrs\\Documents\\Codex\\2026-09-08\\build-x20\\frontend\\node_modules\\@tailwindcss\\.postcss-FiBp64NM',
493 silly reify   'C:\\Users\\tarrs\\Documents\\Codex\\2026-09-08\\build-x20\\frontend\\node_modules\\@types\\node': 'C:\\Users\\tarrs\\Documents\\Codex\\2026-09-08\\build-x20\\frontend\\node_modules\\@types\\.node-iDdVg5zr',
493 silly reify   'C:\\Users\\tarrs\\Documents\\Codex\\2026-09-08\\build-x20\\frontend\\node_modules\\@types\\react': 'C:\\Users\\tarrs\\Documents\\Codex\\2026-09-08\\build-x20\\frontend\\node_modules\\@types\\.react-0GECEiK1',
493 silly reify   'C:\\Users\\tarrs\\Documents\\Codex\\2026-09-08\\build-x20\\frontend\\node_modules\\@types\\react-dom': 'C:\\Users\\tarrs\\Documents\\Codex\\2026-09-08\\build-x20\\frontend\\node_modules\\@types\\.react-dom-v7b71mL0',
493 silly reify   'C:\\Users\\tarrs\\Documents\\Codex\\2026-09-08\\build-x20\\frontend\\node_modules\\@typescript-eslint\\eslint-plugin': 'C:\\Users\\tarrs\\Documents\\Codex\\2026-09-08\\build-x20\\frontend\\node_modules\\@typescript-eslint\\.eslint-plugin-eZTvvPLm',
493 silly reify   'C:\\Users\\tarrs\\Documents\\Codex\\2026-09-08\\build-x20\\frontend\\node_modules\\@typescript-eslint\\scope-manager': 'C:\\Users\\tarrs\\Documents\\Codex\\2026-09-08\\build-x20\\frontend\\node_modules\\@typescript-eslint\\.scope-manager-gOo72eln',
493 silly reify   'C:\\Users\\tarrs\\Documents\\Codex\\2026-09-08\\build-x20\\frontend\\node_modules\\acorn': 'C:\\Users\\tarrs\\Documents\\Codex\\2026-09-08\\build-x20\\frontend\\node_modules\\.acorn-PJecE2Uf',
493 silly reify   'C:\\Users\\tarrs\\Documents\\Codex\\2026-09-08\\build-x20\\frontend\\node_modules\\.bin\\acorn': 'C:\\Users\\tarrs\\Documents\\Codex\\2026-09-08\\build-x20\\frontend\\node_modules\\.bin\\.acorn-AgzVubWA',
493 silly reify   'C:\\Users\\tarrs\\Documents\\Codex\\2026-09-08\\build-x20\\frontend\\node_modules\\.bin\\acorn.cmd': 'C:\\Users\\tarrs\\Documents\\Codex\\2026-09-08\\build-x20\\frontend\\node_modules\\.bin\\.acorn.cmd-I4rYfmmN',
493 silly reify   'C:\\Users\\tarrs\\Documents\\Codex\\2026-09-08\\build-x20\\frontend\\node_modules\\.bin\\acorn.ps1': 'C:\\Users\\tarrs\\Documents\\Codex\\2026-09-08\\build-x20\\frontend\\node_modules\\.bin\\.acorn.ps1-guxbwoBG',
493 silly reify   'C:\\Users\\tarrs\\Documents\\Codex\\2026-09-08\\build-x20\\frontend\\node_modules\\js-yaml': 'C:\\Users\\tarrs\\Documents\\Codex\\2026-09-08\\build-x20\\frontend\\node_modules\\.js-yaml-QEJJH7ts',
493 silly reify   'C:\\Users\\tarrs\\Documents\\Codex\\2026-09-08\\build-x20\\frontend\\node_modules\\.bin\\js-yaml': 'C:\\Users\\tarrs\\Documents\\Codex\\2026-09-08\\build-x20\\frontend\\node_modules\\.bin\\.js-yaml-IhODUFCc',
493 silly reify   'C:\\Users\\tarrs\\Documents\\Codex\\2026-09-08\\build-x20\\frontend\\node_modules\\.bin\\js-yaml.cmd': 'C:\\Users\\tarrs\\Documents\\Codex\\2026-09-08\\build-x20\\frontend\\node_modules\\.bin\\.js-yaml.cmd-OnDcfbXh',
493 silly reify   'C:\\Users\\tarrs\\Documents\\Codex\\2026-09-08\\build-x20\\frontend\\node_modules\\.bin\\js-yaml.ps1': 'C:\\Users\\tarrs\\Documents\\Codex\\2026-09-08\\build-x20\\frontend\\node_modules\\.bin\\.js-yaml.ps1-KFvUP7Q5',
493 silly reify   'C:\\Users\\tarrs\\Documents\\Codex\\2026-09-08\\build-x20\\frontend\\node_modules\\json5': 'C:\\Users\\tarrs\\Documents\\Codex\\2026-09-08\\build-x20\\frontend\\node_modules\\.json5-vSol6DkZ',
493 silly reify   'C:\\Users\\tarrs\\Documents\\Codex\\2026-09-08\\build-x20\\frontend\\node_modules\\.bin\\json5': 'C:\\Users\\tarrs\\Documents\\Codex\\2026-09-08\\build-x20\\frontend\\node_modules\\.bin\\.json5-ykBHgXxC',
493 silly reify   'C:\\Users\\tarrs\\Documents\\Codex\\2026-09-08\\build-x20\\frontend\\node_modules\\.bin\\json5.cmd': 'C:\\Users\\tarrs\\Documents\\Codex\\2026-09-08\\build-x20\\frontend\\node_modules\\.bin\\.json5.cmd-5BHsestf',
493 silly reify   'C:\\Users\\tarrs\\Documents\\Codex\\2026-09-08\\build-x20\\frontend\\node_modules\\.bin\\json5.ps1': 'C:\\Users\\tarrs\\Documents\\Codex\\2026-09-08\\build-x20\\frontend\\node_modules\\.bin\\.json5.ps1-mZK1HXd1',
493 silly reify   'C:\\Users\\tarrs\\Documents\\Codex\\2026-09-08\\build-x20\\frontend\\node_modules\\loose-envify': 'C:\\Users\\tarrs\\Documents\\Codex\\2026-09-08\\build-x20\\frontend\\node_modules\\.loose-envify-FrwcpbEY',
493 silly reify   'C:\\Users\\tarrs\\Documents\\Codex\\2026-09-08\\build-x20\\frontend\\node_modules\\.bin\\loose-envify': 'C:\\Users\\tarrs\\Documents\\Codex\\2026-09-08\\build-x20\\frontend\\node_modules\\.bin\\.loose-envify-Nox6kF9e',
493 silly reify   'C:\\Users\\tarrs\\Documents\\Codex\\2026-09-08\\build-x20\\frontend\\node_modules\\.bin\\loose-envify.cmd': 'C:\\Users\\tarrs\\Documents\\Codex\\2026-09-08\\build-x20\\frontend\\node_modules\\.bin\\.loose-envify.cmd-PKZ73tu1',
493 silly reify   'C:\\Users\\tarrs\\Documents\\Codex\\2026-09-08\\build-x20\\frontend\\node_modules\\.bin\\loose-envify.ps1': 'C:\\Users\\tarrs\\Documents\\Codex\\2026-09-08\\build-x20\\frontend\\node_modules\\.bin\\.loose-envify.ps1-AtLU5IyM',
493 silly reify   'C:\\Users\\tarrs\\Documents\\Codex\\2026-09-08\\build-x20\\frontend\\node_modules\\napi-postinstall': 'C:\\Users\\tarrs\\Documents\\Codex\\2026-09-08\\build-x20\\frontend\\node_modules\\.napi-postinstall-OVwePgVh',
493 silly reify   'C:\\Users\\tarrs\\Documents\\Codex\\2026-09-08\\build-x20\\frontend\\node_modules\\.bin\\napi-postinstall': 'C:\\Users\\tarrs\\Documents\\Codex\\2026-09-08\\build-x20\\frontend\\node_modules\\.bin\\.napi-postinstall-GV2CpVgY',
493 silly reify   'C:\\Users\\tarrs\\Documents\\Codex\\2026-09-08\\build-x20\\frontend\\node_modules\\.bin\\napi-postinstall.cmd': 'C:\\Users\\tarrs\\Documents\\Codex\\2026-09-08\\build-x20\\frontend\\node_modules\\.bin\\.napi-postinstall.cmd-u7sTfDaP',
493 silly reify   'C:\\Users\\tarrs\\Documents\\Codex\\2026-09-08\\build-x20\\frontend\\node_modules\\.bin\\napi-postinstall.ps1': 'C:\\Users\\tarrs\\Documents\\Codex\\2026-09-08\\build-x20\\frontend\\node_modules\\.bin\\.napi-postinstall.ps1-lch723iC',
493 silly reify   'C:\\Users\\tarrs\\Documents\\Codex\\2026-09-08\\build-x20\\frontend\\node_modules\\nanoid': 'C:\\Users\\tarrs\\Documents\\Codex\\2026-09-08\\build-x20\\frontend\\node_modules\\.nanoid-KXw9qhiE',
493 silly reify   'C:\\Users\\tarrs\\Documents\\Codex\\2026-09-08\\build-x20\\frontend\\node_modules\\.bin\\nanoid': 'C:\\Users\\tarrs\\Documents\\Codex\\2026-09-08\\build-x20\\frontend\\node_modules\\.bin\\.nanoid-5OucJ1ee',
493 silly reify   'C:\\Users\\tarrs\\Documents\\Codex\\2026-09-08\\build-x20\\frontend\\node_modules\\.bin\\nanoid.cmd': 'C:\\Users\\tarrs\\Documents\\Codex\\2026-09-08\\build-x20\\frontend\\node_modules\\.bin\\.nanoid.cmd-wk6aF6RX',
493 silly reify   'C:\\Users\\tarrs\\Documents\\Codex\\2026-09-08\\build-x20\\frontend\\node_modules\\.bin\\nanoid.ps1': 'C:\\Users\\tarrs\\Documents\\Codex\\2026-09-08\\build-x20\\frontend\\node_modules\\.bin\\.nanoid.ps1-XZAFDYHB',
493 silly reify   'C:\\Users\\tarrs\\Documents\\Codex\\2026-09-08\\build-x20\\frontend\\node_modules\\resolve': 'C:\\Users\\tarrs\\Documents\\Codex\\2026-09-08\\build-x20\\frontend\\node_modules\\.resolve-yc5nPv5f',
493 silly reify   'C:\\Users\\tarrs\\Documents\\Codex\\2026-09-08\\build-x20\\frontend\\node_modules\\.bin\\resolve': 'C:\\Users\\tarrs\\Documents\\Codex\\2026-09-08\\build-x20\\frontend\\node_modules\\.bin\\.resolve-BqzftwAB',
493 silly reify   'C:\\Users\\tarrs\\Documents\\Codex\\2026-09-08\\build-x20\\frontend\\node_modules\\.bin\\resolve.cmd': 'C:\\Users\\tarrs\\Documents\\Codex\\2026-09-08\\build-x20\\frontend\\node_modules\\.bin\\.resolve.cmd-V1eZ1Dh9',
493 silly reify   'C:\\Users\\tarrs\\Documents\\Codex\\2026-09-08\\build-x20\\frontend\\node_modules\\.bin\\resolve.ps1': 'C:\\Users\\tarrs\\Documents\\Codex\\2026-09-08\\build-x20\\frontend\\node_modules\\.bin\\.resolve.ps1-UsL3ST5U',
493 silly reify   'C:\\Users\\tarrs\\Documents\\Codex\\2026-09-08\\build-x20\\frontend\\node_modules\\semver': 'C:\\Users\\tarrs\\Documents\\Codex\\2026-09-08\\build-x20\\frontend\\node_modules\\.semver-vYbO171p',
493 silly reify   'C:\\Users\\tarrs\\Documents\\Codex\\2026-09-08\\build-x20\\frontend\\node_modules\\.bin\\semver': 'C:\\Users\\tarrs\\Documents\\Codex\\2026-09-08\\build-x20\\frontend\\node_modules\\.bin\\.semver-OEJ9Akxg',
493 silly reify   'C:\\Users\\tarrs\\Documents\\Codex\\2026-09-08\\build-x20\\frontend\\node_modules\\.bin\\semver.cmd': 'C:\\Users\\tarrs\\Documents\\Codex\\2026-09-08\\build-x20\\frontend\\node_modules\\.bin\\.semver.cmd-CzGSL9iY',
493 silly reify   'C:\\Users\\tarrs\\Documents\\Codex\\2026-09-08\\build-x20\\frontend\\node_modules\\.bin\\semver.ps1': 'C:\\Users\\tarrs\\Documents\\Codex\\2026-09-08\\build-x20\\frontend\\node_modules\\.bin\\.semver.ps1-nA6HuUkf',
493 silly reify   'C:\\Users\\tarrs\\Documents\\Codex\\2026-09-08\\build-x20\\frontend\\node_modules\\which': 'C:\\Users\\tarrs\\Documents\\Codex\\2026-09-08\\build-x20\\frontend\\node_modules\\.which-qWNfUOei',
493 silly reify   'C:\\Users\\tarrs\\Documents\\Codex\\2026-09-08\\build-x20\\frontend\\node_modules\\.bin\\node-which': 'C:\\Users\\tarrs\\Documents\\Codex\\2026-09-08\\build-x20\\frontend\\node_modules\\.bin\\.node-which-Tqk0oUi7',
493 silly reify   'C:\\Users\\tarrs\\Documents\\Codex\\2026-09-08\\build-x20\\frontend\\node_modules\\.bin\\node-which.cmd': 'C:\\Users\\tarrs\\Documents\\Codex\\2026-09-08\\build-x20\\frontend\\node_modules\\.bin\\.node-which.cmd-4w4KQaYj',
493 silly reify   'C:\\Users\\tarrs\\Documents\\Codex\\2026-09-08\\build-x20\\frontend\\node_modules\\.bin\\node-which.ps1': 'C:\\Users\\tarrs\\Documents\\Codex\\2026-09-08\\build-x20\\frontend\\node_modules\\.bin\\.node-which.ps1-ETpdeSWC',
493 silly reify   'C:\\Users\\tarrs\\Documents\\Codex\\2026-09-08\\build-x20\\frontend\\node_modules\\@typescript-eslint\\typescript-estree\\node_modules\\balanced-match': 'C:\\Users\\tarrs\\Documents\\Codex\\2026-09-08\\build-x20\\frontend\\node_modules\\@typescript-eslint\\typescript-estree\\node_modules\\.balanced-match-zyCFkypa',
493 silly reify   'C:\\Users\\tarrs\\Documents\\Codex\\2026-09-08\\build-x20\\frontend\\node_modules\\@typescript-eslint\\typescript-estree\\node_modules\\brace-expansion': 'C:\\Users\\tarrs\\Documents\\Codex\\2026-09-08\\build-x20\\frontend\\node_modules\\@typescript-eslint\\typescript-estree\\node_modules\\.brace-expansion-XuTPMXPZ'
493 silly reify }
494 silly audit bulk request {
494 silly audit   acorn: [ '8.18.0' ],
494 silly audit   argparse: [ '2.0.1' ],
494 silly audit   'acorn-jsx': [ '5.3.2' ],
494 silly audit   'ansi-styles': [ '4.3.0' ],
494 silly audit   'array.prototype.findlast': [ '1.2.5' ],
494 silly audit   'aria-query': [ '5.3.2' ],
494 silly audit   'array-buffer-byte-length': [ '1.0.2' ],
494 silly audit   'array.prototype.tosorted': [ '1.1.4' ],
494 silly audit   'array-includes': [ '3.1.9' ],
494 silly audit   'array.prototype.findlastindex': [ '1.2.6' ],
494 silly audit   'array.prototype.flatmap': [ '1.3.3' ],
494 silly audit   'axobject-query': [ '4.1.0' ],
494 silly audit   'arraybuffer.prototype.slice': [ '1.0.4' ],
494 silly audit   'ast-types-flow': [ '0.0.8' ],
494 silly audit   'async-function': [ '1.0.0' ],
494 silly audit   'available-typed-arrays': [ '1.0.7' ],
494 silly audit   'axe-core': [ '4.13.0' ],
494 silly audit   'brace-expansion': [ '1.1.18' ],
494 silly audit   'balanced-match': [ '1.0.2' ],
494 silly audit   braces: [ '3.0.3' ],
494 silly audit   'call-bind': [ '1.0.9' ],
494 silly audit   'call-bind-apply-helpers': [ '1.0.2' ],
494 silly audit   callsites: [ '3.1.0' ],
494 silly audit   'call-bound': [ '1.0.4' ],
494 silly audit   'client-only': [ '0.0.1' ],
494 silly audit   'color-convert': [ '2.0.1' ],
494 silly audit   'color-name': [ '1.1.4' ],
494 silly audit   'data-view-byte-offset': [ '1.0.1' ],
494 silly audit   'concat-map': [ '0.0.1' ],
494 silly audit   'damerau-levenshtein': [ '1.0.8' ],
494 silly audit   'data-view-byte-length': [ '1.0.2' ],
494 silly audit   'deep-is': [ '0.1.4' ],
494 silly audit   debug: [ '4.4.3', '3.2.7' ],
494 silly audit   'detect-libc': [ '2.1.2' ],
494 silly audit   'data-view-buffer': [ '1.0.2' ],
494 silly audit   'dunder-proto': [ '1.0.1' ],
494 silly audit   'define-data-property': [ '1.1.4' ],
494 silly audit   'emoji-regex': [ '9.2.2' ],
494 silly audit   'define-properties': [ '1.2.1' ],
494 silly audit   doctrine: [ '2.1.0' ],
494 silly audit   'es-define-property': [ '1.0.1' ],
494 silly audit   'es-abstract-get': [ '1.0.0' ],
494 silly audit   'es-errors': [ '1.3.0' ],
494 silly audit   'es-object-atoms': [ '1.1.2' ],
494 silly audit   'es-set-tostringtag': [ '2.1.0' ],
494 silly audit   'es-iterator-helpers': [ '1.4.0' ],
494 silly audit   'es-shim-unscopables': [ '1.1.0' ],
494 silly audit   'es-to-primitive': [ '1.3.4' ],
494 silly audit   'eslint-module-utils': [ '2.14.0' ],
494 silly audit   'eslint-import-resolver-typescript': [ '3.10.1' ],
494 silly audit   'eslint-import-resolver-node': [ '0.3.10' ],
494 silly audit   'escape-string-regexp': [ '4.0.0' ],
494 silly audit   'eslint-plugin-jsx-a11y': [ '6.10.2' ],
494 silly audit   chalk: [ '4.1.2' ],
494 silly audit   'cross-spawn': [ '7.0.6' ],
494 silly audit   'eslint-plugin-react': [ '7.37.5' ],
494 silly audit   esrecurse: [ '4.3.0' ],
494 silly audit   'eslint-scope': [ '8.4.0' ],
494 silly audit   'eslint-plugin-react-hooks': [ '5.2.0' ],
494 silly audit   'eslint-visitor-keys': [ '4.2.1', '3.4.3' ],
494 silly audit   estraverse: [ '5.3.0' ],
494 silly audit   'fast-json-stable-stringify': [ '2.1.0' ],
494 silly audit   'fast-glob': [ '3.3.1' ],
494 silly audit   'fast-deep-equal': [ '3.1.3' ],
494 silly audit   'find-up': [ '5.0.0' ],
494 silly audit   'fast-levenshtein': [ '2.0.6' ],
494 silly audit   'file-entry-cache': [ '8.0.0' ],
494 silly audit   fastq: [ '1.20.3' ],
494 silly audit   'fill-range': [ '7.1.1' ],
494 silly audit   'flat-cache': [ '4.0.1' ],
494 silly audit   flatted: [ '3.4.4' ],
494 silly audit   'for-each': [ '0.3.5' ],
494 silly audit   'functions-have-names': [ '1.2.3' ],
494 silly audit   'function-bind': [ '1.1.2' ],
494 silly audit   'function.prototype.name': [ '1.2.0' ],
494 silly audit   'generator-function': [ '2.0.1' ],
494 silly audit   'get-intrinsic': [ '1.3.0' ],
494 silly audit   'get-symbol-description': [ '1.1.0' ],
494 silly audit   'get-tsconfig': [ '4.14.3' ],
494 silly audit   'get-proto': [ '1.0.1' ],
494 silly audit   'glob-parent': [ '6.0.2' ],
494 silly audit   globalthis: [ '1.0.4' ],
494 silly audit   globals: [ '14.0.0' ],
494 silly audit   gopd: [ '1.2.0' ],
494 silly audit   'has-bigints': [ '1.1.0' ],
494 silly audit   'has-flag': [ '4.0.0' ],
494 silly audit   'has-property-descriptors': [ '1.0.2' ],
494 silly audit   'has-proto': [ '1.2.0' ],
494 silly audit   'has-tostringtag': [ '1.0.2' ],
494 silly audit   'has-symbols': [ '1.1.0' ],
494 silly audit   imurmurhash: [ '0.1.4' ],
494 silly audit   hasown: [ '2.0.4' ],
494 silly audit   'is-array-buffer': [ '3.0.5' ],
494 silly audit   'internal-slot': [ '1.1.0' ],
494 silly audit   ignore: [ '5.3.2', '7.0.9' ],
494 silly audit   'import-fresh': [ '3.3.1' ],
494 silly audit   'is-async-function': [ '2.1.1' ],
494 silly audit   'is-bigint': [ '1.1.0' ],
494 silly audit   'is-bun-module': [ '2.0.0' ],
494 silly audit   'is-boolean-object': [ '1.2.2' ],
494 silly audit   'is-callable': [ '1.2.7' ],
494 silly audit   'is-document.all': [ '1.0.0' ],
494 silly audit   'is-core-module': [ '2.16.2' ],
494 silly audit   'is-data-view': [ '1.0.2' ],
494 silly audit   'is-date-object': [ '1.1.0' ],
494 silly audit   'is-extglob': [ '2.1.1' ],
494 silly audit   'is-finalizationregistry': [ '1.1.1' ],
494 silly audit   'is-glob': [ '4.0.3' ],
494 silly audit   'is-number': [ '7.0.0' ],
494 silly audit   'is-generator-function': [ '1.1.2' ],
494 silly audit   'is-map': [ '2.0.3' ],
494 silly audit   'is-negative-zero': [ '2.0.3' ],
494 silly audit   'is-regex': [ '1.2.1' ],
494 silly audit   'is-number-object': [ '1.1.1' ],
494 silly audit   'is-set': [ '2.0.3' ],
494 silly audit   'is-string': [ '1.1.1' ],
494 silly audit   'is-shared-array-buffer': [ '1.0.4' ],
494 silly audit   'is-typed-array': [ '1.1.15' ],
494 silly audit   'is-symbol': [ '1.1.1' ],
494 silly audit   'is-weakref': [ '1.1.1' ],
494 silly audit   'is-weakmap': [ '2.0.2' ],
494 silly audit   isarray: [ '2.0.5' ],
494 silly audit   'iterator.prototype': [ '1.1.5' ],
494 silly audit   'is-weakset': [ '2.0.4' ],
494 silly audit   'json-buffer': [ '3.0.1' ],
494 silly audit   isexe: [ '2.0.0' ],
494 silly audit   'json-stable-stringify-without-jsonify': [ '1.0.1' ],
494 silly audit   'js-tokens': [ '4.0.0' ],
494 silly audit   'js-yaml': [ '4.3.2' ],
494 silly audit   'json-schema-traverse': [ '0.4.1' ],
494 silly audit   'jsx-ast-utils': [ '3.3.5' ],
494 silly audit   json5: [ '1.0.2' ],
494 silly audit   'language-subtag-registry': [ '0.3.23' ],
494 silly audit   keyv: [ '4.5.4' ],
494 silly audit   'language-tags': [ '1.0.9' ],
494 silly audit   levn: [ '0.4.1' ],
494 silly audit   'lightningcss-win32-x64-msvc': [ '1.32.0' ],
494 silly audit   'locate-path': [ '6.0.0' ],
494 silly audit   'loose-envify': [ '1.4.0' ],
494 silly audit   'lodash.merge': [ '4.6.2' ],
494 silly audit   'math-intrinsics': [ '1.1.0' ],
494 silly audit   micromatch: [ '4.0.8' ],
494 silly audit   merge2: [ '1.4.1' ],
494 silly audit   minimatch: [ '3.1.5' ],
494 silly audit   ms: [ '2.1.3' ],
494 silly audit   nanoid: [ '3.3.18' ],
494 silly audit   minimist: [ '1.2.8' ],
494 silly audit   'napi-postinstall': [ '0.3.4' ],
494 silly audit   'object-inspect': [ '1.13.4' ],
494 silly audit   'natural-compare': [ '1.4.0' ],
494 silly audit   'node-exports-info': [ '1.6.2' ],
494 silly audit   'object.entries': [ '1.1.9' ],
494 silly audit   'object-assign': [ '4.1.1' ],
494 silly audit   'object-keys': [ '1.1.1' ],
494 silly audit   'object.assign': [ '4.1.7' ],
494 silly audit   'object.fromentries': [ '2.0.8' ],
494 silly audit   'object.groupby': [ '1.0.3' ],
494 silly audit   optionator: [ '0.9.4' ],
494 silly audit   'object.values': [ '1.2.1' ],
494 silly audit   'own-keys': [ '1.0.2' ],
494 silly audit   'p-limit': [ '3.1.0' ],
494 silly audit   'path-exists': [ '4.0.0' ],
494 silly audit   'p-locate': [ '5.0.0' ],
494 silly audit   picocolors: [ '1.1.1' ],
494 silly audit   'parent-module': [ '1.0.1' ],
494 silly audit   'path-key': [ '3.1.1' ],
494 silly audit   'path-parse': [ '1.0.7' ],
494 silly audit   picomatch: [ '2.3.2' ],
494 silly audit   'possible-typed-array-names': [ '1.1.0' ],
494 silly audit   'prelude-ls': [ '1.2.1' ],
494 silly audit   'prop-types': [ '15.8.1' ],
494 silly audit   punycode: [ '2.3.1' ],
494 silly audit   'queue-microtask': [ '1.2.3' ],
494 silly audit   'resolve-from': [ '4.0.0' ],
494 silly audit   'react-is': [ '16.13.1' ],
494 silly audit   'regexp.prototype.flags': [ '1.5.4' ],
494 silly audit   resolve: [ '2.0.0-next.7' ],
494 silly audit   'resolve-pkg-maps': [ '1.0.0' ],
494 silly audit   reusify: [ '1.1.0' ],
494 silly audit   'run-parallel': [ '1.2.0' ],
494 silly audit   'safe-array-concat': [ '1.1.4' ],
494 silly audit   'safe-push-apply': [ '1.0.0' ],
494 silly audit   'safe-regex-test': [ '1.1.0' ],
494 silly audit   scheduler: [ '0.27.0' ],
494 silly audit   'set-function-name': [ '2.0.2' ],
494 silly audit   semver: [ '7.8.5', '6.3.1' ],
494 silly audit   'reflect.getprototypeof': [ '1.0.10' ],
494 silly audit   'shebang-regex': [ '3.0.0' ],
494 silly audit   'set-function-length': [ '1.2.2' ],
494 silly audit   'set-proto': [ '1.0.0' ],
494 silly audit   'side-channel': [ '1.1.1' ],
494 silly audit   sharp: [ '0.35.4' ],
494 silly audit   'shebang-command': [ '2.0.0' ],
494 silly audit   'stop-iteration-iterator': [ '1.1.0' ],
494 silly audit   'side-channel-map': [ '1.0.1' ],
494 silly audit   'side-channel-list': [ '1.0.1' ],
494 silly audit   'side-channel-weakmap': [ '1.0.2' ],
494 silly audit   'stable-hash': [ '0.0.5' ],
494 silly audit   'string.prototype.includes': [ '2.0.1' ],
494 silly audit   'string.prototype.matchall': [ '4.1.0' ],
494 silly audit   'string.prototype.repeat': [ '1.0.0' ],
494 silly audit   'string.prototype.trim': [ '1.2.11' ],
494 silly audit   'string.prototype.trimend': [ '1.0.10' ],
494 silly audit   'string.prototype.trimstart': [ '1.0.8' ],
494 silly audit   'strip-bom': [ '3.0.0' ],
494 silly audit   'strip-json-comments': [ '3.1.1' ],
494 silly audit   'styled-jsx': [ '5.1.6' ],
494 silly audit   'supports-color': [ '7.2.0' ],
494 silly audit   'supports-preserve-symlinks-flag': [ '1.0.0' ],
494 silly audit   tinyglobby: [ '0.2.17' ],
494 silly audit   'to-regex-range': [ '5.0.1' ],
494 silly audit   'ts-api-utils': [ '2.5.0' ],
494 silly audit   'typed-array-buffer': [ '1.0.3' ],
494 silly audit   'tsconfig-paths': [ '3.15.0' ],
494 silly audit   tslib: [ '2.8.1' ],
494 silly audit   'type-check': [ '0.4.0' ],
494 silly audit   'typed-array-byte-length': [ '1.0.3' ],
494 silly audit   'unrs-resolver': [ '1.12.2' ],
494 silly audit   'typed-array-byte-offset': [ '1.0.4' ],
494 silly audit   'typed-array-length': [ '1.0.8' ],
494 silly audit   'unbox-primitive': [ '1.1.0' ],
494 silly audit   'uri-js': [ '4.4.1' ],
494 silly audit   which: [ '2.0.2' ],
494 silly audit   'which-boxed-primitive': [ '1.1.1' ],
494 silly audit   'which-builtin-type': [ '1.2.1' ],
494 silly audit   'which-collection': [ '1.0.2' ],
494 silly audit   'word-wrap': [ '1.2.5' ],
494 silly audit   'which-typed-array': [ '1.1.22' ],
494 silly audit   'yocto-queue': [ '0.1.0' ],
494 silly audit   espree: [ '10.4.0' ],
494 silly audit   esquery: [ '1.7.0' ],
494 silly audit   esutils: [ '2.0.3' ],
494 silly audit   '@eslint/object-schema': [ '2.1.7' ],
494 silly audit   '@humanfs/core': [ '0.19.2' ],
494 silly audit   '@humanfs/node': [ '0.16.8' ],
494 silly audit   '@humanfs/types': [ '0.15.0' ],
494 silly audit   '@humanwhocodes/retry': [ '0.4.3' ],
494 silly audit   '@img/colour': [ '1.1.0' ],
494 silly audit   '@next/env': [ '15.5.25' ],
494 silly audit   '@next/eslint-plugin-next': [ '15.5.25' ],
494 silly audit   '@nodelib/fs.scandir': [ '2.1.5' ],
494 silly audit   '@nodelib/fs.walk': [ '1.2.8' ],
494 silly audit   '@next/swc-win32-x64-msvc': [ '15.5.25' ],
494 silly audit   '@rtsao/scc': [ '1.1.0' ],
494 silly audit   '@nodelib/fs.stat': [ '2.0.5' ],
494 silly audit   '@eslint/js': [ '9.39.5' ],
494 silly audit   '@nolyfill/is-core-module': [ '1.0.39' ],
494 silly audit   '@rushstack/eslint-patch': [ '1.16.1' ],
494 silly audit   '@swc/helpers': [ '0.5.15' ],
494 silly audit   '@typescript-eslint/parser': [ '8.70.0' ],
494 silly audit   '@tailwindcss/oxide-win32-x64-msvc': [ '4.3.3' ],
494 silly audit   '@types/estree': [ '1.0.9' ],
494 silly audit   '@types/json5': [ '0.0.29' ],
494 silly audit   '@types/json-schema': [ '7.0.15' ],
494 silly audit   '@typescript-eslint/project-service': [ '8.70.0' ],
494 silly audit   '@typescript-eslint/type-utils': [ '8.70.0' ],
494 silly audit   '@typescript-eslint/tsconfig-utils': [ '8.70.0' ],
494 silly audit   '@typescript-eslint/types': [ '8.70.0' ],
494 silly audit   '@typescript-eslint/typescript-estree': [ '8.70.0' ],
494 silly audit   '@typescript-eslint/visitor-keys': [ '8.70.0' ],
494 silly audit   '@typescript-eslint/utils': [ '8.70.0' ],
494 silly audit   '@unrs/resolver-binding-win32-x64-msvc': [ '1.12.2' ],
494 silly audit   '@eslint/eslintrc': [ '3.3.7' ],
494 silly audit   '@eslint/config-helpers': [ '0.4.2' ],
494 silly audit   '@typescript-eslint/scope-manager': [ '8.70.0' ],
494 silly audit   '@tailwindcss/postcss': [ '4.3.3' ],
494 silly audit   '@types/node': [ '22.20.1' ],
494 silly audit   '@types/react': [ '19.2.18' ],
494 silly audit   '@types/react-dom': [ '19.2.7' ],
494 silly audit   eslint: [ '9.39.5' ],
494 silly audit   'eslint-config-next': [ '15.5.25' ],
494 silly audit   next: [ '15.5.25' ],
494 silly audit   react: [ '19.2.8' ],
494 silly audit   'react-dom': [ '19.2.8' ],
494 silly audit   tailwindcss: [ '4.3.3' ],
494 silly audit   typescript: [ '5.9.3' ],
494 silly audit   '@alloc/quick-lru': [ '5.3.0' ],
494 silly audit   '@tailwindcss/node': [ '4.3.3' ],
494 silly audit   '@tailwindcss/oxide': [ '4.3.3' ],
494 silly audit   postcss: [ '8.5.28', '8.4.31' ],
494 silly audit   '@jridgewell/remapping': [ '2.3.5' ],
494 silly audit   'enhanced-resolve': [ '5.24.5' ],
494 silly audit   jiti: [ '2.7.0' ],
494 silly audit   lightningcss: [ '1.32.0' ],
494 silly audit   'magic-string': [ '0.30.21' ],
494 silly audit   'source-map-js': [ '1.2.1' ],
494 silly audit   '@tailwindcss/oxide-android-arm64': [ '4.3.3' ],
494 silly audit   '@tailwindcss/oxide-darwin-arm64': [ '4.3.3' ],
494 silly audit   '@tailwindcss/oxide-darwin-x64': [ '4.3.3' ],
494 silly audit   '@tailwindcss/oxide-freebsd-x64': [ '4.3.3' ],
494 silly audit   '@tailwindcss/oxide-linux-arm-gnueabihf': [ '4.3.3' ],
494 silly audit   '@tailwindcss/oxide-linux-arm64-gnu': [ '4.3.3' ],
494 silly audit   '@tailwindcss/oxide-linux-arm64-musl': [ '4.3.3' ],
494 silly audit   '@tailwindcss/oxide-linux-x64-gnu': [ '4.3.3' ],
494 silly audit   '@tailwindcss/oxide-linux-x64-musl': [ '4.3.3' ],
494 silly audit   '@tailwindcss/oxide-wasm32-wasi': [ '4.3.3' ],
494 silly audit   '@tailwindcss/oxide-win32-arm64-msvc': [ '4.3.3' ],
494 silly audit   'undici-types': [ '6.21.0' ],
494 silly audit   csstype: [ '3.2.3' ],
494 silly audit   '@eslint-community/eslint-utils': [ '4.10.1' ],
494 silly audit   '@eslint-community/regexpp': [ '4.12.2' ],
494 silly audit   '@eslint/config-array': [ '0.21.2' ],
494 silly audit   '@eslint/core': [ '0.17.0' ],
494 silly audit   '@eslint/plugin-kit': [ '0.4.1' ],
494 silly audit   '@humanwhocodes/module-importer': [ '1.0.1' ],
494 silly audit   ajv: [ '6.15.0' ],
494 silly audit   '@typescript-eslint/eslint-plugin': [ '8.70.0' ],
494 silly audit   'eslint-plugin-import': [ '2.32.0' ],
494 silly audit   '@next/swc-darwin-arm64': [ '15.5.25' ],
494 silly audit   '@next/swc-darwin-x64': [ '15.5.25' ],
494 silly audit   '@next/swc-linux-arm64-gnu': [ '15.5.25' ],
494 silly audit   '@next/swc-linux-arm64-musl': [ '15.5.25' ],
494 silly audit   '@next/swc-linux-x64-gnu': [ '15.5.25' ],
494 silly audit   '@next/swc-linux-x64-musl': [ '15.5.25' ],
494 silly audit   '@next/swc-win32-arm64-msvc': [ '15.5.25' ],
494 silly audit   'caniuse-lite': [ '1.0.30001810' ],
494 silly audit   '@jridgewell/gen-mapping': [ '0.3.13' ],
494 silly audit   '@jridgewell/trace-mapping': [ '0.3.31' ],
494 silly audit   '@jridgewell/sourcemap-codec': [ '1.6.0' ],
494 silly audit   '@jridgewell/resolve-uri': [ '3.1.2' ],
494 silly audit   'graceful-fs': [ '4.2.11' ],
494 silly audit   tapable: [ '2.3.3' ],
494 silly audit   'lightningcss-android-arm64': [ '1.32.0' ],
494 silly audit   'lightningcss-darwin-arm64': [ '1.32.0' ],
494 silly audit   'lightningcss-darwin-x64': [ '1.32.0' ],
494 silly audit   'lightningcss-freebsd-x64': [ '1.32.0' ],
494 silly audit   'lightningcss-linux-arm-gnueabihf': [ '1.32.0' ],
494 silly audit   'lightningcss-linux-arm64-gnu': [ '1.32.0' ],
494 silly audit   'lightningcss-linux-arm64-musl': [ '1.32.0' ],
494 silly audit   'lightningcss-linux-x64-gnu': [ '1.32.0' ],
494 silly audit   'lightningcss-linux-x64-musl': [ '1.32.0' ],
494 silly audit   'lightningcss-win32-arm64-msvc': [ '1.32.0' ],
494 silly audit   'array.prototype.flat': [ '1.3.3' ],
494 silly audit   'es-abstract': [ '1.24.2' ]
494 silly audit }
495 silly packumentCache corgi:https://registry.npmjs.org/which cache-miss
496 silly packumentCache corgi:https://registry.npmjs.org/semver cache-miss
497 silly packumentCache corgi:https://registry.npmjs.org/resolve cache-miss
498 silly packumentCache corgi:https://registry.npmjs.org/nanoid cache-miss
499 silly packumentCache corgi:https://registry.npmjs.org/loose-envify cache-miss
500 silly packumentCache corgi:https://registry.npmjs.org/napi-postinstall cache-miss
501 silly packumentCache corgi:https://registry.npmjs.org/js-yaml cache-miss
502 silly packumentCache corgi:https://registry.npmjs.org/@typescript-eslint%2fscope-manager cache-miss
503 http cache @types/react-dom@https://registry.npmjs.org/@types/react-dom/-/react-dom-19.2.7.tgz 0ms (cache hit)
504 silly packumentCache corgi:https://registry.npmjs.org/acorn cache-miss
505 silly packumentCache corgi:https://registry.npmjs.org/json5 cache-miss
506 http cache @typescript-eslint/eslint-plugin@https://registry.npmjs.org/@typescript-eslint/eslint-plugin/-/eslint-plugin-8.70.0.tgz 0ms (cache hit)
507 http cache @types/node@https://registry.npmjs.org/@types/node/-/node-22.20.1.tgz 0ms (cache hit)
508 http cache @types/react@https://registry.npmjs.org/@types/react/-/react-19.2.18.tgz 0ms (cache hit)
509 http cache @eslint-community/regexpp@https://registry.npmjs.org/@eslint-community/regexpp/-/regexpp-4.12.2.tgz 0ms (cache hit)
510 http cache @tailwindcss/postcss@https://registry.npmjs.org/@tailwindcss/postcss/-/postcss-4.3.3.tgz 1ms (cache hit)
511 silly packumentCache corgi:https://registry.npmjs.org/@tailwindcss%2foxide-win32-x64-msvc cache-miss
512 http cache @tailwindcss/oxide@https://registry.npmjs.org/@tailwindcss/oxide/-/oxide-4.3.3.tgz 0ms (cache hit)
513 http cache @tailwindcss/node@https://registry.npmjs.org/@tailwindcss/node/-/node-4.3.3.tgz 0ms (cache hit)
514 http cache @eslint-community/eslint-utils@https://registry.npmjs.org/@eslint-community/eslint-utils/-/eslint-utils-4.10.1.tgz 0ms (cache hit)
515 http cache @humanwhocodes/module-importer@https://registry.npmjs.org/@humanwhocodes/module-importer/-/module-importer-1.0.1.tgz 0ms (cache hit)
516 silly packumentCache corgi:https://registry.npmjs.org/@eslint%2fjs cache-miss
517 http cache @eslint/plugin-kit@https://registry.npmjs.org/@eslint/plugin-kit/-/plugin-kit-0.4.1.tgz 0ms (cache hit)
518 silly packumentCache corgi:https://registry.npmjs.org/@eslint%2feslintrc cache-miss
519 silly packumentCache corgi:https://registry.npmjs.org/@eslint%2fconfig-helpers cache-miss
520 http cache @eslint/config-array@https://registry.npmjs.org/@eslint/config-array/-/config-array-0.21.2.tgz 1ms (cache hit)
521 http cache @alloc/quick-lru@https://registry.npmjs.org/@alloc/quick-lru/-/quick-lru-5.3.0.tgz 0ms (cache hit)
522 http cache typescript@https://registry.npmjs.org/typescript/-/typescript-5.9.3.tgz 0ms (cache hit)
523 http cache @eslint/core@https://registry.npmjs.org/@eslint/core/-/core-0.17.0.tgz 0ms (cache hit)
524 http cache react@https://registry.npmjs.org/react/-/react-19.2.8.tgz 0ms (cache hit)
525 http cache undici-types@https://registry.npmjs.org/undici-types/-/undici-types-6.21.0.tgz 0ms (cache hit)
526 http cache tailwindcss@https://registry.npmjs.org/tailwindcss/-/tailwindcss-4.3.3.tgz 0ms (cache hit)
527 http cache postcss@https://registry.npmjs.org/postcss/-/postcss-8.5.28.tgz 0ms (cache hit)
528 silly packumentCache corgi:https://registry.npmjs.org/esquery cache-miss
529 silly packumentCache corgi:https://registry.npmjs.org/espree cache-miss
530 silly packumentCache corgi:https://registry.npmjs.org/eslint-scope cache-miss
531 http cache eslint-config-next@https://registry.npmjs.org/eslint-config-next/-/eslint-config-next-15.5.25.tgz 0ms (cache hit)
532 silly packumentCache corgi:https://registry.npmjs.org/esutils cache-miss
533 http cache eslint@https://registry.npmjs.org/eslint/-/eslint-9.39.5.tgz 0ms (cache hit)
534 http cache csstype@https://registry.npmjs.org/csstype/-/csstype-3.2.3.tgz 0ms (cache hit)
535 silly packumentCache corgi:https://registry.npmjs.org/cross-spawn cache-miss
536 http cache caniuse-lite@https://registry.npmjs.org/caniuse-lite/-/caniuse-lite-1.0.30001810.tgz 0ms (cache hit)
537 http cache tapable@https://registry.npmjs.org/tapable/-/tapable-2.3.3.tgz 1ms (cache hit)
538 http cache graceful-fs@https://registry.npmjs.org/graceful-fs/-/graceful-fs-4.2.11.tgz 0ms (cache hit)
539 silly packumentCache corgi:https://registry.npmjs.org/chalk cache-miss
540 http cache ajv@https://registry.npmjs.org/ajv/-/ajv-6.15.0.tgz 0ms (cache hit)
541 http cache ignore@https://registry.npmjs.org/ignore/-/ignore-7.0.9.tgz 0ms (cache hit)
542 http cache @jridgewell/resolve-uri@https://registry.npmjs.org/@jridgewell/resolve-uri/-/resolve-uri-3.1.2.tgz 0ms (cache hit)
543 http cache @jridgewell/trace-mapping@https://registry.npmjs.org/@jridgewell/trace-mapping/-/trace-mapping-0.3.31.tgz 0ms (cache hit)
544 http cache source-map-js@https://registry.npmjs.org/source-map-js/-/source-map-js-1.2.1.tgz 1ms (cache hit)
545 http cache @jridgewell/gen-mapping@https://registry.npmjs.org/@jridgewell/gen-mapping/-/gen-mapping-0.3.13.tgz 0ms (cache hit)
546 http cache @jridgewell/sourcemap-codec@https://registry.npmjs.org/@jridgewell/sourcemap-codec/-/sourcemap-codec-1.6.0.tgz 0ms (cache hit)
547 http cache @jridgewell/remapping@https://registry.npmjs.org/@jridgewell/remapping/-/remapping-2.3.5.tgz 0ms (cache hit)
548 http cache magic-string@https://registry.npmjs.org/magic-string/-/magic-string-0.30.21.tgz 0ms (cache hit)
549 http cache jiti@https://registry.npmjs.org/jiti/-/jiti-2.7.0.tgz 0ms (cache hit)
550 http cache lightningcss@https://registry.npmjs.org/lightningcss/-/lightningcss-1.32.0.tgz 0ms (cache hit)
551 http cache eslint-visitor-keys@https://registry.npmjs.org/eslint-visitor-keys/-/eslint-visitor-keys-3.4.3.tgz 0ms (cache hit)
552 http cache source-map-js@https://registry.npmjs.org/source-map-js/-/source-map-js-1.2.1.tgz 0ms (cache hit)
553 http cache source-map-js@https://registry.npmjs.org/source-map-js/-/source-map-js-1.2.1.tgz 0ms (cache hit)
554 http cache postcss@https://registry.npmjs.org/postcss/-/postcss-8.4.31.tgz 0ms (cache hit)
555 http cache enhanced-resolve@https://registry.npmjs.org/enhanced-resolve/-/enhanced-resolve-5.24.5.tgz 0ms (cache hit)
556 http cache es-abstract@https://registry.npmjs.org/es-abstract/-/es-abstract-1.24.2.tgz 0ms (cache hit)
557 http cache debug@https://registry.npmjs.org/debug/-/debug-3.2.7.tgz 0ms (cache hit)
558 http cache array.prototype.flat@https://registry.npmjs.org/array.prototype.flat/-/array.prototype.flat-1.3.3.tgz 0ms (cache hit)
559 silly tarball no local data for typescript@https://registry.npmjs.org/typescript/-/typescript-5.9.3.tgz. Extracting by manifest.
560 http cache semver@https://registry.npmjs.org/semver/-/semver-6.3.1.tgz 0ms (cache hit)
561 silly tarball no local data for es-abstract@https://registry.npmjs.org/es-abstract/-/es-abstract-1.24.2.tgz. Extracting by manifest.
562 http cache eslint-plugin-import@https://registry.npmjs.org/eslint-plugin-import/-/eslint-plugin-import-2.32.0.tgz 0ms (cache hit)
563 http fetch POST 200 https://registry.npmjs.org/-/npm/v1/security/advisories/bulk 1083ms
564 silly audit report {
564 silly audit report   postcss: [
564 silly audit report     {
564 silly audit report       id: 1130709,
564 silly audit report       url: 'https://github.com/advisories/GHSA-fxqj-rqcc-2cmp',
564 silly audit report       title: 'PostCSS: incomplete fix of GHSA-6g55-p6wh-862q — attacker-controlled sourceMappingURL reads arbitrary .map files when `from` is unset',
564 silly audit report       severity: 'moderate',
564 silly audit report       vulnerable_versions: '<=8.5.22',
564 silly audit report       cwe: [Array],
564 silly audit report       cvss: [Object]
564 silly audit report     },
564 silly audit report     {
564 silly audit report       id: 1117015,
564 silly audit report       url: 'https://github.com/advisories/GHSA-qx2v-qp2m-jg93',
564 silly audit report       title: 'PostCSS has XSS via Unescaped </style> in its CSS Stringify Output',
564 silly audit report       severity: 'moderate',
564 silly audit report       vulnerable_versions: '<8.5.10',
564 silly audit report       cwe: [Array],
564 silly audit report       cvss: [Object]
564 silly audit report     },
564 silly audit report     {
564 silly audit report       id: 1124252,
564 silly audit report       url: 'https://github.com/advisories/GHSA-6g55-p6wh-862q',
564 silly audit report       title: 'PostCSS: Arbitrary file read and information disclosure via attacker-controlled sourceMappingURL in CSS comments',
564 silly audit report       severity: 'high',
564 silly audit report       vulnerable_versions: '<=8.5.11',
564 silly audit report       cwe: [Array],
564 silly audit report       cvss: [Object]
564 silly audit report     },
564 silly audit report     {
564 silly audit report       id: 1139510,
564 silly audit report       url: 'https://github.com/advisories/GHSA-r28c-9q8g-f849',
564 silly audit report       title: 'PostCSS: Path Traversal in Previous Source Map Auto-Loading (sourceMappingURL) leads to Arbitrary .map File Disclosure',
564 silly audit report       severity: 'high',
564 silly audit report       vulnerable_versions: '<=8.5.17',
564 silly audit report       cwe: [Array],
564 silly audit report       cvss: [Object]
564 silly audit report     }
564 silly audit report   ]
564 silly audit report }
565 silly packumentCache corgi:https://registry.npmjs.org/postcss cache-miss
566 http cache https://registry.npmjs.org/postcss 127ms (cache hit)
567 silly packumentCache corgi:https://registry.npmjs.org/postcss set size:357674 disposed:false
568 silly packumentCache corgi:https://registry.npmjs.org/next cache-miss
569 http fetch GET 200 https://registry.npmjs.org/loose-envify 1537ms (cache miss)
570 silly packumentCache corgi:https://registry.npmjs.org/loose-envify set size:undefined disposed:false
571 http fetch GET 200 https://registry.npmjs.org/@eslint%2feslintrc 1514ms (cache miss)
572 silly packumentCache corgi:https://registry.npmjs.org/@eslint%2feslintrc set size:undefined disposed:false
573 http fetch GET 200 https://registry.npmjs.org/esutils 1550ms (cache miss)
574 silly packumentCache corgi:https://registry.npmjs.org/esutils set size:undefined disposed:false
575 http fetch GET 200 https://registry.npmjs.org/eslint-scope 1582ms (cache miss)
576 silly packumentCache corgi:https://registry.npmjs.org/eslint-scope set size:undefined disposed:false
577 http cache https://registry.npmjs.org/loose-envify/-/loose-envify-1.4.0.tgz 93ms (cache hit)
578 http fetch GET 200 https://registry.npmjs.org/resolve 1665ms (cache miss)
579 silly packumentCache corgi:https://registry.npmjs.org/resolve set size:undefined disposed:false
580 http cache https://registry.npmjs.org/esutils/-/esutils-2.0.3.tgz 99ms (cache hit)
581 http cache https://registry.npmjs.org/eslint-scope/-/eslint-scope-8.4.0.tgz 104ms (cache hit)
582 http cache https://registry.npmjs.org/resolve/-/resolve-2.0.0-next.7.tgz 138ms (cache hit)
583 http fetch GET 200 https://registry.npmjs.org/@eslint%2fjs 1862ms (cache miss)
584 silly packumentCache corgi:https://registry.npmjs.org/@eslint%2fjs set size:undefined disposed:false
585 http fetch GET 200 https://registry.npmjs.org/cross-spawn 1913ms (cache miss)
586 silly packumentCache corgi:https://registry.npmjs.org/cross-spawn set size:undefined disposed:false
587 http fetch GET 200 https://registry.npmjs.org/which 1972ms (cache miss)
588 silly packumentCache corgi:https://registry.npmjs.org/which set size:undefined disposed:false
589 http fetch GET 200 https://registry.npmjs.org/js-yaml 1973ms (cache miss)
590 silly packumentCache corgi:https://registry.npmjs.org/js-yaml set size:undefined disposed:false
591 http cache https://registry.npmjs.org/which/-/which-2.0.2.tgz 50ms (cache hit)
592 http cache https://registry.npmjs.org/cross-spawn/-/cross-spawn-7.0.6.tgz 56ms (cache hit)
593 http cache https://registry.npmjs.org/js-yaml/-/js-yaml-4.3.2.tgz 72ms (cache hit)
594 http fetch GET 200 https://registry.npmjs.org/@eslint/js/-/js-9.39.5.tgz 180ms (cache revalidated)
595 http fetch GET 200 https://registry.npmjs.org/@eslint/eslintrc/-/eslintrc-3.3.7.tgz 548ms (cache revalidated)
596 http fetch GET 200 https://registry.npmjs.org/espree 2065ms (cache miss)
597 silly packumentCache corgi:https://registry.npmjs.org/espree set size:undefined disposed:false
598 http cache https://registry.npmjs.org/espree/-/espree-10.4.0.tgz 55ms (cache hit)
599 http fetch GET 200 https://registry.npmjs.org/chalk 2162ms (cache miss)
600 silly packumentCache corgi:https://registry.npmjs.org/chalk set size:undefined disposed:false
601 http fetch GET 200 https://registry.npmjs.org/napi-postinstall 2236ms (cache miss)
602 silly packumentCache corgi:https://registry.npmjs.org/napi-postinstall set size:undefined disposed:false
603 http fetch GET 200 https://registry.npmjs.org/nanoid 2247ms (cache miss)
604 silly packumentCache corgi:https://registry.npmjs.org/nanoid set size:undefined disposed:false
605 http fetch GET 200 https://registry.npmjs.org/@tailwindcss%2foxide-win32-x64-msvc 2237ms (cache miss)
606 silly packumentCache corgi:https://registry.npmjs.org/@tailwindcss%2foxide-win32-x64-msvc set size:undefined disposed:false
607 http fetch GET 200 https://registry.npmjs.org/semver 2312ms (cache miss)
608 silly packumentCache corgi:https://registry.npmjs.org/semver set size:undefined disposed:false
609 http cache https://registry.npmjs.org/chalk/-/chalk-4.1.2.tgz 100ms (cache hit)
610 http cache https://registry.npmjs.org/napi-postinstall/-/napi-postinstall-0.3.4.tgz 116ms (cache hit)
611 http cache https://registry.npmjs.org/nanoid/-/nanoid-3.3.18.tgz 107ms (cache hit)
612 http fetch GET 200 https://registry.npmjs.org/@eslint%2fconfig-helpers 2350ms (cache miss)
613 silly packumentCache corgi:https://registry.npmjs.org/@eslint%2fconfig-helpers set size:undefined disposed:false
614 http fetch GET 200 https://registry.npmjs.org/json5 2390ms (cache miss)
615 silly packumentCache corgi:https://registry.npmjs.org/json5 set size:undefined disposed:false
616 http cache https://registry.npmjs.org/semver/-/semver-7.8.5.tgz 106ms (cache hit)
617 http fetch GET 200 https://registry.npmjs.org/acorn 2419ms (cache miss)
618 silly packumentCache corgi:https://registry.npmjs.org/acorn set size:undefined disposed:false
619 http fetch GET 200 https://registry.npmjs.org/esquery 2444ms (cache miss)
620 silly packumentCache corgi:https://registry.npmjs.org/esquery set size:undefined disposed:false
621 http fetch GET 200 https://registry.npmjs.org/@tailwindcss/oxide-win32-x64-msvc/-/oxide-win32-x64-msvc-4.3.3.tgz 228ms (cache revalidated)
622 http cache https://registry.npmjs.org/json5/-/json5-1.0.2.tgz 122ms (cache hit)
623 http cache https://registry.npmjs.org/acorn/-/acorn-8.18.0.tgz 118ms (cache hit)
624 http cache https://registry.npmjs.org/esquery/-/esquery-1.7.0.tgz 90ms (cache hit)
625 http fetch GET 200 https://registry.npmjs.org/@eslint/config-helpers/-/config-helpers-0.4.2.tgz 212ms (cache revalidated)
626 http fetch GET 200 https://registry.npmjs.org/next 3188ms (cache miss)
627 silly packumentCache corgi:https://registry.npmjs.org/next set size:undefined disposed:false
628 warn deprecated eslint@9.39.5: This version is no longer supported. Please see https://eslint.org/version-support for other options.
629 http fetch GET 200 https://registry.npmjs.org/@typescript-eslint%2fscope-manager 10640ms (cache miss)
630 silly packumentCache corgi:https://registry.npmjs.org/@typescript-eslint%2fscope-manager set size:undefined disposed:false
631 http fetch GET 200 https://registry.npmjs.org/@typescript-eslint/scope-manager/-/scope-manager-8.70.0.tgz 323ms (cache revalidated)
632 http fetch GET 200 https://registry.npmjs.org/es-abstract/-/es-abstract-1.24.2.tgz 12194ms (cache miss)
633 http fetch GET 200 https://registry.npmjs.org/typescript/-/typescript-5.9.3.tgz 13510ms (cache miss)
634 warn cleanup Failed to remove some directories [
634 warn cleanup   [
634 warn cleanup     '\\\\?\\C:\\Users\\tarrs\\Documents\\Codex\\2026-09-08\\build-x20\\frontend\\node_modules\\next',
634 warn cleanup     [Error: ENOTEMPTY: directory not empty, rmdir 'C:\Users\tarrs\Documents\Codex\2026-09-08\build-x20\frontend\node_modules\next\dist\compiled\react-server-dom-webpack-experimental'] {
634 warn cleanup       errno: -4051,
634 warn cleanup       code: 'ENOTEMPTY',
634 warn cleanup       syscall: 'rmdir',
634 warn cleanup       path: 'C:\\Users\\tarrs\\Documents\\Codex\\2026-09-08\\build-x20\\frontend\\node_modules\\next\\dist\\compiled\\react-server-dom-webpack-experimental'
634 warn cleanup     }
634 warn cleanup   ],
634 warn cleanup   [
634 warn cleanup     'C:\\Users\\tarrs\\Documents\\Codex\\2026-09-08\\build-x20\\frontend\\node_modules\\next',
634 warn cleanup     [Error: ENOTEMPTY: directory not empty, rmdir 'C:\Users\tarrs\Documents\Codex\2026-09-08\build-x20\frontend\node_modules\next\dist\compiled\react-server-dom-webpack-experimental'] {
634 warn cleanup       errno: -4051,
634 warn cleanup       code: 'ENOTEMPTY',
634 warn cleanup       syscall: 'rmdir',
634 warn cleanup       path: 'C:\\Users\\tarrs\\Documents\\Codex\\2026-09-08\\build-x20\\frontend\\node_modules\\next\\dist\\compiled\\react-server-dom-webpack-experimental'
634 warn cleanup     }
634 warn cleanup   ]
634 warn cleanup ]
635 verbose stack Error: ENOTEMPTY: directory not empty, rmdir 'C:\Users\tarrs\Documents\Codex\2026-09-08\build-x20\frontend\node_modules\react-dom\cjs'
636 error code ENOTEMPTY
637 error syscall rmdir
638 error path C:\Users\tarrs\Documents\Codex\2026-09-08\build-x20\frontend\node_modules\react-dom\cjs
639 error errno -4051
640 error ENOTEMPTY: directory not empty, rmdir 'C:\Users\tarrs\Documents\Codex\2026-09-08\build-x20\frontend\node_modules\react-dom\cjs'
641 silly unfinished npm timer reify 1788884899637
642 silly unfinished npm timer reify:unpack 1788884906186
643 silly unfinished npm timer reifyNode:node_modules/react-dom 1788884906188
644 silly unfinished npm timer reifyNode:node_modules/next 1788884906188
645 verbose cwd C:\Users\tarrs\Documents\Codex\2026-09-08\build-x20\frontend
646 verbose os Windows_NT 10.0.26200
647 verbose node v24.20.0
648 verbose npm  v11.19.0
649 verbose exit -4051
650 verbose code -4051
651 error A complete log of this run can be found in: C:\Users\tarrs\Documents\Codex\2026-09-08\build-x20\frontend\.npm-cache\_logs\2026-09-08T16_28_18_800Z-debug-0.log
